contracts	Run npm run check	﻿2026-09-10T04:58:56.2532464Z ##[group]Run npm run check
contracts	Run npm run check	2026-09-10T04:58:56.2532726Z ^[[36;1mnpm run check^[[0m
contracts	Run npm run check	2026-09-10T04:58:56.2565360Z shell: /usr/bin/bash -e {0}
contracts	Run npm run check	2026-09-10T04:58:56.2565583Z ##[endgroup]
contracts	Run npm run check	2026-09-10T04:58:56.3337426Z 
contracts	Run npm run check	2026-09-10T04:58:56.3338133Z > di-bag@0.1.0 check
contracts	Run npm run check	2026-09-10T04:58:56.3338756Z > npm run typecheck && npm test && npm run build
contracts	Run npm run check	2026-09-10T04:58:56.3339103Z 
contracts	Run npm run check	2026-09-10T04:58:56.4131457Z 
contracts	Run npm run check	2026-09-10T04:58:56.4132062Z > di-bag@0.1.0 typecheck
contracts	Run npm run check	2026-09-10T04:58:56.4132394Z > tsc6 -p tsconfig.json
contracts	Run npm run check	2026-09-10T04:58:56.4132540Z 
contracts	Run npm run check	2026-09-10T04:59:03.4645075Z 
contracts	Run npm run check	2026-09-10T04:59:03.4645721Z > di-bag@0.1.0 test
contracts	Run npm run check	2026-09-10T04:59:03.4646120Z > bun test tests
contracts	Run npm run check	2026-09-10T04:59:03.4646304Z 
contracts	Run npm run check	2026-09-10T04:59:03.4691863Z bun test v1.4.0 (34cbb9a40)
contracts	Run npm run check	2026-09-10T04:59:03.4727097Z 
contracts	Run npm run check	2026-09-10T04:59:03.4728559Z ##[group]tests/native-replacement-diagnostics.test.ts:
contracts	Run npm run check	2026-09-10T04:59:04.8774248Z (pass) native replacement diagnostics retain every useful primary and supplemental message [1395.44ms]
contracts	Run npm run check	2026-09-10T04:59:04.8776082Z (pass) strict replacement audit requires useful primary text at its own region [0.31ms]
contracts	Run npm run check	2026-09-10T04:59:04.8785063Z (pass) strict replacement audit requires exact supplemental code and text [0.28ms]
contracts	Run npm run check	2026-09-10T04:59:04.8786025Z (pass) replacement audit keeps its ten source fixtures independent of native gap comments [0.10ms]
contracts	Run npm run check	2026-09-10T04:59:04.8787042Z (pass) replacement audit rejects a fixture when its marker and invalid expression both disappear [0.13ms]
contracts	Run npm run check	2026-09-10T04:59:04.8787534Z 
contracts	Run npm run check	2026-09-10T04:59:04.8788020Z ##[endgroup]
contracts	Run npm run check	2026-09-10T04:59:04.8788171Z 
contracts	Run npm run check	2026-09-10T04:59:04.8788528Z ##[group]tests/platform-deno.test.ts:
contracts	Run npm run check	2026-09-10T04:59:04.8975434Z (pass) portable root contract has host-independent semantics [3.92ms]
contracts	Run npm run check	2026-09-10T04:59:04.8976206Z (pass) portable inspection proof rejects nonobjects and inexact or unfrozen metadata [0.13ms]
contracts	Run npm run check	2026-09-10T04:59:04.8985947Z (pass) Deno child validation requires canonical output from the local installed archive [0.92ms]
contracts	Run npm run check	2026-09-10T04:59:04.8988516Z (pass) Deno child validation fails closed when the expected installation is absent [0.24ms]
contracts	Run npm run check	2026-09-10T04:59:04.9300958Z (pass) an unprovisioned Deno pin yields an explicit unavailable row without touching the archive [31.20ms]
contracts	Run npm run check	2026-09-10T04:59:04.9301381Z 
contracts	Run npm run check	2026-09-10T04:59:04.9301744Z ##[endgroup]
contracts	Run npm run check	2026-09-10T04:59:04.9301945Z 
contracts	Run npm run check	2026-09-10T04:59:04.9302327Z ##[group]tests/final-adversarial-integration.test.ts:
contracts	Run npm run check	2026-09-10T04:59:04.9494325Z (pass) I1 preserves its deterministic adversarial source oracle [16.87ms]
contracts	Run npm run check	2026-09-10T04:59:04.9607354Z (pass) I2 preserves its deterministic adversarial source oracle [11.35ms]
contracts	Run npm run check	2026-09-10T04:59:04.9705070Z (pass) I3 preserves its deterministic adversarial source oracle [8.62ms]
contracts	Run npm run check	2026-09-10T04:59:04.9776932Z (pass) I4 preserves its deterministic adversarial source oracle [8.35ms]
contracts	Run npm run check	2026-09-10T04:59:04.9856110Z (pass) I5 preserves its deterministic adversarial source oracle [7.90ms]
contracts	Run npm run check	2026-09-10T04:59:04.9935494Z (pass) I6 preserves its deterministic adversarial source oracle [7.93ms]
contracts	Run npm run check	2026-09-10T04:59:05.0014619Z (pass) I7 preserves its deterministic adversarial source oracle [7.88ms]
contracts	Run npm run check	2026-09-10T04:59:05.0087563Z (pass) I8 preserves its deterministic adversarial source oracle [7.30ms]
contracts	Run npm run check	2026-09-10T04:59:05.0158029Z (pass) I9 preserves its deterministic adversarial source oracle [7.05ms]
contracts	Run npm run check	2026-09-10T04:59:05.0227762Z (pass) I10 preserves its deterministic adversarial source oracle [6.95ms]
contracts	Run npm run check	2026-09-10T04:59:05.0299650Z (pass) I11 preserves its deterministic adversarial source oracle [6.94ms]
contracts	Run npm run check	2026-09-10T04:59:05.0385701Z (pass) I13 preserves its deterministic adversarial source oracle [8.86ms]
contracts	Run npm run check	2026-09-10T04:59:05.0476580Z (pass) I12 disposes accepted late ownership before independent immediate ownership [6.95ms]
contracts	Run npm run check	2026-09-10T04:59:05.0477361Z 
contracts	Run npm run check	2026-09-10T04:59:05.0478018Z ##[endgroup]
contracts	Run npm run check	2026-09-10T04:59:05.0478457Z 
contracts	Run npm run check	2026-09-10T04:59:05.0478991Z ##[group]tests/token-scale.test.ts:
contracts	Run npm run check	2026-09-10T04:59:07.5985851Z (pass) token scale: 100 bindings valid [2552.40ms]
contracts	Run npm run check	2026-09-10T04:59:10.1475447Z (pass) token scale: 100 bindings missing-final-token [2548.94ms]
contracts	Run npm run check	2026-09-10T04:59:12.7205481Z (pass) token scale: 100 bindings mismatched-invariant-service [2572.96ms]
contracts	Run npm run check	2026-09-10T04:59:16.0385364Z (pass) token scale: 100 modules valid [3317.98ms]
contracts	Run npm run check	2026-09-10T04:59:19.4960200Z (pass) token scale: 100 modules missing-final-token [3457.49ms]
contracts	Run npm run check	2026-09-10T04:59:22.7545554Z (pass) token scale: 100 modules mismatched-invariant-service [3258.51ms]
contracts	Run npm run check	2026-09-10T04:59:22.7577571Z 
contracts	Run npm run check	2026-09-10T04:59:22.7578375Z ##[endgroup]
contracts	Run npm run check	2026-09-10T04:59:22.7578545Z 
contracts	Run npm run check	2026-09-10T04:59:22.7578877Z ##[group]tests/plugins.test.ts:
contracts	Run npm run check	2026-09-10T04:59:22.7602696Z (pass) plugin validation retains raw source ownership on success and failure [0.63ms]
contracts	Run npm run check	2026-09-10T04:59:22.7604625Z (pass) plugin descriptor requires own protocol fields before factory effects [0.21ms]
contracts	Run npm run check	2026-09-10T04:59:22.7605683Z (pass) plugin preflight validates dependencies and options before descriptor reads [0.12ms]
contracts	Run npm run check	2026-09-10T04:59:22.7607829Z (pass) plugin descriptor preflight preserves accessor errors and ignores extra getters [0.20ms]
contracts	Run npm run check	2026-09-10T04:59:22.7611530Z (pass) plugin snapshots dependencies, options and callbacks before later mutation [0.35ms]
contracts	Run npm run check	2026-09-10T04:59:22.7616269Z (pass) plugin routes required optional lazy and all dependency references positionally [0.44ms]
contracts	Run npm run check	2026-09-10T04:59:22.7622041Z (pass) raw plugin validation does not assimilate values or validator results [0.54ms]
contracts	Run npm run check	2026-09-10T04:59:22.7629326Z (pass) native plugin validates fulfilled values, caches final output and releases source ownership [0.26ms]
contracts	Run npm run check	2026-09-10T04:59:22.7630392Z (pass) native plugin rejection and output validation preserve causes and ownership [0.46ms]
contracts	Run npm run check	2026-09-10T04:59:22.7631065Z (pass) native plugins require a genuine Promise source [0.21ms]
contracts	Run npm run check	2026-09-10T04:59:22.7635608Z (pass) startup rollback releases an accepted plugin source once [0.42ms]
contracts	Run npm run check	2026-09-10T04:59:22.7638764Z (pass) plugin callbacks use no receiver and preserve factory and validator failures [0.34ms]
contracts	Run npm run check	2026-09-10T04:59:22.7647826Z (pass) plugin composition retains module privacy, aliases, contributions and selected sharing [0.89ms]
contracts	Run npm run check	2026-09-10T04:59:22.7650634Z (pass) plugin observers retain the canonical acquisition and cleanup events [0.28ms]
contracts	Run npm run check	2026-09-10T04:59:22.7652982Z (pass) native plugin readiness waits for source validation [0.23ms]
contracts	Run npm run check	2026-09-10T04:59:22.7655343Z (pass) plugin close waits for accepted disposer cleanup exactly once [0.23ms]
contracts	Run npm run check	2026-09-10T04:59:22.7658418Z (pass) plugin validation errors survive one failed retirement cleanup [0.30ms]
contracts	Run npm run check	2026-09-10T04:59:22.7661322Z (pass) plugin observer lifecycle events identify its canonical acquisition [0.27ms]
contracts	Run npm run check	2026-09-10T04:59:22.7661707Z 
contracts	Run npm run check	2026-09-10T04:59:22.7662099Z ##[endgroup]
contracts	Run npm run check	2026-09-10T04:59:22.7662254Z 
contracts	Run npm run check	2026-09-10T04:59:22.7662579Z ##[group]tests/platform-tools.test.ts:
contracts	Run npm run check	2026-09-10T04:59:22.7733316Z (pass) tool capture binds the actual artifact and exact observed version output [6.19ms]
contracts	Run npm run check	2026-09-10T04:59:22.8122568Z (pass) tool capture rejects wrong versions, substring matches and unsuccessful probes [38.83ms]
contracts	Run npm run check	2026-09-10T04:59:22.8122988Z 
contracts	Run npm run check	2026-09-10T04:59:22.8123369Z ##[endgroup]
contracts	Run npm run check	2026-09-10T04:59:22.8123469Z 
contracts	Run npm run check	2026-09-10T04:59:22.8123699Z ##[group]tests/observers.test.ts:
contracts	Run npm run check	2026-09-10T04:59:22.8138238Z (pass) observers preserve raw identity and explicit ownership [0.46ms]
contracts	Run npm run check	2026-09-10T04:59:22.8140754Z (pass) ready follows the final native stage while retaining exposed identity [0.25ms]
contracts	Run npm run check	2026-09-10T04:59:22.8144463Z (pass) observer failure monitoring handles throws, rejection and throwing then without gating shutdown [0.33ms]
contracts	Run npm run check	2026-09-10T04:59:22.8148467Z (pass) configuration snapshots callbacks, appends in order and retains classification [0.42ms]
contracts	Run npm run check	2026-09-10T04:59:22.8150496Z (pass) reentrant observer resolution runs outside factory ancestry and respects published close [0.19ms]
contracts	Run npm run check	2026-09-10T04:59:22.8157802Z (pass) canonical owners distinguish shared roots, independent forks, contributions and transients [0.71ms]
contracts	Run npm run check	2026-09-10T04:59:22.8162092Z (pass) failed final projections retire accepted ownership once and preserve cleanup errors [0.43ms]
contracts	Run npm run check	2026-09-10T04:59:22.8163933Z (pass) intermediate native failure bypassed by raw projection is not final failure [0.18ms]
contracts	Run npm run check	2026-09-10T04:59:22.8168326Z (pass) private module frames are immutable snapshots without freezing application metadata [0.43ms]
contracts	Run npm run check	2026-09-10T04:59:22.8171988Z (pass) startup rollback observes accepted cleanup while preserving the startup cause [0.36ms]
contracts	Run npm run check	2026-09-10T04:59:22.8177800Z (pass) cancellation observes late accepted resources and final failure without awaiting telemetry [0.56ms]
contracts	Run npm run check	2026-09-10T04:59:22.8179706Z (pass) throwing-then error sink results are consumed and appending duplicates keeps every callback [0.18ms]
contracts	Run npm run check	2026-09-10T04:59:22.8181607Z (pass) delivery keeps emission order across immutable appended facade configurations [0.18ms]
contracts	Run npm run check	2026-09-10T04:59:22.8181899Z 
contracts	Run npm run check	2026-09-10T04:59:22.8182305Z ##[endgroup]
contracts	Run npm run check	2026-09-10T04:59:22.8182445Z 
contracts	Run npm run check	2026-09-10T04:59:22.8183102Z ##[group]tests/performance-baseline.test.ts:
contracts	Run npm run check	2026-09-10T04:59:22.9058845Z (pass) review requires median, p95 and paired interval regression predicates together [83.30ms]
contracts	Run npm run check	2026-09-10T04:59:22.9176254Z (pass) ordinary hosts remain informational even when every review threshold is met [11.80ms]
contracts	Run npm run check	2026-09-10T04:59:22.9178582Z (pass) paired verdict validates the exact 31-sample protocol and unsigned seed [0.26ms]
contracts	Run npm run check	2026-09-10T04:59:22.9181298Z (pass) seeded execution order is reproducible, balanced and alternates pair orientation [0.27ms]
contracts	Run npm run check	2026-09-10T04:59:22.9201528Z (pass) paired collection runs serial warmups and retains samples in pair index order [1.98ms]
contracts	Run npm run check	2026-09-10T04:59:22.9203635Z (pass) paired collection journals a rejected execution before validation stops the run [0.23ms]
contracts	Run npm run check	2026-09-10T04:59:22.9205980Z (pass) comparison command accepts an exact pinned baseline and unsigned seed only [0.23ms]
contracts	Run npm run check	2026-09-10T04:59:22.9493380Z (pass) comparison row validation rejects incomplete, unsafe and unpaired evidence [28.63ms]
contracts	Run npm run check	2026-09-10T04:59:22.9495133Z (pass) journaling retains unavailable and failed terminal rows as well as validated summaries [0.18ms]
contracts	Run npm run check	2026-09-10T04:59:24.8582295Z (pass) baseline archive is built from the exact commit with retained source and tool identities [1908.71ms]
contracts	Run npm run check	2026-09-10T04:59:24.8582872Z 
contracts	Run npm run check	2026-09-10T04:59:24.8583344Z ##[endgroup]
contracts	Run npm run check	2026-09-10T04:59:24.8583493Z 
contracts	Run npm run check	2026-09-10T04:59:24.8583839Z ##[group]tests/token-package.test.ts:
contracts	Run npm run check	2026-09-10T04:59:27.1491308Z (pass) installed node cjs facade shares core tokens, modes and acquisition metadata [33.42ms]
contracts	Run npm run check	2026-09-10T04:59:27.1837105Z (pass) installed node mjs facade shares core tokens, modes and acquisition metadata [34.59ms]
contracts	Run npm run check	2026-09-10T04:59:27.2005720Z (pass) installed bun cjs facade shares core tokens, modes and acquisition metadata [16.84ms]
contracts	Run npm run check	2026-09-10T04:59:27.2156713Z (pass) installed bun mjs facade shares core tokens, modes and acquisition metadata [15.10ms]
contracts	Run npm run check	2026-09-10T04:59:27.2537759Z (pass) installed token composition crosses Node commonjs and the other loader [38.10ms]
contracts	Run npm run check	2026-09-10T04:59:30.2747677Z (pass) installed commonjs token-modules declaration survives emission and unchanged consumption [3020.95ms]
contracts	Run npm run check	2026-09-10T04:59:32.3305622Z (pass) installed commonjs incremental-modules declaration survives emission and unchanged consumption [2054.33ms]
contracts	Run npm run check	2026-09-10T04:59:34.7827184Z (pass) installed commonjs replacement-reflection declaration survives emission and unchanged consumption [2453.60ms]
contracts	Run npm run check	2026-09-10T04:59:34.8305569Z (pass) installed token composition crosses Node module and the other loader [46.65ms]
contracts	Run npm run check	2026-09-10T04:59:37.0195578Z (pass) installed module token-modules declaration survives emission and unchanged consumption [2187.51ms]
contracts	Run npm run check	2026-09-10T04:59:39.0402848Z (pass) installed module incremental-modules declaration survives emission and unchanged consumption [2023.30ms]
contracts	Run npm run check	2026-09-10T04:59:41.7915788Z (pass) installed module replacement-reflection declaration survives emission and unchanged consumption [2751.14ms]
contracts	Run npm run check	2026-09-10T04:59:41.8045454Z 
contracts	Run npm run check	2026-09-10T04:59:41.8046324Z ##[endgroup]
contracts	Run npm run check	2026-09-10T04:59:41.8046934Z 
contracts	Run npm run check	2026-09-10T04:59:41.8049365Z ##[group]tests/boundaries.test.ts:
contracts	Run npm run check	2026-09-10T04:59:41.8121551Z (pass) fork changes only the selected key hidden behind a narrowed override map [1.62ms]
contracts	Run npm run check	2026-09-10T04:59:41.8156222Z (pass) unselected override values and getters never participate [0.17ms]
contracts	Run npm run check	2026-09-10T04:59:41.8164953Z (pass) hidden duplicate additions throw atomically and leave builders reusable [0.32ms]
contracts	Run npm run check	2026-09-10T04:59:41.8166063Z (pass) hidden new keys cannot later silently replace visible registrations [0.15ms]
contracts	Run npm run check	2026-09-10T04:59:41.8166578Z (pass) add snapshots every own entry and validates before producing a builder [0.29ms]
contracts	Run npm run check	2026-09-10T04:59:41.8167098Z (pass) replacement writes its explicit key and preserves earlier builders [0.24ms]
contracts	Run npm run check	2026-09-10T04:59:41.8167900Z (pass) fork requires selected own entries before reading any selected getter [0.32ms]
contracts	Run npm run check	2026-09-10T04:59:41.8168889Z (pass) fork snapshots selection before an override getter mutates the caller tuple [0.15ms]
contracts	Run npm run check	2026-09-10T04:59:41.8169847Z (pass) fork selects indexed tuple entries even when its iterator omits a key [0.10ms]
contracts	Run npm run check	2026-09-10T04:59:41.8170964Z (pass) fork batches selected replacements without using the single-binding graph path [0.22ms]
contracts	Run npm run check	2026-09-10T04:59:41.8172114Z (pass) empty forks reuse the graph without reading unselected values and retain fresh ownership [0.93ms]
contracts	Run npm run check	2026-09-10T04:59:41.8173184Z (pass) selected overrides can depend on richer capabilities of other selected services [0.46ms]
contracts	Run npm run check	2026-09-10T04:59:41.8174330Z (pass) runtime registration validation rejects cloned and forged owned handles [0.21ms]
contracts	Run npm run check	2026-09-10T04:59:41.8175262Z (pass) normalization does not expose mutable ownership registry metadata [0.18ms]
contracts	Run npm run check	2026-09-10T04:59:41.8176076Z (pass) unchecked source Bag construction is not exported [0.02ms]
contracts	Run npm run check	2026-09-10T04:59:41.8176918Z (pass) plain registration maps from another realm retain their own factories [0.67ms]
contracts	Run npm run check	2026-09-10T04:59:41.8177553Z 
contracts	Run npm run check	2026-09-10T04:59:41.8178131Z ##[endgroup]
contracts	Run npm run check	2026-09-10T04:59:41.8178407Z 
contracts	Run npm run check	2026-09-10T04:59:41.8178857Z ##[group]tests/wbs-scope.test.ts:
contracts	Run npm run check	2026-09-10T04:59:41.8344825Z (pass) WBS scopes borrow infrastructure and recreate stores, collectors and services [1.65ms]
contracts	Run npm run check	2026-09-10T04:59:41.8348076Z (pass) an explicitly shared WBS service keeps its original stores and broadcaster [0.47ms]
contracts	Run npm run check	2026-09-10T04:59:41.8351700Z (pass) closing the root disposes its resources but leaves the startup-owned source usable [0.37ms]
contracts	Run npm run check	2026-09-10T04:59:41.8355928Z (pass) startup cleans every owner and discards held announcements when batch work fails [0.42ms]
contracts	Run npm run check	2026-09-10T04:59:41.8365444Z (pass) startup still closes later bags and its source when multiple disposers fail [0.92ms]
contracts	Run npm run check	2026-09-10T04:59:41.8369223Z (pass) a factory cleans partial acquisition before throwing; the bag does not dispose it twice [0.37ms]
contracts	Run npm run check	2026-09-10T04:59:41.8373512Z (pass) the runnable example reports published work and complete shutdown [0.45ms]
contracts	Run npm run check	2026-09-10T04:59:41.8374154Z 
contracts	Run npm run check	2026-09-10T04:59:41.8374782Z ##[endgroup]
contracts	Run npm run check	2026-09-10T04:59:41.8375086Z 
contracts	Run npm run check	2026-09-10T04:59:41.8375517Z ##[group]tests/runtime-scale.test.ts:
contracts	Run npm run check	2026-09-10T04:59:41.9895780Z (pass) closing a deep graph disposes every dependent before its dependency exactly once [150.13ms]
contracts	Run npm run check	2026-09-10T04:59:41.9935162Z (pass) retiring an acquisition touches only its actual incoming consumers [3.04ms]
contracts	Run npm run check	2026-09-10T04:59:41.9965588Z (pass) repeated reads of an existing edge do not traverse the downstream graph again [0.94ms]
contracts	Run npm run check	2026-09-10T04:59:42.0406183Z (pass) late edges across a deep ready graph find cycles without overflowing the stack [47.88ms]
contracts	Run npm run check	2026-09-10T04:59:42.0413020Z (pass) one module lexical map is snapshotted once while external mutations stay isolated [0.79ms]
contracts	Run npm run check	2026-09-10T04:59:42.0413523Z 
contracts	Run npm run check	2026-09-10T04:59:42.0414182Z ##[endgroup]
contracts	Run npm run check	2026-09-10T04:59:42.0414549Z 
contracts	Run npm run check	2026-09-10T04:59:42.0414971Z ##[group]tests/startup.test.ts:
contracts	Run npm run check	2026-09-10T04:59:42.0444973Z (pass) contexts follow acquisition owners through child-first roots and independent forks [1.36ms]
contracts	Run npm run check	2026-09-10T04:59:42.0451684Z (pass) abort listeners cannot reenter any closing scope admission gate [0.71ms]
contracts	Run npm run check	2026-09-10T04:59:42.0456727Z (pass) startup waits for selected native acquisition while leaving unrelated providers lazy [0.50ms]
contracts	Run npm run check	2026-09-10T04:59:42.0462442Z (pass) startup uses native observation with shadowed then and treats raw promises as ready [0.55ms]
contracts	Run npm run check	2026-09-10T04:59:42.0466444Z (pass) a ready native projection starts while its source remains pending until shutdown [0.44ms]
contracts	Run npm run check	2026-09-10T04:59:42.0471499Z (pass) failed native projection aborts a cooperative pending source before cleanup [0.46ms]
contracts	Run npm run check	2026-09-10T04:59:42.0474235Z (pass) sequential startup waits before invoking the next selection [0.26ms]
contracts	Run npm run check	2026-09-10T04:59:42.0480562Z (pass) startup selects genuine tokens and keeps separate owned transient attempts [0.48ms]
contracts	Run npm run check	2026-09-10T04:59:42.0482096Z (pass) late contextual dependencies receive an already aborted owner signal [0.34ms]
contracts	Run npm run check	2026-09-10T04:59:42.0491230Z (pass) startup removes its abort listener on success [0.38ms]
contracts	Run npm run check	2026-09-10T04:59:42.0505084Z (pass) startup removes its abort listener on failure [0.16ms]
contracts	Run npm run check	2026-09-10T04:59:42.0505716Z (pass) startup removes its abort listener on aborted [0.13ms]
contracts	Run npm run check	2026-09-10T04:59:42.0543474Z (pass) startup removes its abort listener on timeout [5.42ms]
contracts	Run npm run check	2026-09-10T04:59:42.0546565Z (pass) startup snapshots option getters once after snapshotting all selected keys [0.30ms]
contracts	Run npm run check	2026-09-10T04:59:42.0552845Z (pass) sequential startup stops after failure and waits for cleanup with original causes [0.61ms]
contracts	Run npm run check	2026-09-10T04:59:42.0555998Z (pass) parallel startup starts later selections after synchronous failure and cleans pending ownership [0.31ms]
contracts	Run npm run check	2026-09-10T04:59:42.0561376Z (pass) aborted rejects before late ownership and exposes eventual cleanup failure [0.54ms]
contracts	Run npm run check	2026-09-10T04:59:42.0614574Z (pass) timeout rejects before late ownership and exposes eventual cleanup failure [5.30ms]
contracts	Run npm run check	2026-09-10T04:59:42.0616908Z (pass) already aborted startup does not invoke any factories [0.26ms]
contracts	Run npm run check	2026-09-10T04:59:42.0620135Z (pass) cancellation can interrupt cleanup after ordinary startup failure [0.30ms]
contracts	Run npm run check	2026-09-10T04:59:42.0622672Z (pass) successful startup removes external cancellation and snapshots indexed selections [0.24ms]
contracts	Run npm run check	2026-09-10T04:59:42.0627532Z (pass) invalid startup inputs reject before factory or unsupported option getter effects [0.48ms]
contracts	Run npm run check	2026-09-10T04:59:42.0627957Z 
contracts	Run npm run check	2026-09-10T04:59:42.0628362Z ##[endgroup]
contracts	Run npm run check	2026-09-10T04:59:42.0628924Z 
contracts	Run npm run check	2026-09-10T04:59:42.0629227Z ##[group]tests/projections.test.ts:
contracts	Run npm run check	2026-09-10T04:59:42.0643674Z (pass) a projected service does not replace its source disposer argument [0.23ms]
contracts	Run npm run check	2026-09-10T04:59:42.0646633Z (pass) an ownership operation on a metadata provider retains earlier ownership [0.25ms]
contracts	Run npm run check	2026-09-10T04:59:42.0652544Z (pass) mapSync receives and returns exact Promise identities [0.56ms]
contracts	Run npm run check	2026-09-10T04:59:42.0654920Z (pass) mapAsync rejects source and projector throws with their original values [0.29ms]
contracts	Run npm run check	2026-09-10T04:59:42.0657374Z (pass) mapAsync awaits recursive projector thenables and source fulfillment [0.23ms]
contracts	Run npm run check	2026-09-10T04:59:42.0660421Z (pass) a failed sync projection releases late source ownership [0.30ms]
contracts	Run npm run check	2026-09-10T04:59:42.0663298Z (pass) a synchronous status projection stays cached after its raw Promise rejects [0.27ms]
contracts	Run npm run check	2026-09-10T04:59:42.0665643Z (pass) ready outer ownership closes before a raw stage accepted later [0.24ms]
contracts	Run npm run check	2026-09-10T04:59:42.0668519Z (pass) failed projections clean only their stages and preserve cached dependencies [0.27ms]
contracts	Run npm run check	2026-09-10T04:59:42.0672460Z (pass) sync failure starts asynchronous cleanup without waiting and close drains it [0.38ms]
contracts	Run npm run check	2026-09-10T04:59:42.0675217Z (pass) late old ownership cannot evict or dispose a successful retry [0.28ms]
contracts	Run npm run check	2026-09-10T04:59:42.0680125Z (pass) retired cleanup errors keep invocation order and original attempt identities [0.44ms]
contracts	Run npm run check	2026-09-10T04:59:42.0685819Z (pass) a pending source can read dependencies in close after an outer projection is ready [0.55ms]
contracts	Run npm run check	2026-09-10T04:59:42.0688609Z (pass) a pending source can finish dependencies after its outer projection failed [0.28ms]
contracts	Run npm run check	2026-09-10T04:59:42.0691005Z (pass) completed source proxies cannot borrow a pending projection or retry permission [0.23ms]
contracts	Run npm run check	2026-09-10T04:59:42.0693654Z (pass) mapped dependencies still reject genuine acquisition cycles [0.27ms]
contracts	Run npm run check	2026-09-10T04:59:42.0697211Z (pass) asynchronous mappings preserve post-await cycle detection [0.34ms]
contracts	Run npm run check	2026-09-10T04:59:42.0699417Z (pass) a completed source cannot use its still pending asynchronous projector permission [0.20ms]
contracts	Run npm run check	2026-09-10T04:59:42.0702718Z (pass) mapping and added finalizers run receiver-free across metadata operations [0.33ms]
contracts	Run npm run check	2026-09-10T04:59:42.0707341Z (pass) failed outer projections retain owned values until a pending projector finishes using them [0.46ms]
contracts	Run npm run check	2026-09-10T04:59:42.0711199Z (pass) failed exposed acquisition abandons incoming edges while its owned source can acquire the recovered parent [0.37ms]
contracts	Run npm run check	2026-09-10T04:59:42.0711651Z 
contracts	Run npm run check	2026-09-10T04:59:42.0712194Z ##[endgroup]
contracts	Run npm run check	2026-09-10T04:59:42.0712375Z 
contracts	Run npm run check	2026-09-10T04:59:42.0714289Z ##[group]tests/binding-graph.test.ts:
contracts	Run npm run check	2026-09-10T04:59:42.0731837Z (pass) private bindings with the same label have distinct memoized identities [0.78ms]
contracts	Run npm run check	2026-09-10T04:59:42.0734514Z (pass) an owned private dependency closes after its public dependent [0.26ms]
contracts	Run npm run check	2026-09-10T04:59:42.0736284Z (pass) private Promise-valued bindings preserve their original exposed identity [0.18ms]
contracts	Run npm run check	2026-09-10T04:59:42.0738958Z (pass) graph snapshots preserve lexical private refs while forks use replaced public slots [0.27ms]
contracts	Run npm run check	2026-09-10T04:59:42.0741332Z (pass) batch public bindings preserve ordered duplicates and retained private identities [0.23ms]
contracts	Run npm run check	2026-09-10T04:59:42.0742232Z (pass) an empty public binding batch preserves immutable graph identity [0.03ms]
contracts	Run npm run check	2026-09-10T04:59:42.0743470Z (pass) mutating graph input maps cannot change public lookup or binding descriptions [0.16ms]
contracts	Run npm run check	2026-09-10T04:59:42.0746061Z (pass) cycles through private aliases discovered after await show binding labels [0.25ms]
contracts	Run npm run check	2026-09-10T04:59:42.0746541Z 
contracts	Run npm run check	2026-09-10T04:59:42.0746983Z ##[endgroup]
contracts	Run npm run check	2026-09-10T04:59:42.0747237Z 
contracts	Run npm run check	2026-09-10T04:59:42.0747743Z ##[group]tests/performance-evidence.test.ts:
contracts	Run npm run check	2026-09-10T04:59:42.0768138Z (pass) validates one canonical runtime sample and preserves its provenance [0.60ms]
contracts	Run npm run check	2026-09-10T04:59:42.0772532Z (pass) rejects a correct duration with an incorrect workload checksum [0.44ms]
contracts	Run npm run check	2026-09-10T04:59:42.0781830Z (pass) rejects every semantic control mismatch [0.94ms]
contracts	Run npm run check	2026-09-10T04:59:42.0787547Z (pass) rejects invalid request provenance rather than attaching it to a valid child result [0.54ms]
contracts	Run npm run check	2026-09-10T04:59:42.0792136Z (pass) rejects invalid duration arithmetic and malformed result fields [0.47ms]
contracts	Run npm run check	2026-09-10T04:59:42.0799716Z (pass) requires the resolved public entry to stay inside the real installed package [0.74ms]
contracts	Run npm run check	2026-09-10T04:59:42.0804138Z (pass) rejects noncanonical package and entry paths even when they resolve inside the archive [0.42ms]
contracts	Run npm run check	2026-09-10T04:59:42.0809913Z (pass) parses only one canonical JSON object from a clean successful child [0.58ms]
contracts	Run npm run check	2026-09-10T04:59:42.0814545Z (pass) rejects child timeout, signal, status, stderr and unexpected schema keys [0.44ms]
contracts	Run npm run check	2026-09-10T04:59:42.0820561Z (pass) runtime runner validates the execution returned for the exact request [0.60ms]
contracts	Run npm run check	2026-09-10T04:59:42.0822045Z (pass) computes summary from every raw nanosecond without mutating input [0.16ms]
contracts	Run npm run check	2026-09-10T04:59:42.0823221Z (pass) summary rejects absent, nonpositive and unsafe samples instead of producing invalid arithmetic [0.08ms]
contracts	Run npm run check	2026-09-10T04:59:42.1050058Z (pass) paired bootstrap is seeded, paired and sensitive to seed mutations [22.54ms]
contracts	Run npm run check	2026-09-10T04:59:42.1050971Z (pass) paired bootstrap rejects length, seed, count and denominator errors [0.22ms]
contracts	Run npm run check	2026-09-10T04:59:42.1054607Z (pass) scenario execution awaits only runTimed between clock reads and verifies afterwards [0.32ms]
contracts	Run npm run check	2026-09-10T04:59:42.1056046Z (pass) scenario execution rejects a backwards or zero clock before accepting evidence [0.17ms]
contracts	Run npm run check	2026-09-10T04:59:42.1063889Z (pass) child protocol prepares before timing and emits request identity with verified work [0.75ms]
contracts	Run npm run check	2026-09-10T04:59:42.1083238Z (pass) current-only collection runs five warmups then retains 31 validated samples serially [1.90ms]
contracts	Run npm run check	2026-09-10T04:59:42.1089520Z (pass) collection journals every execution before validation so a late failure retains prior and rejected output [0.63ms]
contracts	Run npm run check	2026-09-10T04:59:42.1091750Z (pass) current evidence validation requires reproducible environment, tools, fixture and source identities [0.22ms]
contracts	Run npm run check	2026-09-10T04:59:42.1099051Z (pass) runtime journals use exclusive per-invocation paths and never truncate prior evidence [0.72ms]
contracts	Run npm run check	2026-09-10T04:59:42.1108440Z (pass) actual child printer writes one canonical newline-terminated object accepted by the parent [0.93ms]
contracts	Run npm run check	2026-09-10T04:59:42.1108942Z 
contracts	Run npm run check	2026-09-10T04:59:42.1109324Z ##[endgroup]
contracts	Run npm run check	2026-09-10T04:59:42.1110026Z 
contracts	Run npm run check	2026-09-10T04:59:42.1110363Z ##[group]tests/acquisition-metadata.test.ts:
contracts	Run npm run check	2026-09-10T04:59:42.1124834Z (pass) metadata is lazy, ordered, copied with hidden symbols, and retained after projection [0.48ms]
contracts	Run npm run check	2026-09-10T04:59:42.1127803Z (pass) immediate metadata retains raw Promise identity, policy, and outer disposer value [0.30ms]
contracts	Run npm run check	2026-09-10T04:59:42.1130455Z (pass) async metadata awaits raw thenables and exposes a native Promise [0.27ms]
contracts	Run npm run check	2026-09-10T04:59:42.1133083Z (pass) native acquisition remains pending and disposes fulfilled values after immediate annotation [0.24ms]
contracts	Run npm run check	2026-09-10T04:59:42.1136834Z (pass) annotation errors preserve original failures, cleanup, and independent retries and scopes [0.39ms]
contracts	Run npm run check	2026-09-10T04:59:42.1139688Z (pass) async annotation rejection cleans source ownership and skips failed sources [0.26ms]
contracts	Run npm run check	2026-09-10T04:59:42.1150170Z (pass) metadata callbacks and returned records reject malformed and asynchronous values [1.02ms]
contracts	Run npm run check	2026-09-10T04:59:42.1158256Z (pass) annotations retain present undefined values and add no ownership [0.80ms]
contracts	Run npm run check	2026-09-10T04:59:42.1172877Z (pass) rejecting accidentally async metadata observes its rejected Promise in both modes [1.45ms]
contracts	Run npm run check	2026-09-10T04:59:42.1180043Z (pass) metadata requires plain records and accepts records without a prototype [0.75ms]
contracts	Run npm run check	2026-09-10T04:59:42.1181708Z (pass) metadata getters are captured exactly once, including an ordinary then field [0.19ms]
contracts	Run npm run check	2026-09-10T04:59:42.1187695Z (pass) metadata retains typed token dependencies and root and transient lifetime caching [0.54ms]
contracts	Run npm run check	2026-09-10T04:59:42.1188196Z 
contracts	Run npm run check	2026-09-10T04:59:42.1188633Z ##[endgroup]
contracts	Run npm run check	2026-09-10T04:59:42.1189161Z 
contracts	Run npm run check	2026-09-10T04:59:42.1189427Z ##[group]tests/disposal.test.ts:
contracts	Run npm run check	2026-09-10T04:59:42.1205131Z (pass) disposal callbacks receive the owned value without a receiver [0.16ms]
contracts	Run npm run check	2026-09-10T04:59:42.1206790Z (pass) withDisposal exposes the value and closes each resolved instance once [0.16ms]
contracts	Run npm run check	2026-09-10T04:59:42.1208082Z (pass) ordinary values are borrowed even when they expose disposal methods [0.13ms]
contracts	Run npm run check	2026-09-10T04:59:42.1209796Z (pass) unresolved and failed factories have no disposal [0.16ms]
contracts	Run npm run check	2026-09-10T04:59:42.1213693Z (pass) throwing then inspection rejects each acquisition until a synchronous retry succeeds [0.37ms]
contracts	Run npm run check	2026-09-10T04:59:42.1218472Z (pass) a PromiseLike with a throwing then getter never reaches the fulfilled-value disposer [0.47ms]
contracts	Run npm run check	2026-09-10T04:59:42.1221580Z (pass) native Promise observer setup failures allow retry and preserve accepted Promise identity [0.30ms]
contracts	Run npm run check	2026-09-10T04:59:42.1223589Z (pass) native Promise ownership observation ignores an own then override [0.20ms]
contracts	Run npm run check	2026-09-10T04:59:42.1226160Z (pass) native Promise subclass ownership ignores an own then override [0.25ms]
contracts	Run npm run check	2026-09-10T04:59:42.1229210Z (pass) native constructor TypeError preserves the original failure and permits retry [0.29ms]
contracts	Run npm run check	2026-09-10T04:59:42.1232756Z (pass) native species TypeError preserves the original failure and permits retry [0.11ms]
contracts	Run npm run check	2026-09-10T04:59:42.1245218Z (pass) pending close observes native settlement without assimilating its species result [0.26ms]
contracts	Run npm run check	2026-09-10T04:59:42.1246454Z (pass) direct structural thenables reject without invoking then or accepting ownership [0.23ms]
contracts	Run npm run check	2026-09-10T04:59:42.1247604Z (pass) explicit structural conversion accepts fulfillment before a subsequent throw [0.15ms]
contracts	Run npm run check	2026-09-10T04:59:42.1248537Z (pass) explicit structural conversion retries rejection and disposes only the fulfilled retry [0.19ms]
contracts	Run npm run check	2026-09-10T04:59:42.1249497Z (pass) cleanup runs in reverse acquisition order through unmanaged intermediates [0.26ms]
contracts	Run npm run check	2026-09-10T04:59:42.1250263Z (pass) async disposers are awaited sequentially and receive fulfilled values [0.75ms]
contracts	Run npm run check	2026-09-10T04:59:42.1258695Z (pass) dependency ordering wins over async completion order [0.83ms]
contracts	Run npm run check	2026-09-10T04:59:42.1263934Z (pass) close drains pending factories and dependencies discovered after await [0.39ms]
contracts	Run npm run check	2026-09-10T04:59:42.1265099Z (pass) pending acquisition failure does not stop cleanup of other resources [0.20ms]
contracts	Run npm run check	2026-09-10T04:59:42.1268341Z (pass) every disposer runs and close aggregates the original cleanup failures [0.45ms]
contracts	Run npm run check	2026-09-10T04:59:42.1271139Z (pass) throwing undefined still rejects close and does not skip other disposers [0.28ms]
contracts	Run npm run check	2026-09-10T04:59:42.1274263Z (pass) reentrant close observes the same barrier even when its disposer rejects [0.29ms]
contracts	Run npm run check	2026-09-10T04:59:42.1277095Z (pass) parent and forks own independent instances and borrowed overrides stay borrowed [0.28ms]
contracts	Run npm run check	2026-09-10T04:59:42.1278907Z (pass) an owned override can replace an ordinary factory [0.20ms]
contracts	Run npm run check	2026-09-10T04:59:42.1281318Z (pass) pending factories can create a chain of synchronous dependencies during close [0.22ms]
contracts	Run npm run check	2026-09-10T04:59:42.1281705Z 
contracts	Run npm run check	2026-09-10T04:59:42.1282098Z ##[endgroup]
contracts	Run npm run check	2026-09-10T04:59:42.1283037Z 
contracts	Run npm run check	2026-09-10T04:59:42.1283339Z ##[group]tests/providers.test.ts:
contracts	Run npm run check	2026-09-10T04:59:42.1401884Z (pass) metadata is a snapshot and inspection never starts a factory [0.57ms]
contracts	Run npm run check	2026-09-10T04:59:42.1408086Z (pass) metadata preflight sees hidden collisions before reading any getters [0.68ms]
contracts	Run npm run check	2026-09-10T04:59:42.1409443Z (pass) metadata additions preserve symbol keys and snapshot accessors once [0.19ms]
contracts	Run npm run check	2026-09-10T04:59:42.1410871Z (pass) runtime rejects copied and forged provider registrations [0.14ms]
contracts	Run npm run check	2026-09-10T04:59:42.1415384Z (pass) inspection follows pending retries without retaining failed attempts or changing disposal [0.41ms]
contracts	Run npm run check	2026-09-10T04:59:42.1420454Z (pass) module rename and fork keep metadata with the actual binding [0.49ms]
contracts	Run npm run check	2026-09-10T04:59:42.1422042Z (pass) plain registrations expose empty metadata and frames, including creating snapshots [0.17ms]
contracts	Run npm run check	2026-09-10T04:59:42.1424560Z (pass) metadata preserves synchronous ownership and borrowed cleanup methods [0.21ms]
contracts	Run npm run check	2026-09-10T04:59:42.1426190Z (pass) provider execution captures projected values and acquisition frames [0.20ms]
contracts	Run npm run check	2026-09-10T04:59:42.1426559Z 
contracts	Run npm run check	2026-09-10T04:59:42.1426978Z ##[endgroup]
contracts	Run npm run check	2026-09-10T04:59:42.1428613Z 
contracts	Run npm run check	2026-09-10T04:59:42.1429038Z ##[group]tests/acquisition.test.ts:
contracts	Run npm run check	2026-09-10T04:59:42.1438799Z (pass) a retry does not inherit the identity of a caught failed attempt [0.17ms]
contracts	Run npm run check	2026-09-10T04:59:42.1442685Z (pass) a caught rejected attempt does not retarget its incoming edge to the retry [0.38ms]
contracts	Run npm run check	2026-09-10T04:59:42.1449307Z (pass) shutdown preserves every cleanup cause and its acquisition identity [0.66ms]
contracts	Run npm run check	2026-09-10T04:59:42.1450189Z (pass) cleanup diagnostics snapshot caller records without cloning the original cause [0.08ms]
contracts	Run npm run check	2026-09-10T04:59:42.1457335Z (pass) a failed attempt cannot borrow its pending retry permission to acquire during close [0.70ms]
contracts	Run npm run check	2026-09-10T04:59:42.1460397Z (pass) a completed factory cannot start late acquisitions while another factory drains [0.24ms]
contracts	Run npm run check	2026-09-10T04:59:42.1461603Z (pass) a retained failed proxy follows live dependencies without traversing removed attempts [0.19ms]
contracts	Run npm run check	2026-09-10T04:59:42.1462075Z 
contracts	Run npm run check	2026-09-10T04:59:42.1462337Z ##[endgroup]
contracts	Run npm run check	2026-09-10T04:59:42.1462617Z 
contracts	Run npm run check	2026-09-10T04:59:42.1462941Z ##[group]tests/composition-adapters.test.ts:
contracts	Run npm run check	2026-09-10T04:59:42.1477339Z (pass) class adapters construct lazily with private fields, inherited prototypes and new.target [0.40ms]
contracts	Run npm run check	2026-09-10T04:59:42.1478929Z (pass) constructor validation invokes neither the constructor nor its prototype getter [0.17ms]
contracts	Run npm run check	2026-09-10T04:59:42.1482899Z (pass) function adapters pass positional values exactly and support explicitly bound receivers [0.37ms]
contracts	Run npm run check	2026-09-10T04:59:42.1486172Z (pass) optional and rest function and constructor arguments follow selected positions [0.34ms]
contracts	Run npm run check	2026-09-10T04:59:42.1491111Z (pass) function adapters snapshot indexed tokens and ignore custom iterators [0.49ms]
contracts	Run npm run check	2026-09-10T04:59:42.1493498Z (pass) function adapters reject invalid declaration inputs before user effects [0.23ms]
contracts	Run npm run check	2026-09-10T04:59:42.1496318Z (pass) function acquisition failures retry and disposal is explicit [0.27ms]
contracts	Run npm run check	2026-09-10T04:59:42.1497522Z (pass) class adapters snapshot indexed tokens and ignore custom iterators [0.12ms]
contracts	Run npm run check	2026-09-10T04:59:42.1498648Z (pass) class adapters reject invalid declaration inputs before user effects [0.11ms]
contracts	Run npm run check	2026-09-10T04:59:42.1499729Z (pass) class acquisition failures retry and disposal is explicit [0.08ms]
contracts	Run npm run check	2026-09-10T04:59:42.1502578Z (pass) raw and native adapters retain Promise identity and select the disposal value [0.24ms]
contracts	Run npm run check	2026-09-10T04:59:42.1505189Z (pass) raw class adapters preserve thenables and auto rejects them without assimilation [0.26ms]
contracts	Run npm run check	2026-09-10T04:59:42.1506144Z (pass) automatic adapters require runtime classification before acquisition [0.12ms]
contracts	Run npm run check	2026-09-10T04:59:42.1511456Z (pass) module token graphs and selected sharing keep ownership and parent dependencies [0.48ms]
contracts	Run npm run check	2026-09-10T04:59:42.1513849Z (pass) strict root class adapters retain root dependencies through child overrides [0.24ms]
contracts	Run npm run check	2026-09-10T04:59:42.1517153Z (pass) native class acquisition preserves constructed promises and disposes their fulfilled value [0.31ms]
contracts	Run npm run check	2026-09-10T04:59:42.1518811Z (pass) rejected function acquisitions retry with the original Promise return [0.20ms]
contracts	Run npm run check	2026-09-10T04:59:42.1521059Z (pass) constructor proxies retain their acquisition trap and original new.target [0.20ms]
contracts	Run npm run check	2026-09-10T04:59:42.1521453Z 
contracts	Run npm run check	2026-09-10T04:59:42.1521776Z ##[endgroup]
contracts	Run npm run check	2026-09-10T04:59:42.1522083Z 
contracts	Run npm run check	2026-09-10T04:59:42.1522426Z ##[group]tests/package.test.ts:
contracts	Run npm run check	2026-09-10T04:59:44.1289427Z (pass) standalone archive contains root and node entries without removed adapters [0.23ms]
contracts	Run npm run check	2026-09-10T04:59:46.5342512Z (pass) feature library inferred token exports survive declaration emission [2405.23ms]
contracts	Run npm run check	2026-09-10T04:59:46.5762605Z (pass) classic installed commonjs archive rejects removed box package entry points [42.04ms]
contracts	Run npm run check	2026-09-10T04:59:46.6275109Z (pass) classic installed commonjs archive returns the full adversarial oracle [51.24ms]
contracts	Run npm run check	2026-09-10T04:59:46.7030504Z (pass) Node commonjs consumers can resolve and dispose through the public package [75.49ms]
contracts	Run npm run check	2026-09-10T04:59:46.7355152Z (pass) Node commonjs observes local and foreign native subclass state directly [32.45ms]
contracts	Run npm run check	2026-09-10T04:59:48.0790486Z (pass) TypeScript commonjs consumers can use the emitted declarations [1342.16ms]
contracts	Run npm run check	2026-09-10T04:59:49.1499245Z (pass) TypeScript commonjs emitted provider contracts: plugins.ts [1072.24ms]
contracts	Run npm run check	2026-09-10T04:59:50.1995245Z (pass) TypeScript commonjs emitted provider contracts: negative/plugins.ts [1049.51ms]
contracts	Run npm run check	2026-09-10T04:59:51.1152517Z (pass) TypeScript commonjs emitted provider contracts: observers.ts [915.76ms]
contracts	Run npm run check	2026-09-10T04:59:52.0876228Z (pass) TypeScript commonjs emitted provider contracts: negative/observers.ts [972.36ms]
contracts	Run npm run check	2026-09-10T04:59:53.6407200Z (pass) TypeScript commonjs emitted provider contracts: contributions.ts [1553.07ms]
contracts	Run npm run check	2026-09-10T04:59:55.2673061Z (pass) TypeScript commonjs emitted provider contracts: negative/contributions.ts [1625.86ms]
contracts	Run npm run check	2026-09-10T04:59:56.7153566Z (pass) TypeScript commonjs emitted provider contracts: aliases.ts [1448.69ms]
contracts	Run npm run check	2026-09-10T04:59:58.3471261Z (pass) TypeScript commonjs emitted provider contracts: negative/aliases.ts [1631.28ms]
contracts	Run npm run check	2026-09-10T04:59:59.7935030Z (pass) TypeScript commonjs emitted provider contracts: dependency-references.ts [1446.79ms]
contracts	Run npm run check	2026-09-10T05:00:01.3034382Z (pass) TypeScript commonjs emitted provider contracts: negative/dependency-references.ts [1509.94ms]
contracts	Run npm run check	2026-09-10T05:00:02.4108516Z (pass) TypeScript commonjs emitted provider contracts: composition-adapters.ts [1107.39ms]
contracts	Run npm run check	2026-09-10T05:00:03.4669859Z (pass) TypeScript commonjs emitted provider contracts: negative/composition-adapters.ts [1056.12ms]
contracts	Run npm run check	2026-09-10T05:00:04.5312001Z (pass) TypeScript commonjs emitted provider contracts: selected-scopes.ts [1064.18ms]
contracts	Run npm run check	2026-09-10T05:00:06.1566600Z (pass) TypeScript commonjs emitted provider contracts: negative/selected-scopes.ts [1625.45ms]
contracts	Run npm run check	2026-09-10T05:00:07.2826820Z (pass) TypeScript commonjs emitted provider contracts: acquisition-mode.ts [1126.01ms]
contracts	Run npm run check	2026-09-10T05:00:08.2847172Z (pass) TypeScript commonjs emitted provider contracts: negative/acquisition-mode.ts [1002.04ms]
contracts	Run npm run check	2026-09-10T05:00:09.2947991Z (pass) TypeScript commonjs emitted provider contracts: scopes.ts [1009.99ms]
contracts	Run npm run check	2026-09-10T05:00:10.3753236Z (pass) TypeScript commonjs emitted provider contracts: negative/scopes.ts [1080.50ms]
contracts	Run npm run check	2026-09-10T05:00:11.7954208Z (pass) TypeScript commonjs emitted provider contracts: lifetimes.ts [1420.09ms]
contracts	Run npm run check	2026-09-10T05:00:13.4487343Z (pass) TypeScript commonjs emitted provider contracts: negative/lifetimes.ts [1653.25ms]
contracts	Run npm run check	2026-09-10T05:00:14.7112784Z (pass) TypeScript commonjs emitted provider contracts: tokens.ts [1262.48ms]
contracts	Run npm run check	2026-09-10T05:00:15.9747199Z (pass) TypeScript commonjs emitted provider contracts: negative/tokens.ts [1263.48ms]
contracts	Run npm run check	2026-09-10T05:00:17.0235499Z (pass) TypeScript commonjs emitted provider contracts: negative/token-modules.ts [1048.79ms]
contracts	Run npm run check	2026-09-10T05:00:18.0123646Z (pass) TypeScript commonjs emitted provider contracts: token-contracts.ts [988.80ms]
contracts	Run npm run check	2026-09-10T05:00:19.0590434Z (pass) TypeScript commonjs emitted provider contracts: negative/token-contracts.ts [1046.67ms]
contracts	Run npm run check	2026-09-10T05:00:20.2558479Z (pass) TypeScript commonjs emitted provider contracts: providers.ts [1196.78ms]
contracts	Run npm run check	2026-09-10T05:00:21.3331315Z (pass) TypeScript commonjs emitted provider contracts: replacement-context.ts [1077.28ms]
contracts	Run npm run check	2026-09-10T05:00:22.4087598Z (pass) TypeScript commonjs emitted provider contracts: negative/replacement-context.ts [1075.55ms]
contracts	Run npm run check	2026-09-10T05:00:23.4351702Z (pass) TypeScript commonjs emitted provider contracts: negative/provider-boundaries.ts [1026.35ms]
contracts	Run npm run check	2026-09-10T05:00:24.4225072Z (pass) TypeScript commonjs emitted provider contracts: negative/provider-module-metadata.ts [987.30ms]
contracts	Run npm run check	2026-09-10T05:00:25.4988920Z (pass) TypeScript commonjs emitted provider contracts: negative/provider-projections.ts [1076.46ms]
contracts	Run npm run check	2026-09-10T05:00:25.5286302Z (pass) classic installed module archive rejects removed box package entry points [29.74ms]
contracts	Run npm run check	2026-09-10T05:00:25.5780761Z (pass) classic installed module archive returns the full adversarial oracle [49.45ms]
contracts	Run npm run check	2026-09-10T05:00:25.6498031Z (pass) Node module consumers can resolve and dispose through the public package [71.71ms]
contracts	Run npm run check	2026-09-10T05:00:25.6852625Z (pass) Node module observes local and foreign native subclass state directly [35.45ms]
contracts	Run npm run check	2026-09-10T05:00:26.8425768Z (pass) TypeScript module consumers can use the emitted declarations [1157.25ms]
contracts	Run npm run check	2026-09-10T05:00:27.8243896Z (pass) TypeScript module emitted provider contracts: plugins.ts [981.80ms]
contracts	Run npm run check	2026-09-10T05:00:29.1291367Z (pass) TypeScript module emitted provider contracts: negative/plugins.ts [1304.70ms]
contracts	Run npm run check	2026-09-10T05:00:30.2463765Z (pass) TypeScript module emitted provider contracts: observers.ts [1117.22ms]
contracts	Run npm run check	2026-09-10T05:00:31.2424230Z (pass) TypeScript module emitted provider contracts: negative/observers.ts [995.63ms]
contracts	Run npm run check	2026-09-10T05:00:32.6130657Z (pass) TypeScript module emitted provider contracts: contributions.ts [1370.95ms]
contracts	Run npm run check	2026-09-10T05:00:34.1430301Z (pass) TypeScript module emitted provider contracts: negative/contributions.ts [1529.70ms]
contracts	Run npm run check	2026-09-10T05:00:35.3918298Z (pass) TypeScript module emitted provider contracts: aliases.ts [1249.04ms]
contracts	Run npm run check	2026-09-10T05:00:36.8575335Z (pass) TypeScript module emitted provider contracts: negative/aliases.ts [1465.66ms]
contracts	Run npm run check	2026-09-10T05:00:37.9038749Z (pass) TypeScript module emitted provider contracts: dependency-references.ts [1046.35ms]
contracts	Run npm run check	2026-09-10T05:00:39.2016065Z (pass) TypeScript module emitted provider contracts: negative/dependency-references.ts [1297.70ms]
contracts	Run npm run check	2026-09-10T05:00:40.2123972Z (pass) TypeScript module emitted provider contracts: composition-adapters.ts [1010.75ms]
contracts	Run npm run check	2026-09-10T05:00:41.2126130Z (pass) TypeScript module emitted provider contracts: negative/composition-adapters.ts [1000.19ms]
contracts	Run npm run check	2026-09-10T05:00:42.3142369Z (pass) TypeScript module emitted provider contracts: selected-scopes.ts [1101.59ms]
contracts	Run npm run check	2026-09-10T05:00:43.5275595Z (pass) TypeScript module emitted provider contracts: negative/selected-scopes.ts [1212.31ms]
contracts	Run npm run check	2026-09-10T05:00:44.4928935Z (pass) TypeScript module emitted provider contracts: acquisition-mode.ts [966.34ms]
contracts	Run npm run check	2026-09-10T05:00:45.4295726Z (pass) TypeScript module emitted provider contracts: negative/acquisition-mode.ts [936.68ms]
contracts	Run npm run check	2026-09-10T05:00:46.3457181Z (pass) TypeScript module emitted provider contracts: scopes.ts [916.15ms]
contracts	Run npm run check	2026-09-10T05:00:47.3856689Z (pass) TypeScript module emitted provider contracts: negative/scopes.ts [1039.91ms]
contracts	Run npm run check	2026-09-10T05:00:48.8290704Z (pass) TypeScript module emitted provider contracts: lifetimes.ts [1443.42ms]
contracts	Run npm run check	2026-09-10T05:00:50.5003633Z (pass) TypeScript module emitted provider contracts: negative/lifetimes.ts [1671.24ms]
contracts	Run npm run check	2026-09-10T05:00:51.6835485Z (pass) TypeScript module emitted provider contracts: tokens.ts [1183.21ms]
contracts	Run npm run check	2026-09-10T05:00:52.9635505Z (pass) TypeScript module emitted provider contracts: negative/tokens.ts [1279.92ms]
contracts	Run npm run check	2026-09-10T05:00:54.0143013Z (pass) TypeScript module emitted provider contracts: negative/token-modules.ts [1050.76ms]
contracts	Run npm run check	2026-09-10T05:00:55.0059075Z (pass) TypeScript module emitted provider contracts: token-contracts.ts [991.58ms]
contracts	Run npm run check	2026-09-10T05:00:56.0385192Z (pass) TypeScript module emitted provider contracts: negative/token-contracts.ts [1032.57ms]
contracts	Run npm run check	2026-09-10T05:00:57.1930526Z (pass) TypeScript module emitted provider contracts: providers.ts [1154.53ms]
contracts	Run npm run check	2026-09-10T05:00:58.2993680Z (pass) TypeScript module emitted provider contracts: replacement-context.ts [1106.31ms]
contracts	Run npm run check	2026-09-10T05:00:59.4321935Z (pass) TypeScript module emitted provider contracts: negative/replacement-context.ts [1132.80ms]
contracts	Run npm run check	2026-09-10T05:01:00.4925397Z (pass) TypeScript module emitted provider contracts: negative/provider-boundaries.ts [1060.26ms]
contracts	Run npm run check	2026-09-10T05:01:01.4806815Z (pass) TypeScript module emitted provider contracts: negative/provider-module-metadata.ts [988.21ms]
contracts	Run npm run check	2026-09-10T05:01:02.4857259Z (pass) TypeScript module emitted provider contracts: negative/provider-projections.ts [1004.99ms]
contracts	Run npm run check	2026-09-10T05:01:03.4309445Z (pass) unchecked Bag construction is rejected through di-bag [945.19ms]
contracts	Run npm run check	2026-09-10T05:01:05.0095444Z (pass) unchecked Bag construction is rejected through ../src/di-bag [1577.39ms]
contracts	Run npm run check	2026-09-10T05:01:06.1442356Z (pass) unchecked Module construction is rejected through di-bag [1135.88ms]
contracts	Run npm run check	2026-09-10T05:01:07.6040526Z (pass) unchecked Module construction is rejected through ../src/module [1459.86ms]
contracts	Run npm run check	2026-09-10T05:01:08.5236731Z (pass) unchecked Provider construction is rejected through di-bag [918.81ms]
contracts	Run npm run check	2026-09-10T05:01:09.3723375Z (pass) unchecked Provider construction is rejected through ../src/provider [849.39ms]
contracts	Run npm run check	2026-09-10T05:01:10.2791187Z (pass) unchecked Token construction is rejected through di-bag [906.74ms]
contracts	Run npm run check	2026-09-10T05:01:11.0964332Z (pass) unchecked Token construction is rejected through ../src/tokens [817.29ms]
contracts	Run npm run check	2026-09-10T05:01:11.0979546Z 
contracts	Run npm run check	2026-09-10T05:01:11.0980710Z ##[endgroup]
contracts	Run npm run check	2026-09-10T05:01:11.0981672Z 
contracts	Run npm run check	2026-09-10T05:01:11.0982103Z ##[group]tests/benchmark-compiler-controls.test.ts:
contracts	Run npm run check	2026-09-10T05:01:11.1204388Z (pass) negative controls reject a fast compile that lost its marker [0.16ms]
contracts	Run npm run check	2026-09-10T05:01:11.1205698Z (pass) negative controls require exactly one marker at the generated boundary [0.15ms]
contracts	Run npm run check	2026-09-10T05:01:11.1207433Z (pass) valid controls reject diagnostics and case identity substitution [0.07ms]
contracts	Run npm run check	2026-09-10T05:01:11.1208522Z (pass) controls reject invalid work metrics and source provenance drift [0.15ms]
contracts	Run npm run check	2026-09-10T05:01:11.1211361Z (pass) normalizer validates classic work and canonicalizes diagnostic paths [0.44ms]
contracts	Run npm run check	2026-09-10T05:01:11.1213968Z (pass) normalizer extracts native extended metrics without substituting process time [0.25ms]
contracts	Run npm run check	2026-09-10T05:01:11.1232639Z (pass) summary preserves every ordered sample and derives literal statistics [1.84ms]
contracts	Run npm run check	2026-09-10T05:01:11.1255146Z (pass) collector performs five warm-ups then 31 retained samples serially [0.64ms]
contracts	Run npm run check	2026-09-10T05:01:11.1274848Z (pass) catalog contains only the exact nine supported controls [0.05ms]
contracts	Run npm run check	2026-09-10T05:01:11.1284905Z (pass) failed child evidence is journaled before normalization rejects it [0.32ms]
contracts	Run npm run check	2026-09-10T05:01:11.1309668Z (pass) spawn failures are journaled even when no child row exists [0.16ms]
contracts	Run npm run check	2026-09-10T05:01:11.1310269Z 
contracts	Run npm run check	2026-09-10T05:01:11.1310837Z ##[endgroup]
contracts	Run npm run check	2026-09-10T05:01:11.1311128Z 
contracts	Run npm run check	2026-09-10T05:01:11.1311592Z ##[group]tests/platform-evidence.test.ts:
contracts	Run npm run check	2026-09-10T05:01:11.1312448Z (pass) required platform evidence rejects incomplete or unavailable matrices [0.61ms]
contracts	Run npm run check	2026-09-10T05:01:11.1313525Z (pass) local platform identity takes precedence and invalid local identity never falls back [0.61ms]
contracts	Run npm run check	2026-09-10T05:01:11.1314880Z (pass) child evidence rejects noncanonical output, stderr, process failures and the wrong lane [0.82ms]
contracts	Run npm run check	2026-09-10T05:01:11.1650480Z (pass) tool verification rejects explicit unavailability, version drift and hash drift [35.77ms]
contracts	Run npm run check	2026-09-10T05:01:11.1659644Z (pass) tool verification rejects malformed pins and unavailable executables before a lane starts [1.03ms]
contracts	Run npm run check	2026-09-10T05:01:11.1671073Z (pass) pack output requires exactly one archive and empty stderr [1.16ms]
contracts	Run npm run check	2026-09-10T05:01:11.1704682Z (pass) pack output rejects every missing declared export and package document [3.32ms]
contracts	Run npm run check	2026-09-10T05:01:11.1763854Z (pass) packed archive validation catches a missing archive, changed bytes and stale file inventory [5.91ms]
contracts	Run npm run check	2026-09-10T05:01:11.1893638Z (pass) archive inventory is an exact allowlist and package documents match isolated inputs byte-for-byte [12.89ms]
contracts	Run npm run check	2026-09-10T05:01:11.4023222Z (pass) repository manifest verifies every provisioned identity and retains absent tools as unavailable [211.96ms]
contracts	Run npm run check	2026-09-10T05:01:13.1841937Z (pass) isolated classic pack contains only freshly built declared exports and rechecks its hash [1782.85ms]
contracts	Run npm run check	2026-09-10T05:01:13.1884674Z (pass) evidence writer appends stable sorted JSONL under the source/date directory [4.30ms]
contracts	Run npm run check	2026-09-10T05:01:14.9435465Z (pass) platform command writes one sorted matrix and executes every provisioned lane [1753.40ms]
contracts	Run npm run check	2026-09-10T05:01:15.2066723Z (pass) platform evidence module imports under the pinned Node ESM loader [264.69ms]
contracts	Run npm run check	2026-09-10T05:01:15.4479659Z (pass) platform command retains archive failure rows and makes required failures nonzero [241.33ms]
contracts	Run npm run check	2026-09-10T05:01:15.4483774Z (pass) browser metafile parser rejects malformed shapes before resolving inputs [0.49ms]
contracts	Run npm run check	2026-09-10T05:01:15.4484363Z 
contracts	Run npm run check	2026-09-10T05:01:15.4484776Z ##[endgroup]
contracts	Run npm run check	2026-09-10T05:01:15.4489271Z 
contracts	Run npm run check	2026-09-10T05:01:15.4489613Z ##[group]tests/release-artifacts.test.ts:
contracts	Run npm run check	2026-09-10T05:01:15.4592624Z (pass) release documentation contract > adversarial release gates are separately supervised file commands [0.26ms]
contracts	Run npm run check	2026-09-10T05:01:15.4595424Z (pass) release documentation contract > release documents match the frozen package and gate every online command [0.33ms]
contracts	Run npm run check	2026-09-10T05:01:15.4599192Z (pass) release documentation contract > the publication boundary rejects stale, missing, duplicated, and misplaced commands [0.32ms]
contracts	Run npm run check	2026-09-10T05:01:15.4604166Z (pass) release documentation contract > public docs state entry-point, adapter, acquisition, ownership, and release limits [0.49ms]
contracts	Run npm run check	2026-09-10T05:01:15.4605986Z (pass) release artifact scripts > reject unsafe and unsupported manifest arguments [0.22ms]
contracts	Run npm run check	2026-09-10T05:01:15.4606884Z (pass) release artifact scripts > expose guarded parsers and archive inspection [0.03ms]
contracts	Run npm run check	2026-09-10T05:01:15.4607781Z (pass) archive verifier TDD boundary > exports a read-only verifier and strict CLI parser [0.02ms]
contracts	Run npm run check	2026-09-10T05:01:15.4634350Z (pass) safe npm archive parser > returns sorted regular entries and exact package metadata bytes [2.70ms]
contracts	Run npm run check	2026-09-10T05:01:15.4638349Z (pass) safe npm archive parser > rejects absolute name [0.44ms]
contracts	Run npm run check	2026-09-10T05:01:15.4643177Z (pass) safe npm archive parser > rejects traversal [0.49ms]
contracts	Run npm run check	2026-09-10T05:01:15.4646607Z (pass) safe npm archive parser > rejects backslash [0.34ms]
contracts	Run npm run check	2026-09-10T05:01:15.4649932Z (pass) safe npm archive parser > rejects outside package [0.32ms]
contracts	Run npm run check	2026-09-10T05:01:15.4654757Z (pass) safe npm archive parser > rejects duplicate [0.48ms]
contracts	Run npm run check	2026-09-10T05:01:15.4684880Z (pass) safe npm archive parser > rejects prefix collision [0.66ms]
contracts	Run npm run check	2026-09-10T05:01:15.4685828Z (pass) safe npm archive parser > rejects symlink [0.29ms]
contracts	Run npm run check	2026-09-10T05:01:15.4686674Z (pass) safe npm archive parser > rejects hardlink [0.37ms]
contracts	Run npm run check	2026-09-10T05:01:15.4687415Z (pass) safe npm archive parser > rejects fifo [0.36ms]
contracts	Run npm run check	2026-09-10T05:01:15.4688107Z (pass) safe npm archive parser > rejects device [0.36ms]
contracts	Run npm run check	2026-09-10T05:01:15.4688849Z (pass) safe npm archive parser > rejects unknown type [0.35ms]
contracts	Run npm run check	2026-09-10T05:01:15.4689632Z (pass) safe npm archive parser > rejects NUL ambiguity [0.48ms]
contracts	Run npm run check	2026-09-10T05:01:15.4690591Z (pass) safe npm archive parser > rejects entry size ceiling [0.42ms]
contracts	Run npm run check	2026-09-10T05:01:15.4691600Z (pass) safe npm archive parser > rejects checksum [0.37ms]
contracts	Run npm run check	2026-09-10T05:01:15.4696559Z (pass) safe npm archive parser > rejects magic [0.39ms]
contracts	Run npm run check	2026-09-10T05:01:15.4699313Z (pass) safe npm archive parser > rejects numeric NUL suffix [0.32ms]
contracts	Run npm run check	2026-09-10T05:01:15.4704676Z (pass) safe npm archive parser > rejects nonzero padding [0.31ms]
contracts	Run npm run check	2026-09-10T05:01:15.4705901Z (pass) safe npm archive parser > rejects terminator [0.36ms]
contracts	Run npm run check	2026-09-10T05:01:15.4709063Z (pass) safe npm archive parser > rejects trailing junk [0.29ms]
contracts	Run npm run check	2026-09-10T05:01:15.4712024Z (pass) safe npm archive parser > rejects truncated entry [0.30ms]
contracts	Run npm run check	2026-09-10T05:01:15.4715661Z (pass) safe npm archive parser > rejects missing metadata [0.35ms]
contracts	Run npm run check	2026-09-10T05:01:15.4719785Z (pass) safe npm archive parser > rejects invalid and empty gzip bytes [0.41ms]
contracts	Run npm run check	2026-09-10T05:01:15.4728964Z (pass) command evidence runner > parses canonical sorted inputs and preserves argv spaces [0.89ms]
contracts	Run npm run check	2026-09-10T05:01:15.4729783Z (pass) command evidence runner > rejects unsafe argv: bash -c echo hi [0.04ms]
contracts	Run npm run check	2026-09-10T05:01:15.4730475Z (pass) command evidence runner > rejects unsafe argv: npm view di-bag [0.03ms]
contracts	Run npm run check	2026-09-10T05:01:15.4731123Z (pass) command evidence runner > rejects unsafe argv: npm login
contracts	Run npm run check	2026-09-10T05:01:15.4731836Z (pass) command evidence runner > rejects unsafe argv: npm publish a.tgz [0.01ms]
contracts	Run npm run check	2026-09-10T05:01:15.4732542Z (pass) command evidence runner > rejects unsafe argv: npm dist-tag add
contracts	Run npm run check	2026-09-10T05:01:15.4733388Z (pass) command evidence runner > rejects unsafe argv: git push [0.02ms]
contracts	Run npm run check	2026-09-10T05:01:15.4734587Z (pass) command evidence runner > rejects unsafe argv: git tag v1
contracts	Run npm run check	2026-09-10T05:01:15.4735166Z (pass) command evidence runner > rejects unsafe argv: node --registry x
contracts	Run npm run check	2026-09-10T05:01:15.4735826Z (pass) command evidence runner > rejects unsafe argv: node https://registry.npmjs.org
contracts	Run npm run check	2026-09-10T05:01:15.4736431Z (pass) command evidence runner > rejects unsafe argv: node &&
contracts	Run npm run check	2026-09-10T05:01:15.4736975Z (pass) command evidence runner > rejects unsafe argv: node -e thing
contracts	Run npm run check	2026-09-10T05:01:15.4737775Z (pass) command evidence runner > rejects unsafe argv: env npm publish x.tgz
contracts	Run npm run check	2026-09-10T05:01:15.4738345Z (pass) command evidence runner > rejects unsafe argv: env git push
contracts	Run npm run check	2026-09-10T05:01:15.4738906Z (pass) command evidence runner > rejects unsafe argv: npx npm view di-bag
contracts	Run npm run check	2026-09-10T05:01:15.4739456Z (pass) command evidence runner > rejects unsafe argv: bunx tool
contracts	Run npm run check	2026-09-10T05:01:15.4740023Z (pass) command evidence runner > rejects unsafe argv: corepack npm login
contracts	Run npm run check	2026-09-10T05:01:15.4740747Z (pass) command evidence runner > rejects relative, escaping, symlinked, duplicate, and unsupported arguments [0.18ms]
contracts	Run npm run check	2026-09-10T05:01:15.4808326Z (pass) command evidence runner > records stdout, stderr, input hashes, normalized success and record-last evidence [7.46ms]
contracts	Run npm run check	2026-09-10T05:01:15.5144842Z (pass) command evidence runner > rejects timeout, output overflow, nonzero status, and spawn failure without publishing a record [33.56ms]
contracts	Run npm run check	2026-09-10T05:01:15.5150958Z (pass) command evidence runner > rejects injected memory, monitor, signal and spawn outcomes [0.73ms]
contracts	Run npm run check	2026-09-10T05:01:15.5271917Z (pass) command evidence runner > failed reruns and thrown supervisors erase stale success evidence [12.02ms]
contracts	Run npm run check	2026-09-10T05:01:15.5576411Z (pass) command evidence runner > hashes inputs before execution and rolls back orphan logs if record publication fails [30.41ms]
contracts	Run npm run check	2026-09-10T05:01:15.5592171Z (pass) native gap inventory > freezes the exact current zero-gap source authority [1.67ms]
contracts	Run npm run check	2026-09-10T05:01:15.5602200Z (pass) native gap inventory > accepts empty and reviewed fresh inventory while an empty authority rejects a new gap [0.99ms]
contracts	Run npm run check	2026-09-10T05:01:15.5618096Z (pass) native gap inventory > parses the documented relative reviewed root and exact absolute outputs [1.58ms]
contracts	Run npm run check	2026-09-10T05:01:15.5623527Z (pass) release tree hashing > hashes sorted regular paths deterministically [0.55ms]
contracts	Run npm run check	2026-09-10T05:01:15.5700802Z (pass) release tree hashing > rejects empty, symlink, special and unsafe argument layouts [7.69ms]
contracts	Run npm run check	2026-09-10T05:01:15.5702954Z (pass) release tree hashing > detects byte mutations through changed digest [0.24ms]
contracts	Run npm run check	2026-09-10T05:01:15.5713890Z (pass) manifest validation and deterministic projection > manifest fixtures leave root candidate archive existence and bytes unchanged [1.03ms]
contracts	Run npm run check	2026-09-10T05:01:15.5773573Z (pass) manifest validation and deterministic projection > derives immutable archive facts and is deterministic across caller ordering [5.92ms]
contracts	Run npm run check	2026-09-10T05:01:15.5835530Z (pass) manifest validation and deterministic projection > public evidence has no absolute paths and is invariant to final commit and approved observed diff [5.80ms]
contracts	Run npm run check	2026-09-10T05:01:15.5861743Z (pass) manifest validation and deterministic projection > allows canonical SHA-512 SRI only in package integrity fields [3.03ms]
contracts	Run npm run check	2026-09-10T05:01:15.5968116Z (pass) manifest validation and deterministic projection > rejects duplicate/missing packages, bad versions, metadata, pack facts and handoff paths [10.60ms]
contracts	Run npm run check	2026-09-10T05:01:15.6000212Z (pass) manifest validation and deterministic projection > accepts zero reviewed and fresh native gaps and rejects every unexpected fresh occurrence [3.20ms]
contracts	Run npm run check	2026-09-10T05:01:15.6026582Z (pass) manifest validation and deterministic projection > retains nonempty-authority manifest validation for historical candidates [2.63ms]
contracts	Run npm run check	2026-09-10T05:01:15.6068323Z (pass) manifest validation and deterministic projection > rejects failed, malformed-time, duplicate-input and mutated-log command evidence [4.15ms]
contracts	Run npm run check	2026-09-10T05:01:15.6080112Z (pass) manifest validation and deterministic projection > rejects archive containment, symlink escape, absence and replacement facts [1.20ms]
contracts	Run npm run check	2026-09-10T05:01:15.6087303Z (pass) manifest validation and deterministic projection > manifest CLI rejects every non-fixed public target form [0.73ms]
contracts	Run npm run check	2026-09-10T05:01:15.6238113Z (pass) manifest validation and deterministic projection > public projection rejects absolute argv and input paths outside known roots [14.96ms]
contracts	Run npm run check	2026-09-10T05:01:17.3970456Z (pass) archive verifier > independently accepts exact archive, pack, metadata, export, dependency, and public facts [21.01ms]
contracts	Run npm run check	2026-09-10T05:01:17.4965505Z (pass) archive verifier > rejects every archive digest and file-list mismatch [99.48ms]
contracts	Run npm run check	2026-09-10T05:01:17.6318196Z (pass) archive verifier > rejects altered, duplicate, stale, divergent, extra-field, and filename pack JSON [135.27ms]
contracts	Run npm run check	2026-09-10T05:01:17.7707710Z (pass) archive verifier > enforces exact package metadata, exports, and empty dependencies [138.92ms]
contracts	Run npm run check	2026-09-10T05:01:17.9739051Z (pass) archive verifier > rejects malformed dependency, files, and bundled dependency metadata shapes [203.15ms]
contracts	Run npm run check	2026-09-10T05:01:18.5024372Z (pass) archive verifier > rejects forbidden source, test, fixture, dependency, credential, and tarball content [528.44ms]
contracts	Run npm run check	2026-09-10T05:01:18.7407526Z (pass) archive verifier > rejects missing public export pairs and removed adapter entries from archive bytes [238.34ms]
contracts	Run npm run check	2026-09-10T05:01:18.8151496Z (pass) archive verifier > requires byte-identical stable public evidence and rejects missing, stale, malformed, and extra bytes [74.39ms]
contracts	Run npm run check	2026-09-10T05:01:18.8332130Z (pass) archive verifier > rejects malicious archives before creating or running a consumer workdir [18.05ms]
contracts	Run npm run check	2026-09-10T05:01:18.8333221Z (pass) archive verifier > uses one fixed explicit offline install argv with no fallback [0.22ms]
contracts	Run npm run check	2026-09-10T05:01:18.8341027Z (pass) archive verifier > core import tracing rejects bare, self, node builtin, and unresolved relative specifiers [0.79ms]
contracts	Run npm run check	2026-09-10T05:01:19.3695467Z (pass) archive verifier > CLI accepts only canonical contained manifest and empty work directory paths [535.32ms]
contracts	Run npm run check	2026-09-10T05:01:19.3706135Z (pass) archive verifier > direct verifier API rejects outside, relative, aliased, and nonempty work paths before mutation [1.17ms]
contracts	Run npm run check	2026-09-10T05:01:20.0673411Z (pass) archive verifier > binds both declaration compilers to the exact manifest versions before emitting [696.64ms]
contracts	Run npm run check	2026-09-10T05:01:20.0677371Z (pass) archive verifier > matches both I14 diagnostics to their marked regions and expected message fragments [0.47ms]
contracts	Run npm run check	2026-09-10T05:01:23.4581558Z 724 |     expect(matchesReleaseNegativeDiagnostics(source, file, located('unrelated first', 2, 'unrelated second', 4), directory)).toBe(false);
contracts	Run npm run check	2026-09-10T05:01:23.4582630Z 725 |     expect(matchesReleaseNegativeDiagnostics(source, file, located('wanted first', 1, 'wanted second', 2), directory)).toBe(false);
contracts	Run npm run check	2026-09-10T05:01:23.4583100Z 726 |   });
contracts	Run npm run check	2026-09-10T05:01:23.4583596Z 727 |   test('installs owned verified bytes and passes real Node/Bun, CJS/ESM, core-only, and declaration oracles', async () => {
contracts	Run npm run check	2026-09-10T05:01:23.4584794Z 728 |     publish(manifest); const work = resolve(directory, 'real-work'); const result = await verifyReleaseArtifacts(manifestPath, work);
contracts	Run npm run check	2026-09-10T05:01:23.4585448Z 729 |     expect(result, result.failures.join('\n')).toEqual({ ok: true, failures: [] });
contracts	Run npm run check	2026-09-10T05:01:23.4585824Z                                                      ^
contracts	Run npm run check	2026-09-10T05:01:23.4587165Z error: offline consumer verification failed: Error: command failed: {"argv":["/tmp/di-bag-release-candidate/task3-test-2313/checkout/node_modules/.bin/tsc6","-p","/tmp/di-bag-release-candidate/task3-test-2313/real-work/consumer/declarations-classic6-cts/out/tsconfig.classic6.json"],"status":0,"signal":null,"terminationReason":"monitor","stderr":""}
contracts	Run npm run check	2026-09-10T05:01:23.4588134Z 
contracts	Run npm run check	2026-09-10T05:01:23.4588211Z   {
contracts	Run npm run check	2026-09-10T05:01:23.4588388Z -   "failures": [],
contracts	Run npm run check	2026-09-10T05:01:23.4588577Z -   "ok": true,
contracts	Run npm run check	2026-09-10T05:01:23.4588758Z +   "failures": [
contracts	Run npm run check	2026-09-10T05:01:23.4589989Z +     "offline consumer verification failed: Error: command failed: {"argv":["/tmp/di-bag-release-candidate/task3-test-2313/checkout/node_modules/.bin/tsc6","-p","/tmp/di-bag-release-candidate/task3-test-2313/real-work/consumer/declarations-classic6-cts/out/tsconfig.classic6.json"],"status":0,"signal":null,"terminationReason":"monitor","stderr":""}",
contracts	Run npm run check	2026-09-10T05:01:23.4591391Z +   ],
contracts	Run npm run check	2026-09-10T05:01:23.4591553Z +   "ok": false,
contracts	Run npm run check	2026-09-10T05:01:23.4591716Z   }
contracts	Run npm run check	2026-09-10T05:01:23.4591803Z 
contracts	Run npm run check	2026-09-10T05:01:23.4591880Z - Expected  - 2
contracts	Run npm run check	2026-09-10T05:01:23.4592048Z + Received  + 4
contracts	Run npm run check	2026-09-10T05:01:23.4592143Z 
contracts	Run npm run check	2026-09-10T05:01:23.4592401Z       at <anonymous> (/home/runner/work/di-bag/di-bag/tests/release-artifacts.test.ts:729:48)
contracts	Run npm run check	2026-09-10T05:01:23.4592683Z 
contracts	Run npm run check	2026-09-10T05:01:23.4613679Z ##[error]  {
contracts	Run npm run check	-   "failures": [],
contracts	Run npm run check	-   "ok": true,
contracts	Run npm run check	+   "failures": [
contracts	Run npm run check	+     "offline consumer verification failed: Error: command failed: {"argv":["/tmp/di-bag-release-candidate/task3-test-2313/checkout/node_modules/.bin/tsc6","-p","/tmp/di-bag-release-candidate/task3-test-2313/real-work/consumer/declarations-classic6-cts/out/tsconfig.classic6.json"],"status":0,"signal":null,"terminationReason":"monitor","stderr":""}",
contracts	Run npm run check	+   ],
contracts	Run npm run check	+   "ok": false,
contracts	Run npm run check	  }
contracts	Run npm run check	
contracts	Run npm run check	- Expected  - 2
contracts	Run npm run check	+ Received  + 4
contracts	Run npm run check	
contracts	Run npm run check	      at <anonymous> (/home/runner/work/di-bag/di-bag/tests/release-artifacts.test.ts:729:48)
contracts	Run npm run check	2026-09-10T05:01:23.4621777Z (fail) archive verifier > installs owned verified bytes and passes real Node/Bun, CJS/ESM, core-only, and declaration oracles [3390.01ms]
contracts	Run npm run check	2026-09-10T05:01:23.4710276Z (pass) final release audit > validates exactly five roles and produces deterministic non-self-attestation [4.14ms]
contracts	Run npm run check	2026-09-10T05:01:23.4785395Z (pass) final release audit > rejects missing, duplicate, failed, mutated, stale-input and wrong-Git evidence [6.88ms]
contracts	Run npm run check	2026-09-10T05:01:23.5436604Z (pass) final release audit > rejects every invalid retained command field and fixed limit violation [65.67ms]
contracts	Run npm run check	2026-09-10T05:01:23.5440373Z (pass) final release audit > audit CLI rejects wrong output, public location, OIDs, duplicate and extra options [0.44ms]
contracts	Run npm run check	2026-09-10T05:01:23.5450023Z 
contracts	Run npm run check	2026-09-10T05:01:23.5450392Z ##[endgroup]
contracts	Run npm run check	2026-09-10T05:01:23.5453645Z 
contracts	Run npm run check	2026-09-10T05:01:23.5453912Z ##[group]tests/selected-scopes.test.ts:
contracts	Run npm run check	2026-09-10T05:01:23.5494806Z (pass) selected sharing keeps parent dependencies while child overrides stay local [1.01ms]
contracts	Run npm run check	2026-09-10T05:01:23.5514884Z (pass) mixed token selections retain exact borrowed pending values and override bindings [0.42ms]
contracts	Run npm run check	2026-09-10T05:01:23.5515932Z (pass) scope snapshots selections and ignores unselected override getters and tuple iterators [0.33ms]
contracts	Run npm run check	2026-09-10T05:01:23.5516851Z (pass) invalid selections reject before override values or provider effects [0.52ms]
contracts	Run npm run check	2026-09-10T05:01:23.5517668Z (pass) empty selections are lazy and duplicates read each override once [0.30ms]
contracts	Run npm run check	2026-09-10T05:01:23.5518573Z (pass) inherited strict roots keep their graph when a child overrides a dependency as scoped [0.28ms]
contracts	Run npm run check	2026-09-10T05:01:23.5519057Z 
contracts	Run npm run check	2026-09-10T05:01:23.5519456Z ##[endgroup]
contracts	Run npm run check	2026-09-10T05:01:23.5519639Z 
contracts	Run npm run check	2026-09-10T05:01:23.5519954Z ##[group]tests/compiler-case.test.ts:
contracts	Run npm run check	2026-09-10T05:01:23.5520587Z (pass) selected compiler case admits only original matrix identities [0.17ms]
contracts	Run npm run check	2026-09-10T05:01:23.5521368Z (pass) a claimed accepted result cannot hide an original-boundary failure [0.37ms]
contracts	Run npm run check	2026-09-10T05:01:23.5522449Z (pass) direct selected-case calls reject invalid lane and matrix identities before dispatch [0.33ms]
contracts	Run npm run check	2026-09-10T05:01:23.5523489Z (pass) recomputed boundary rejects self-consistent worker evidence at the wrong boundary [0.17ms]
contracts	Run npm run check	2026-09-10T05:01:23.5524590Z (pass) selected evidence rejects sourceCommit drift while compilation runs [0.06ms]
contracts	Run npm run check	2026-09-10T05:01:23.5525446Z (pass) selected evidence rejects sourceStatus drift while compilation runs
contracts	Run npm run check	2026-09-10T05:01:23.5526474Z (pass) selected evidence rejects sourceSha256 drift while compilation runs
contracts	Run npm run check	2026-09-10T05:01:23.5527439Z (pass) selected evidence rejects generatedSha256 drift while compilation runs
contracts	Run npm run check	2026-09-10T05:01:23.5528326Z (pass) native selected evidence preserves the hash of the compiled snapshot [0.05ms]
contracts	Run npm run check	2026-09-10T05:01:23.5529286Z (pass) compiler CLI deterministically selects exit status from simulated evidence [0.03ms]
contracts	Run npm run check	2026-09-10T05:01:23.5530243Z (pass) classic process failures retain compiler identity and complete provenance [0.04ms]
contracts	Run npm run check	2026-09-10T05:01:25.2616185Z (pass) classic selected 100 bulk valid returns verified evidence [1709.50ms]
contracts	Run npm run check	2026-09-10T05:01:26.9600371Z (pass) classic selected 100 bulk missing returns verified evidence [1698.44ms]
contracts	Run npm run check	2026-09-10T05:01:27.1334297Z (pass) native selected 100 bulk valid returns verified evidence [173.33ms]
contracts	Run npm run check	2026-09-10T05:01:27.3015439Z (pass) native selected 100 bulk missing returns verified evidence [168.12ms]
contracts	Run npm run check	2026-09-10T05:01:27.5633995Z (pass) selected compiler CLI rejects an invalid identity without JSON success [261.86ms]
contracts	Run npm run check	2026-09-10T05:01:27.5634562Z 
contracts	Run npm run check	2026-09-10T05:01:27.5634896Z ##[endgroup]
contracts	Run npm run check	2026-09-10T05:01:27.5635011Z 
contracts	Run npm run check	2026-09-10T05:01:27.5635219Z ##[group]tests/scopes.test.ts:
contracts	Run npm run check	2026-09-10T05:01:27.5652884Z (pass) children own fresh acquisitions while independent forks outlive their source [0.57ms]
contracts	Run npm run check	2026-09-10T05:01:27.5658487Z (pass) parent close synchronously closes every descendant admission gate and waits for descendants [0.55ms]
contracts	Run npm run check	2026-09-10T05:01:27.5661330Z (pass) pending child sources may acquire dependencies after parent close starts [0.29ms]
contracts	Run npm run check	2026-09-10T05:01:27.5663422Z (pass) pending acquisition promises deduplicate only within one scope [0.22ms]
contracts	Run npm run check	2026-09-10T05:01:27.5670260Z (pass) nested cleanup failures flatten by registration order despite reversed completion [0.68ms]
contracts	Run npm run check	2026-09-10T05:01:27.5676798Z (pass) independently settled children detach on success and failure without replay [0.41ms]
contracts	Run npm run check	2026-09-10T05:01:27.5682182Z (pass) parent close includes a child already closing until its failure settles [0.35ms]
contracts	Run npm run check	2026-09-10T05:01:27.5683040Z (pass) unexpected child close rejection is retained after parent cleanup [0.29ms]
contracts	Run npm run check	2026-09-10T05:01:27.5685356Z (pass) scope preserves native shadowed-then and raw Promise ownership in configured core [0.43ms]
contracts	Run npm run check	2026-09-10T05:01:27.5689042Z (pass) child projection rollback finishes before a parent-owned finalizer [0.36ms]
contracts	Run npm run check	2026-09-10T05:01:27.5695365Z (pass) scopes retain module-private identities and unchanged public binding metadata [0.62ms]
contracts	Run npm run check	2026-09-10T05:01:27.5698727Z (pass) unchecked scope arguments reject before creating or acquiring a child [0.34ms]
contracts	Run npm run check	2026-09-10T05:01:27.5699151Z 
contracts	Run npm run check	2026-09-10T05:01:27.5699471Z ##[endgroup]
contracts	Run npm run check	2026-09-10T05:01:27.5699620Z 
contracts	Run npm run check	2026-09-10T05:01:27.5699939Z ##[group]tests/enterprise-integration.test.ts:
contracts	Run npm run check	2026-09-10T05:01:27.5716805Z (pass) overlapping requests isolate private dependencies and release scopes before the shared root [0.79ms]
contracts	Run npm run check	2026-09-10T05:01:27.5719081Z (pass) owned-scope fixture preserves handler and cleanup failures without closing twice [0.24ms]
contracts	Run npm run check	2026-09-10T05:01:27.5721939Z (pass) test substitutions retain private module contracts and fresh transient instances [0.28ms]
contracts	Run npm run check	2026-09-10T05:01:27.5733885Z (pass) a dynamically imported module starts private providers and unloads contributions exactly once [1.16ms]
contracts	Run npm run check	2026-09-10T05:01:27.5735970Z (pass) owned-scope fixture preserves a thrown undefined value and cleanup-only failure [0.22ms]
contracts	Run npm run check	2026-09-10T05:01:27.5737029Z (pass) owned-scope work result types follow explicit awaiting of structural thenables [0.11ms]
contracts	Run npm run check	2026-09-10T05:01:27.5740999Z (pass) a fixture whose startup fails releases acquired resources without admitting work [0.36ms]
contracts	Run npm run check	2026-09-10T05:01:27.5741401Z 
contracts	Run npm run check	2026-09-10T05:01:27.5741781Z ##[endgroup]
contracts	Run npm run check	2026-09-10T05:01:27.5741976Z 
contracts	Run npm run check	2026-09-10T05:01:27.5742307Z ##[group]tests/token-modules.test.ts:
contracts	Run npm run check	2026-09-10T05:01:27.5754325Z (pass) exported tokens retarget private module consumers in forks [0.33ms]
contracts	Run npm run check	2026-09-10T05:01:27.5757707Z (pass) private tokens get independent installations and dependency ordered cleanup [0.37ms]
contracts	Run npm run check	2026-09-10T05:01:27.5761128Z (pass) token bindings preserve source reuse, promise identity and public replacement [0.33ms]
contracts	Run npm run check	2026-09-10T05:01:27.5763454Z (pass) fork snapshots mixed selection indices and reads only selected own overrides [0.24ms]
contracts	Run npm run check	2026-09-10T05:01:27.5769852Z (pass) duplicate mixed overrides keep getter order and route final values through private consumers [0.62ms]
contracts	Run npm run check	2026-09-10T05:01:27.5773013Z (pass) invalid token selections preflight before any selected override getter [0.21ms]
contracts	Run npm run check	2026-09-10T05:01:27.5775271Z (pass) runtime duplicate symbols reject atomically and leave builders reusable [0.31ms]
contracts	Run npm run check	2026-09-10T05:01:27.5775729Z 
contracts	Run npm run check	2026-09-10T05:01:27.5776077Z ##[endgroup]
contracts	Run npm run check	2026-09-10T05:01:27.5776234Z 
contracts	Run npm run check	2026-09-10T05:01:27.5776573Z ##[group]tests/diagnostic-markers.test.ts:
contracts	Run npm run check	2026-09-10T05:01:27.5780890Z (pass) strict matcher accounts for explicit supplemental diagnostics without splitting regions [0.10ms]
contracts	Run npm run check	2026-09-10T05:01:27.5781729Z (pass) supplement cannot replace a missing primary [0.06ms]
contracts	Run npm run check	2026-09-10T05:01:27.5789963Z (pass) supplement rejects {"code":2345} [0.06ms]
contracts	Run npm run check	2026-09-10T05:01:27.5792744Z (pass) supplement rejects {"file":"/other.ts"} [0.03ms]
contracts	Run npm run check	2026-09-10T05:01:27.5793523Z (pass) supplement rejects {"line":5} [0.01ms]
contracts	Run npm run check	2026-09-10T05:01:27.5793926Z (pass) supplement rejects {"code":2589} [0.02ms]
contracts	Run npm run check	2026-09-10T05:01:27.5794502Z (pass) supplement rejects {"message":"unrelated"} [0.02ms]
contracts	Run npm run check	2026-09-10T05:01:27.5794887Z (pass) unrelated cascades and TS2589 remain unexpected [0.04ms]
contracts	Run npm run check	2026-09-10T05:01:27.5795095Z 
contracts	Run npm run check	2026-09-10T05:01:27.5795338Z ##[endgroup]
contracts	Run npm run check	2026-09-10T05:01:27.5795447Z 
contracts	Run npm run check	2026-09-10T05:01:27.5795656Z ##[group]tests/native-package.test.ts:
contracts	Run npm run check	2026-09-10T05:03:20.0755522Z (pass) native installed contracts and physical downstream declarations from classic6 [112470.04ms]
contracts	Run npm run check	2026-09-10T05:04:49.5327586Z (pass) native installed contracts and physical downstream declarations from native7 [89457.13ms]
contracts	Run npm run check	2026-09-10T05:04:49.5347639Z 
contracts	Run npm run check	2026-09-10T05:04:49.5368626Z ##[endgroup]
contracts	Run npm run check	2026-09-10T05:04:49.5368843Z 
contracts	Run npm run check	2026-09-10T05:04:49.5369178Z ##[group]tests/comparator-contract.test.ts:
contracts	Run npm run check	2026-09-10T05:04:49.5370058Z (pass) admits only a synchronous named graph with singleton, transient and explicit lifecycle semantics [0.96ms]
contracts	Run npm run check	2026-09-10T05:04:49.5371040Z (pass) comparator cannot enter the table with incomplete or forged metadata [0.22ms]
contracts	Run npm run check	2026-09-10T05:04:49.5371926Z (pass) rejects asynchronous construction or resolution from the synchronous common subset [0.15ms]
contracts	Run npm run check	2026-09-10T05:04:49.6014980Z (pass) forbidden rejected async results are consumed before the child exits [65.72ms]
contracts	Run npm run check	2026-09-10T05:04:49.6017416Z (pass) rejects a changed named workload, singleton caching or transient freshness [0.34ms]
contracts	Run npm run check	2026-09-10T05:04:49.6020738Z (pass) rejects missing, partial and failing explicit disposal [0.34ms]
contracts	Run npm run check	2026-09-10T05:04:49.6027575Z (pass) reports absent optional packages as unavailable without inventing adapter rows [0.66ms]
contracts	Run npm run check	2026-09-10T05:04:49.6035188Z (pass) distinguishes unavailable installation from an unreviewed or semantically invalid adapter [0.77ms]
contracts	Run npm run check	2026-09-10T05:04:49.6040282Z (pass) rejects package and adapter identity drift before semantic admission [0.51ms]
contracts	Run npm run check	2026-09-10T05:04:49.6046790Z (pass) comparator CLI mode emits only truthful optional status rows and creates no timing evidence [0.63ms]
contracts	Run npm run check	2026-09-10T05:04:49.6047124Z 
contracts	Run npm run check	2026-09-10T05:04:49.6047409Z ##[endgroup]
contracts	Run npm run check	2026-09-10T05:04:49.6049502Z 
contracts	Run npm run check	2026-09-10T05:04:49.6049751Z ##[group]tests/native-process.test.ts:
contracts	Run npm run check	2026-09-10T05:04:49.6312556Z (pass) supervisor terminates and reaps a live child on monitor EIO [1.36ms]
contracts	Run npm run check	2026-09-10T05:04:49.6318419Z (pass) supervisor terminates and reaps a live child on monitor ENOENT [0.66ms]
contracts	Run npm run check	2026-09-10T05:04:49.6324926Z (pass) supervisor terminates and reaps a live child on monitor ESRCH [0.57ms]
contracts	Run npm run check	2026-09-10T05:04:49.6546777Z (pass) supervisor terminates and reaps a live child on monitor missing VmRSS [22.16ms]
contracts	Run npm run check	2026-09-10T05:04:49.7313980Z (pass) supervisor confirms ESRCH process disappearance before its exit callback runs [76.70ms]
contracts	Run npm run check	2026-09-10T05:04:49.8199450Z (pass) supervisor drains streams and awaits pending sample cleanup for missing VmRSS during exit [88.50ms]
contracts	Run npm run check	2026-09-10T05:04:49.9018309Z (pass) supervisor drains streams and awaits pending sample cleanup for ENOENT after exit [81.92ms]
contracts	Run npm run check	2026-09-10T05:04:49.9838088Z (pass) supervisor drains streams and awaits pending sample cleanup for ESRCH after exit [81.96ms]
contracts	Run npm run check	2026-09-10T05:04:50.0388626Z (pass) monitor termination waits for inherited stdout and stderr to close [55.04ms]
contracts	Run npm run check	2026-09-10T05:04:50.1144199Z (pass) supervisor retains clean child streams and exit status [75.52ms]
contracts	Run npm run check	2026-09-10T05:04:50.1152470Z (pass) failed spawn is explicit evidence [0.92ms]
contracts	Run npm run check	2026-09-10T05:04:50.1377710Z (pass) supervisor terminates and reaps timeout child [22.42ms]
contracts	Run npm run check	2026-09-10T05:04:50.1603800Z (pass) supervisor terminates and reaps memory child [22.60ms]
contracts	Run npm run check	2026-09-10T05:04:50.1846019Z (pass) supervisor terminates and reaps output child [24.21ms]
contracts	Run npm run check	2026-09-10T05:04:50.1847549Z (pass) invalid limits and unsupported platforms fail before spawning [0.26ms]
contracts	Run npm run check	2026-09-10T05:04:50.2073298Z (pass) output overflow remains byte bounded when UTF8 is cut within a character [22.45ms]
contracts	Run npm run check	2026-09-10T05:04:50.2073735Z 
contracts	Run npm run check	2026-09-10T05:04:50.2074676Z ##[endgroup]
contracts	Run npm run check	2026-09-10T05:04:50.2075979Z 
contracts	Run npm run check	2026-09-10T05:04:50.2076342Z ##[group]tests/selected-scope-runtime.test.ts:
contracts	Run npm run check	2026-09-10T05:04:50.2097558Z (pass) selected service borrows parent configuration and ownership while child config is overridden [0.85ms]
contracts	Run npm run check	2026-09-10T05:04:50.2100050Z (pass) scoped sharing selects the immediate parent and must be selected again by grandchildren [0.26ms]
contracts	Run npm run check	2026-09-10T05:04:50.2104695Z (pass) child-defined roots anchor their graph while inherited roots construct in the original graph [0.44ms]
contracts	Run npm run check	2026-09-10T05:04:50.2108223Z (pass) shared pending promises deduplicate and failed acquisitions retry at the owner [0.36ms]
contracts	Run npm run check	2026-09-10T05:04:50.2111914Z (pass) closing a borrower leaves the pending owner context and finalizer intact [0.38ms]
contracts	Run npm run check	2026-09-10T05:04:50.2120019Z (pass) pending child sources discover shared parent dependencies during tree close [0.80ms]
contracts	Run npm run check	2026-09-10T05:04:50.2122817Z (pass) strict child roots reject shared scoped dependencies before reading a cached owner [0.29ms]
contracts	Run npm run check	2026-09-10T05:04:50.2125099Z (pass) shared dependency edges detect cycles through retained owner proxies [0.23ms]
contracts	Run npm run check	2026-09-10T05:04:50.2127677Z (pass) shared module bindings preserve lexical private dependencies despite child public replacements [0.24ms]
contracts	Run npm run check	2026-09-10T05:04:50.2129931Z (pass) synchronous shared owner reentry detects a cycle across acquisition owners [0.22ms]
contracts	Run npm run check	2026-09-10T05:04:50.2132685Z (pass) a ready projection retains source permission for late shared reads [0.27ms]
contracts	Run npm run check	2026-09-10T05:04:50.2133821Z (pass) a failed projection retains source permission for late shared reads [0.11ms]
contracts	Run npm run check	2026-09-10T05:04:50.2136921Z (pass) completed and retired child proxies cannot borrow another source closing permission for shared reads [0.26ms]
contracts	Run npm run check	2026-09-10T05:04:50.2137260Z 
contracts	Run npm run check	2026-09-10T05:04:50.2137517Z ##[endgroup]
contracts	Run npm run check	2026-09-10T05:04:50.2139396Z 
contracts	Run npm run check	2026-09-10T05:04:50.2139660Z ##[group]tests/tokens.test.ts:
contracts	Run npm run check	2026-09-10T05:04:50.2151400Z (pass) token symbols participate in the same acquisition graph [0.31ms]
contracts	Run npm run check	2026-09-10T05:04:50.2152947Z (pass) handles authenticate identity and capture a receiver-free symbol [0.15ms]
contracts	Run npm run check	2026-09-10T05:04:50.2156165Z (pass) indexed snapshots ignore iterators and caller mutations [0.32ms]
contracts	Run npm run check	2026-09-10T05:04:50.2157788Z (pass) invalid selections fail before callbacks and binding transforms [0.13ms]
contracts	Run npm run check	2026-09-10T05:04:50.2159806Z (pass) same actual symbols and repeated token reads reuse one cache slot [0.19ms]
contracts	Run npm run check	2026-09-10T05:04:50.2161545Z (pass) distinct symbols with the same description resolve independent slots [0.16ms]
contracts	Run npm run check	2026-09-10T05:04:50.2165054Z (pass) symbol dependencies follow lexical private and public references [0.34ms]
contracts	Run npm run check	2026-09-10T05:04:50.2169291Z (pass) token and named cycles report symbol labels in both entry orders [0.42ms]
contracts	Run npm run check	2026-09-10T05:04:50.2172259Z (pass) rejected token acquisitions retry without awaiting callback arguments [0.27ms]
contracts	Run npm run check	2026-09-10T05:04:50.2175727Z (pass) late named reads from a token-bound source retain close permission and disposal order [0.35ms]
contracts	Run npm run check	2026-09-10T05:04:50.2176933Z (pass) undeclared well-known symbol reads remain undefined [0.14ms]
contracts	Run npm run check	2026-09-10T05:04:50.2187472Z (pass) binding views and transformations retain frozen source selection without mutating inputs [0.31ms]
contracts	Run npm run check	2026-09-10T05:04:50.2188119Z 
contracts	Run npm run check	2026-09-10T05:04:50.2188616Z ##[endgroup]
contracts	Run npm run check	2026-09-10T05:04:50.2189066Z 
contracts	Run npm run check	2026-09-10T05:04:50.2189394Z ##[group]tests/incremental-scale.test.ts:
contracts	Run npm run check	2026-09-10T05:04:52.3873431Z (pass) incremental compiler work: 100 named additions [2168.56ms]
contracts	Run npm run check	2026-09-10T05:04:54.6928280Z (pass) incremental compiler work: 100 named replacements [2305.49ms]
contracts	Run npm run check	2026-09-10T05:04:57.4062485Z (pass) incremental compiler work: 100 token bindings [2713.39ms]
contracts	Run npm run check	2026-09-10T05:04:57.4062858Z 
contracts	Run npm run check	2026-09-10T05:04:57.4063343Z ##[endgroup]
contracts	Run npm run check	2026-09-10T05:04:57.4065065Z 
contracts	Run npm run check	2026-09-10T05:04:57.4065411Z ##[group]tests/runtime.test.ts:
contracts	Run npm run check	2026-09-10T05:04:57.4107081Z (pass) sync diamond dependencies are created once and stay synchronous [3.10ms]
contracts	Run npm run check	2026-09-10T05:04:57.4107753Z (pass) undefined is memoized [0.14ms]
contracts	Run npm run check	2026-09-10T05:04:57.4110968Z (pass) a creating undefined-valued factory cannot be returned through reentrant resolution [0.28ms]
contracts	Run npm run check	2026-09-10T05:04:57.4112959Z (pass) forward registration and forks use independent memoization [0.21ms]
contracts	Run npm run check	2026-09-10T05:04:57.4113954Z (pass) synchronous factory failure can be retried [0.10ms]
contracts	Run npm run check	2026-09-10T05:04:57.4118233Z (pass) ending one builder twice and forking create fresh owned roots [0.39ms]
contracts	Run npm run check	2026-09-10T05:04:57.4121020Z (pass) async dependencies remain explicit and concurrent resolutions share a promise [0.25ms]
contracts	Run npm run check	2026-09-10T05:04:57.4122620Z (pass) synchronous cycles include their dependency path [0.19ms]
contracts	Run npm run check	2026-09-10T05:04:57.4123526Z (pass) prototype properties are not factories [0.09ms]
contracts	Run npm run check	2026-09-10T05:04:57.4125750Z (pass) async factory rejections can be retried [0.19ms]
contracts	Run npm run check	2026-09-10T05:04:57.4127248Z (pass) synchronous failure discards abandoned edges before retrying another token [0.14ms]
contracts	Run npm run check	2026-09-10T05:04:57.4129962Z (pass) async failure discards abandoned edges before retrying another token [0.24ms]
contracts	Run npm run check	2026-09-10T05:04:57.4132410Z (pass) then inspection failure discards outgoing edges before another token retries [0.24ms]
contracts	Run npm run check	2026-09-10T05:04:57.4135934Z (pass) cycles discovered after await reject instead of hanging [0.36ms]
contracts	Run npm run check	2026-09-10T05:04:57.4136261Z 
contracts	Run npm run check	2026-09-10T05:04:57.4136660Z ##[endgroup]
contracts	Run npm run check	2026-09-10T05:04:57.4139037Z 
contracts	Run npm run check	2026-09-10T05:04:57.4139492Z ##[group]tests/native-diagnostic-markers.test.ts:
contracts	Run npm run check	2026-09-10T05:04:57.4149428Z (pass) known native overload rejection retains its unmet useful requirement separately [0.27ms]
contracts	Run npm run check	2026-09-10T05:04:57.4150175Z (pass) native gap rejects unknown declaration [0.10ms]
contracts	Run npm run check	2026-09-10T05:04:57.4150737Z (pass) native gap rejects malformed declaration [0.02ms]
contracts	Run npm run check	2026-09-10T05:04:57.4151287Z (pass) native gap rejects duplicate declaration [0.04ms]
contracts	Run npm run check	2026-09-10T05:04:57.4151808Z (pass) native gap rejects misplaced declaration [0.02ms]
contracts	Run npm run check	2026-09-10T05:04:57.4152293Z (pass) native gap rejects not adjacent [0.03ms]
contracts	Run npm run check	2026-09-10T05:04:57.4152771Z (pass) native gap rejects stale declaration [0.02ms]
contracts	Run npm run check	2026-09-10T05:04:57.4153258Z (pass) native gap rejects wrong code [0.01ms]
contracts	Run npm run check	2026-09-10T05:04:57.4153758Z (pass) native gap rejects wrong full message [0.02ms]
contracts	Run npm run check	2026-09-10T05:04:57.4172995Z (pass) native gap rejects wrong file [0.02ms]
contracts	Run npm run check	2026-09-10T05:04:57.4173508Z (pass) native gap rejects wrong region [0.02ms]
contracts	Run npm run check	2026-09-10T05:04:57.4173932Z (pass) native gap rejects absent error [0.02ms]
contracts	Run npm run check	2026-09-10T05:04:57.4174476Z (pass) native gap rejects TS2589 [0.01ms]
contracts	Run npm run check	2026-09-10T05:04:57.4174887Z (pass) native gap rejects duplicate error [0.06ms]
contracts	Run npm run check	2026-09-10T05:04:57.4175331Z (pass) native gap rejects unrelated extra [0.02ms]
contracts	Run npm run check	2026-09-10T05:04:57.4175789Z (pass) native gap rejects no declaration [0.01ms]
contracts	Run npm run check	2026-09-10T05:04:57.4176335Z (pass) native gap cannot replace a supplemental expectation [0.09ms]
contracts	Run npm run check	2026-09-10T05:04:57.4177040Z (pass) union and open-template fingerprints require their own exact declarations [0.15ms]
contracts	Run npm run check	2026-09-10T05:04:57.4177971Z (pass) native gap cannot satisfy a different primary even when that primary matches its fingerprint [0.05ms]
contracts	Run npm run check	2026-09-10T05:04:57.4178457Z 
contracts	Run npm run check	2026-09-10T05:04:57.4178775Z ##[endgroup]
contracts	Run npm run check	2026-09-10T05:04:57.4178919Z 
contracts	Run npm run check	2026-09-10T05:04:57.4179217Z ##[group]tests/native-compiler.test.ts:
contracts	Run npm run check	2026-09-10T05:04:57.4179880Z (pass) parser retains real native multiline diagnostics, positions and metrics [0.10ms]
contracts	Run npm run check	2026-09-10T05:04:57.4180976Z (pass) parser exposes configuration errors, TS2589 and unknown output [0.06ms]
contracts	Run npm run check	2026-09-10T05:04:57.4181841Z (pass) source marker gate rejects wrong file, region, message, TS2589 and unmatched cascades [0.15ms]
contracts	Run npm run check	2026-09-10T05:04:58.1618704Z (pass) verified native executable checks real nonempty valid and invalid projects [745.14ms]
contracts	Run npm run check	2026-09-10T05:04:58.3190742Z (pass) native small control bulk valid [157.18ms]
contracts	Run npm run check	2026-09-10T05:04:58.4902285Z (pass) native small control bulk missing [171.16ms]
contracts	Run npm run check	2026-09-10T05:04:59.1509369Z (pass) native small control bindings valid [660.69ms]
contracts	Run npm run check	2026-09-10T05:04:59.8014994Z (pass) native small control bindings missing-final-token [650.52ms]
contracts	Run npm run check	2026-09-10T05:04:59.8015641Z 
contracts	Run npm run check	2026-09-10T05:04:59.8015947Z ##[endgroup]
contracts	Run npm run check	2026-09-10T05:04:59.8017645Z 
contracts	Run npm run check	2026-09-10T05:04:59.8017958Z ##[group]tests/benchmark-types.test.ts:
contracts	Run npm run check	2026-09-10T05:04:59.8033936Z (pass) parent evaluator validates untrusted worker evidence and preserves requested identities [0.52ms]
contracts	Run npm run check	2026-09-10T05:05:00.0703841Z (pass) benchmark rejects unsupported flags: --native --native [266.91ms]
contracts	Run npm run check	2026-09-10T05:05:00.3299993Z (pass) benchmark rejects unsupported flags: --tokens --tokens [259.59ms]
contracts	Run npm run check	2026-09-10T05:05:00.5970543Z (pass) benchmark rejects unsupported flags: --unknown [267.01ms]
contracts	Run npm run check	2026-09-10T05:05:00.8566525Z (pass) benchmark rejects unsupported flags: --native --tokens --unknown [259.58ms]
contracts	Run npm run check	2026-09-10T05:05:01.8710206Z (pass) named benchmark boundary: 100 bulk valid [1014.33ms]
contracts	Run npm run check	2026-09-10T05:05:02.8082368Z (pass) named benchmark boundary: 100 bulk missing [937.23ms]
contracts	Run npm run check	2026-09-10T05:05:03.7215789Z (pass) named benchmark boundary: 100 bulk wrong-shape [913.32ms]
contracts	Run npm run check	2026-09-10T05:05:05.8502160Z (pass) named benchmark boundary: 100 chained valid [2128.57ms]
contracts	Run npm run check	2026-09-10T05:05:07.9814494Z (pass) named benchmark boundary: 100 chained missing [2131.20ms]
contracts	Run npm run check	2026-09-10T05:05:10.0738242Z (pass) named benchmark boundary: 100 chained wrong-shape [2092.40ms]
contracts	Run npm run check	2026-09-10T05:05:10.9869078Z (pass) named benchmark boundary: 100 grouped valid [913.07ms]
contracts	Run npm run check	2026-09-10T05:05:11.9844345Z (pass) named benchmark boundary: 100 grouped missing [996.96ms]
contracts	Run npm run check	2026-09-10T05:05:12.8044335Z (pass) named benchmark boundary: 100 grouped wrong-shape [820.47ms]
contracts	Run npm run check	2026-09-10T05:05:14.9392515Z (pass) named benchmark boundary: 100 replacement valid [2134.81ms]
contracts	Run npm run check	2026-09-10T05:05:17.2651322Z (pass) named benchmark boundary: 100 replacement missing [2325.89ms]
contracts	Run npm run check	2026-09-10T05:05:19.6746188Z (pass) named benchmark boundary: 100 replacement wrong-shape [2409.54ms]
contracts	Run npm run check	2026-09-10T05:05:21.7548858Z (pass) named benchmark worker retains complete boundary diagnostics [2080.23ms]
contracts	Run npm run check	2026-09-10T05:05:24.3915504Z (pass) token worker defaults a valid invocation to 100 services [2636.66ms]
contracts	Run npm run check	2026-09-10T05:05:27.0068790Z (pass) token worker accepts an explicit supported count [2615.30ms]
contracts	Run npm run check	2026-09-10T05:05:27.2392131Z (pass) token worker rejects an extra argument before compilation [232.31ms]
contracts	Run npm run check	2026-09-10T05:05:27.4713524Z (pass) token worker rejects count zero before compilation [232.13ms]
contracts	Run npm run check	2026-09-10T05:05:27.7053165Z (pass) token worker rejects an unsupported count before compilation [233.95ms]
contracts	Run npm run check	2026-09-10T05:05:27.9300215Z (pass) token worker rejects an invalid form before compilation [224.69ms]
contracts	Run npm run check	2026-09-10T05:05:28.1667426Z (pass) token worker rejects an invalid scenario before compilation [236.71ms]
contracts	Run npm run check	2026-09-10T05:05:28.1667890Z 
contracts	Run npm run check	2026-09-10T05:05:28.1668272Z ##[endgroup]
contracts	Run npm run check	2026-09-10T05:05:28.1668425Z 
contracts	Run npm run check	2026-09-10T05:05:28.1668700Z ##[group]tests/types.test.ts:
contracts	Run npm run check	2026-09-10T05:05:29.2505428Z (pass) observers retain exact inferred cross-file contracts [1070.29ms]
contracts	Run npm run check	2026-09-10T05:05:30.1692663Z (pass) plugins retain exact inferred cross-file contracts [919.21ms]
contracts	Run npm run check	2026-09-10T05:05:31.0925385Z (pass) final adversarial integration retains exact inferred cross-file contracts [923.25ms]
contracts	Run npm run check	2026-09-10T05:05:32.2194600Z (pass) contributions retain exact inferred cross-file contracts [1126.93ms]
contracts	Run npm run check	2026-09-10T05:05:33.4335086Z (pass) aliases retain exact inferred cross-file contracts [1214.06ms]
contracts	Run npm run check	2026-09-10T05:05:34.3398429Z (pass) dependency references retain exact inferred cross-file contracts [906.33ms]
contracts	Run npm run check	2026-09-10T05:05:35.0920608Z (pass) composition adapters retain exact inferred cross-file contracts [752.19ms]
contracts	Run npm run check	2026-09-10T05:05:35.8767807Z (pass) selected scopes retain exact inferred cross-file contracts [784.65ms]
contracts	Run npm run check	2026-09-10T05:05:36.6563465Z (pass) startup and contextual providers retain exact inferred cross-file contracts [779.53ms]
contracts	Run npm run check	2026-09-10T05:05:37.5822413Z (pass) lifetime declarations retain exact inferred cross-file contracts [925.88ms]
contracts	Run npm run check	2026-09-10T05:05:39.6095494Z (pass) lifetimes inferred exports survive declaration consumption [2027.36ms]
contracts	Run npm run check	2026-09-10T05:05:41.5340716Z (pass) composition-adapters inferred exports survive declaration consumption [1924.49ms]
contracts	Run npm run check	2026-09-10T05:05:43.3954609Z (pass) dependency-references inferred exports survive declaration consumption [1861.32ms]
contracts	Run npm run check	2026-09-10T05:05:46.1727711Z (pass) aliases inferred exports survive declaration consumption [2777.34ms]
contracts	Run npm run check	2026-09-10T05:05:48.4425921Z (pass) contributions inferred exports survive declaration consumption [2269.79ms]
contracts	Run npm run check	2026-09-10T05:05:50.3137608Z (pass) observers inferred exports survive declaration consumption [1871.15ms]
contracts	Run npm run check	2026-09-10T05:05:52.1092283Z (pass) plugins inferred exports survive declaration consumption [1795.43ms]
contracts	Run npm run check	2026-09-10T05:05:53.9385033Z (pass) final-adversarial-integration inferred exports survive declaration consumption [1829.23ms]
contracts	Run npm run check	2026-09-10T05:05:54.7857746Z (pass) acquisition modes retain exact acquired values across inferred exports [847.05ms]
contracts	Run npm run check	2026-09-10T05:05:55.6585088Z (pass) token modules preserve exact cross-file contracts [872.92ms]
contracts	Run npm run check	2026-09-10T05:05:56.5392512Z (pass) public token composition preserves exact outputs and frames [880.73ms]
contracts	Run npm run check	2026-09-10T05:05:57.3715496Z (pass) token contracts preserve exact identities and provider graphs [829.84ms]
contracts	Run npm run check	2026-09-10T05:05:58.2835287Z (pass) replacement context preserves exact contracts from surviving consumers [913.53ms]
contracts	Run npm run check	2026-09-10T05:05:59.1447552Z (pass) incremental checks preserve forward, replacement and frame contracts [862.04ms]
contracts	Run npm run check	2026-09-10T05:05:59.9636965Z (pass) incremental projection candidates preserve replacement and resolved contracts [818.90ms]
contracts	Run npm run check	2026-09-10T05:06:00.8284962Z (pass) incremental module installation preserves private, forward, and token contracts [864.77ms]
contracts	Run npm run check	2026-09-10T05:06:01.9160549Z (pass) incremental module declarations retain exact results and token outputs [1087.58ms]
contracts	Run npm run check	2026-09-10T05:06:02.8920866Z (pass) builder views preserve exact accepted registration histories [976.03ms]
contracts	Run npm run check	2026-09-10T05:06:03.9306372Z (pass) supported replacement wrappers and reflected methods stay exact and non-any [1038.55ms]
contracts	Run npm run check	2026-09-10T05:06:04.8281322Z (pass) replacement reflection preserves utility soundness and module history [897.44ms]
contracts	Run npm run check	2026-09-10T05:06:05.7460634Z (pass) modern inline inference retains exact contracts [917.93ms]
contracts	Run npm run check	2026-09-10T05:06:06.5884367Z (pass) native acquisition metadata preserves exact outputs, requirements and frames [842.30ms]
contracts	Run npm run check	2026-09-10T05:06:07.5594277Z (pass) typed provider metadata survives checked composition and inspection [970.96ms]
contracts	Run npm run check	2026-09-10T05:06:08.5394936Z (pass) named modules preserve contracts across a file boundary [980.09ms]
contracts	Run npm run check	2026-09-10T05:06:09.4271280Z (pass) valid composition preserves inferred values and explicit promise edges [887.63ms]
contracts	Run npm run check	2026-09-10T05:06:10.2716000Z (pass) registration boundaries preserve selected keys and exact factory types [844.44ms]
contracts	Run npm run check	2026-09-10T05:06:11.1133440Z (pass) scope preserves exact inferred contracts across a source boundary [841.75ms]
contracts	Run npm run check	2026-09-10T05:06:11.8785505Z (pass) inline method-returning factories preserve exact types: add [764.80ms]
contracts	Run npm run check	2026-09-10T05:06:12.6697037Z (pass) inline method-returning factories preserve exact types: fork [791.53ms]
contracts	Run npm run check	2026-09-10T05:06:13.4684540Z (pass) inline method-returning factories preserve exact types: disposal [798.73ms]
contracts	Run npm run check	2026-09-10T05:06:14.2572273Z (pass) type rejection: fork-wrong-shape.ts [788.75ms]
contracts	Run npm run check	2026-09-10T05:06:15.0985095Z (pass) type rejection: final-adversarial-integration.ts [841.26ms]
contracts	Run npm run check	2026-09-10T05:06:15.9097802Z (pass) type rejection: missing.ts [811.23ms]
contracts	Run npm run check	2026-09-10T05:06:16.6516328Z (pass) type rejection: object-registrations.ts [741.86ms]
contracts	Run npm run check	2026-09-10T05:06:17.7438142Z (pass) type rejection: inline-wrong-shape.ts [1092.22ms]
contracts	Run npm run check	2026-09-10T05:06:18.7715940Z (pass) type rejection: object-overrides.ts [1027.71ms]
contracts	Run npm run check	2026-09-10T05:06:19.6915437Z (pass) type rejection: startup.ts [919.23ms]
contracts	Run npm run check	2026-09-10T05:06:20.5416407Z (pass) type rejection: boolean-registrations.ts [850.73ms]
contracts	Run npm run check	2026-09-10T05:06:21.3563068Z (pass) type rejection: forward-wrong-shape.ts [814.69ms]
contracts	Run npm run check	2026-09-10T05:06:22.1597579Z (pass) type rejection: module-missing.ts [803.00ms]
contracts	Run npm run check	2026-09-10T05:06:23.0951551Z (pass) type rejection: provider-projections.ts [935.78ms]
contracts	Run npm run check	2026-09-10T05:06:23.9181082Z (pass) type rejection: fork-missing.ts [822.91ms]
contracts	Run npm run check	2026-09-10T05:06:24.7531806Z (pass) type rejection: inline-replacement-wrong-shape.ts [835.03ms]
contracts	Run npm run check	2026-09-10T05:06:25.6855900Z (pass) type rejection: scopes.ts [932.40ms]
contracts	Run npm run check	2026-09-10T05:06:26.5132823Z (pass) type rejection: primitive-parameter.ts [827.65ms]
contracts	Run npm run check	2026-09-10T05:06:27.3436798Z (pass) type rejection: async-resolve.ts [830.40ms]
contracts	Run npm run check	2026-09-10T05:06:28.1669791Z (pass) type rejection: incremental-modules.ts [823.28ms]
contracts	Run npm run check	2026-09-10T05:06:28.9514713Z (pass) type rejection: fork-dependency-shape.ts [784.47ms]
contracts	Run npm run check	2026-09-10T05:06:29.7630440Z (pass) type rejection: required-this.ts [811.56ms]
contracts	Run npm run check	2026-09-10T05:06:30.5476437Z (pass) type rejection: disposer-wrong-shape.ts [784.56ms]
contracts	Run npm run check	2026-09-10T05:06:31.3589196Z (pass) type rejection: replacement-reflection.ts [810.24ms]
contracts	Run npm run check	2026-09-10T05:06:32.1411604Z (pass) type rejection: template-registrations.ts [783.27ms]
contracts	Run npm run check	2026-09-10T05:06:33.2137357Z (pass) type rejection: spread-disposal.ts [1072.52ms]
contracts	Run npm run check	2026-09-10T05:06:34.2561332Z (pass) type rejection: module-hidden-private-needs.ts [1042.34ms]
contracts	Run npm run check	2026-09-10T05:06:35.1371745Z (pass) type rejection: invalid-registration.ts [881.03ms]
contracts	Run npm run check	2026-09-10T05:06:36.0581293Z (pass) type rejection: wrong-shape.ts [920.96ms]
contracts	Run npm run check	2026-09-10T05:06:37.3646733Z (pass) type rejection: dependency-references.ts [1306.48ms]
contracts	Run npm run check	2026-09-10T05:06:38.3257232Z (pass) type rejection: provider-boundaries.ts [961.02ms]
contracts	Run npm run check	2026-09-10T05:06:39.4090062Z (pass) type rejection: module-narrowing.ts [1083.27ms]
contracts	Run npm run check	2026-09-10T05:06:40.2927955Z (pass) type rejection: incremental-projections.ts [883.73ms]
contracts	Run npm run check	2026-09-10T05:06:41.1450997Z (pass) type rejection: inline-fork-extra.ts [852.34ms]
contracts	Run npm run check	2026-09-10T05:06:41.9634936Z (pass) type rejection: optional-parameter.ts [818.39ms]
contracts	Run npm run check	2026-09-10T05:06:42.8766143Z (pass) type rejection: composition-adapters.ts [912.99ms]
contracts	Run npm run check	2026-09-10T05:06:43.8117549Z (pass) type rejection: token-contracts.ts [935.19ms]
contracts	Run npm run check	2026-09-10T05:06:44.6989873Z (pass) type rejection: fork-selection.ts [887.24ms]
contracts	Run npm run check	2026-09-10T05:06:45.4971147Z (pass) type rejection: acquisition-mode.ts [797.53ms]
contracts	Run npm run check	2026-09-10T05:06:46.5065695Z (pass) type rejection: incremental.ts [1010.01ms]
contracts	Run npm run check	2026-09-10T05:06:47.8427278Z (pass) type rejection: contributions.ts [1336.11ms]
contracts	Run npm run check	2026-09-10T05:06:48.6729995Z (pass) type rejection: union-replace.ts [830.26ms]
contracts	Run npm run check	2026-09-10T05:06:49.9466174Z (pass) type rejection: replacement-context.ts [1273.62ms]
contracts	Run npm run check	2026-09-10T05:06:50.8299171Z (pass) type rejection: modern-inline.ts [883.33ms]
contracts	Run npm run check	2026-09-10T05:06:51.6686639Z (pass) type rejection: fork-extra.ts [838.69ms]
contracts	Run npm run check	2026-09-10T05:06:52.5365323Z (pass) type rejection: inline-fork-wrong-shape.ts [867.57ms]
contracts	Run npm run check	2026-09-10T05:06:53.3926045Z (pass) type rejection: callable-parameter.ts [856.30ms]
contracts	Run npm run check	2026-09-10T05:06:54.2574354Z (pass) type rejection: acquisition-metadata.ts [864.75ms]
contracts	Run npm run check	2026-09-10T05:06:55.0588162Z (pass) type rejection: async-dependency.ts [801.40ms]
contracts	Run npm run check	2026-09-10T05:06:55.9162151Z (pass) type rejection: inline-fork-missing.ts [857.37ms]
contracts	Run npm run check	2026-09-10T05:06:56.7728189Z (pass) type rejection: module-private.ts [856.57ms]
contracts	Run npm run check	2026-09-10T05:06:57.5427423Z (pass) type rejection: replacement-wrong-shape.ts [769.91ms]
contracts	Run npm run check	2026-09-10T05:06:58.4345797Z (pass) type rejection: builder-views.ts [891.83ms]
contracts	Run npm run check	2026-09-10T05:06:59.2158692Z (pass) type rejection: duplicate-add.ts [781.29ms]
contracts	Run npm run check	2026-09-10T05:07:00.0639260Z (pass) type rejection: replacement-views.ts [848.02ms]
contracts	Run npm run check	2026-09-10T05:07:01.1815580Z (pass) type rejection: selected-scopes.ts [1117.20ms]
contracts	Run npm run check	2026-09-10T05:07:01.9348538Z (pass) type rejection: union-parameter.ts [753.73ms]
contracts	Run npm run check	2026-09-10T05:07:02.7710541Z (pass) type rejection: inline-fork-dependency-shape.ts [836.15ms]
contracts	Run npm run check	2026-09-10T05:07:03.8858956Z (pass) type rejection: tokens.ts [1114.83ms]
contracts	Run npm run check	2026-09-10T05:07:04.7400503Z (pass) type rejection: plugins.ts [854.14ms]
contracts	Run npm run check	2026-09-10T05:07:05.8823887Z (pass) type rejection: symbol-dependency.ts [1142.31ms]
contracts	Run npm run check	2026-09-10T05:07:06.8819490Z (pass) type rejection: template-dependencies.ts [999.52ms]
contracts	Run npm run check	2026-09-10T05:07:07.7833807Z (pass) type rejection: inline-missing.ts [901.46ms]
contracts	Run npm run check	2026-09-10T05:07:08.6083106Z (pass) type rejection: disposable-missing.ts [824.93ms]
contracts	Run npm run check	2026-09-10T05:07:09.9986421Z (pass) type rejection: aliases.ts [1390.33ms]
contracts	Run npm run check	2026-09-10T05:07:10.7824270Z (pass) type rejection: inline-forward-wrong-shape.ts [783.68ms]
contracts	Run npm run check	2026-09-10T05:07:11.6300712Z (pass) type rejection: module-exports.ts [847.67ms]
contracts	Run npm run check	2026-09-10T05:07:13.0842501Z (pass) type rejection: lifetimes.ts [1454.15ms]
contracts	Run npm run check	2026-09-10T05:07:13.9992382Z (pass) type rejection: token-modules.ts [915.01ms]
contracts	Run npm run check	2026-09-10T05:07:14.8230248Z (pass) type rejection: module-wrong-shape.ts [823.70ms]
contracts	Run npm run check	2026-09-10T05:07:15.6579203Z (pass) type rejection: fork-explicit-generics.ts [834.87ms]
contracts	Run npm run check	2026-09-10T05:07:16.4695255Z (pass) type rejection: module-rename.ts [811.53ms]
contracts	Run npm run check	2026-09-10T05:07:17.2845320Z (pass) type rejection: provider-unions.ts [815.01ms]
contracts	Run npm run check	2026-09-10T05:07:18.0768432Z (pass) type rejection: indexed-registrations.ts [792.29ms]
contracts	Run npm run check	2026-09-10T05:07:18.9065633Z (pass) type rejection: provider-module-metadata.ts [829.71ms]
contracts	Run npm run check	2026-09-10T05:07:19.7068455Z (pass) type rejection: observers.ts [800.29ms]
contracts	Run npm run check	2026-09-10T05:07:20.4964556Z (pass) type rejection: prototype-registrations.ts [789.54ms]
contracts	Run npm run check	2026-09-10T05:07:21.5136491Z (pass) type rejection: disposer-promise.ts [1017.20ms]
contracts	Run npm run check	2026-09-10T05:07:21.5136839Z 
contracts	Run npm run check	2026-09-10T05:07:21.5137144Z ##[endgroup]
contracts	Run npm run check	2026-09-10T05:07:21.5139994Z 
contracts	Run npm run check	2026-09-10T05:07:21.5140300Z ##[group]tests/modules.test.ts:
contracts	Run npm run check	2026-09-10T05:07:21.5305142Z (pass) a module private retry keeps the caught failed attempt separate [3.18ms]
contracts	Run npm run check	2026-09-10T05:07:21.5354935Z (pass) module private dependencies follow exported replacements and fresh forks [0.94ms]
contracts	Run npm run check	2026-09-10T05:07:21.5355770Z (pass) renamed repeated installations isolate private instances and cleanup [0.43ms]
contracts	Run npm run check	2026-09-10T05:07:21.5385072Z (pass) rename preserves original parameter names even when an export takes a private name [0.42ms]
contracts	Run npm run check	2026-09-10T05:07:21.5444911Z (pass) invalid installations and export views fail atomically and reject forged modules [1.51ms]
contracts	Run npm run check	2026-09-10T05:07:21.5445926Z (pass) exports use indexed tuple snapshots and preserve hidden local registrations [0.32ms]
contracts	Run npm run check	2026-09-10T05:07:21.5504919Z (pass) module promise identity, retry and post-await cycle diagnostics use the host runtime [0.57ms]
contracts	Run npm run check	2026-09-10T05:07:21.5505899Z (pass) renaming an export leaves an unrelated external requirement at its original slot [0.22ms]
contracts	Run npm run check	2026-09-10T05:07:21.5564930Z (pass) module providers can be replaced before sealing without mutating earlier views [0.24ms]
contracts	Run npm run check	2026-09-10T05:07:21.5565954Z (pass) close drains module acquisitions that discover private and host dependencies after await [0.42ms]
contracts	Run npm run check	2026-09-10T05:07:21.5624274Z 
contracts	Run npm run check	2026-09-10T05:07:21.5624898Z ##[endgroup]
contracts	Run npm run check	2026-09-10T05:07:21.5664709Z 
contracts	Run npm run check	2026-09-10T05:07:21.5665909Z ##[group]tests/lifetime-declarations.test.ts:
contracts	Run npm run check	2026-09-10T05:07:21.5683538Z (pass) lifetime replacement preserves the source and owned stages [0.15ms]
contracts	Run npm run check	2026-09-10T05:07:21.5696727Z (pass) invalid lifetime declarations fail before evaluating factories or option getters [0.22ms]
contracts	Run npm run check	2026-09-10T05:07:21.5697461Z (pass) options are read once and snapshotted, and replacement clears capture [0.08ms]
contracts	Run npm run check	2026-09-10T05:07:21.5697950Z (pass) all provider transformations retain the immutable policy [0.18ms]
contracts	Run npm run check	2026-09-10T05:07:21.5698618Z 
contracts	Run npm run check	2026-09-10T05:07:21.5698890Z ##[endgroup]
contracts	Run npm run check	2026-09-10T05:07:21.5698992Z 
contracts	Run npm run check	2026-09-10T05:07:21.5699197Z ##[group]tests/type-scale.test.ts:
contracts	Run npm run check	2026-09-10T05:07:22.7268794Z (pass) type scale: 100 bulk providers preserve consumer types [1189.88ms]
contracts	Run npm run check	2026-09-10T05:07:24.8926801Z (pass) type scale: 100 chained providers preserve consumer types [2165.79ms]
contracts	Run npm run check	2026-09-10T05:07:27.3358769Z (pass) type scale: 100 replacement providers preserve consumer types [2443.16ms]
contracts	Run npm run check	2026-09-10T05:07:33.0595143Z (pass) type scale: 1000 grouped providers preserve consumer types [5723.65ms]
contracts	Run npm run check	2026-09-10T05:07:34.0268727Z (pass) type scale: bulk rejects missing at the graph boundary [967.24ms]
contracts	Run npm run check	2026-09-10T05:07:34.9503314Z (pass) type scale: bulk rejects wrong-shape at the graph boundary [923.48ms]
contracts	Run npm run check	2026-09-10T05:07:36.8495402Z (pass) type scale: chained rejects missing at the graph boundary [1898.52ms]
contracts	Run npm run check	2026-09-10T05:07:39.0594641Z (pass) type scale: chained rejects wrong-shape at the graph boundary [2210.56ms]
contracts	Run npm run check	2026-09-10T05:07:45.0175481Z (pass) type scale: grouped rejects missing at the graph boundary [5956.19ms]
contracts	Run npm run check	2026-09-10T05:07:50.9535527Z (pass) type scale: grouped rejects wrong-shape at the graph boundary [5936.90ms]
contracts	Run npm run check	2026-09-10T05:07:53.3452452Z (pass) type scale: replacement rejects missing at the graph boundary [2392.65ms]
contracts	Run npm run check	2026-09-10T05:07:56.0074257Z (pass) type scale: replacement rejects wrong-shape at the graph boundary [2662.07ms]
contracts	Run npm run check	2026-09-10T05:08:21.3117466Z (pass) type scale: 1000 providers from reusable named modules: valid [25304.33ms]
contracts	Run npm run check	2026-09-10T05:08:44.3285833Z (pass) type scale: 1000 providers from reusable named modules: missing [23016.81ms]
contracts	Run npm run check	2026-09-10T05:09:09.1854953Z (pass) type scale: 1000 providers from reusable named modules: wrong-shape [24856.89ms]
contracts	Run npm run check	2026-09-10T05:09:09.1855345Z 
contracts	Run npm run check	2026-09-10T05:09:09.1855744Z ##[endgroup]
contracts	Run npm run check	2026-09-10T05:09:09.1856007Z 
contracts	Run npm run check	2026-09-10T05:09:09.1856595Z ##[group]tests/lifetimes.test.ts:
contracts	Run npm run check	2026-09-10T05:09:09.2045172Z (pass) root, scoped and transient identity have distinct ownership [4.48ms]
contracts	Run npm run check	2026-09-10T05:09:09.2065011Z (pass) child-first roots capture dependencies in the root owner through grandchildren and forks [0.62ms]
contracts	Run npm run check	2026-09-10T05:09:09.2065904Z (pass) same-object transients own separate attempts and preserve every cleanup cause [0.51ms]
contracts	Run npm run check	2026-09-10T05:09:09.2066712Z (pass) raw and native lifetimes retain original pending promises and classification [0.64ms]
contracts	Run npm run check	2026-09-10T05:09:09.2067567Z (pass) failed root cache entries retry across children with new acquisition identities [0.43ms]
contracts	Run npm run check	2026-09-10T05:09:09.2068496Z (pass) public synchronous transient reentrancy is rejected before a second factory invocation [0.30ms]
contracts	Run npm run check	2026-09-10T05:09:09.2069355Z (pass) pure transient post-await ancestry rejects repeated construction [0.60ms]
contracts	Run npm run check	2026-09-10T05:09:09.2070198Z (pass) mixed cached and transient post-await cycles preserve acquisition graph detection [0.22ms]
contracts	Run npm run check	2026-09-10T05:09:09.2071011Z (pass) independent pending transient calls are distinct nonrecursive acquisitions [0.16ms]
contracts	Run npm run check	2026-09-10T05:09:09.2071933Z (pass) a ready transient proxy may create a fresh instance on each later method call [0.17ms]
contracts	Run npm run check	2026-09-10T05:09:09.2072841Z (pass) pending child work acquires roots during parent close and root cleanup follows child cleanup [0.42ms]
contracts	Run npm run check	2026-09-10T05:09:09.2073802Z (pass) strict roots reject new scoped reads directly [0.28ms]
contracts	Run npm run check	2026-09-10T05:09:09.2075497Z (pass) strict roots reject new scoped reads through a transient [0.14ms]
contracts	Run npm run check	2026-09-10T05:09:09.2077029Z (pass) strict roots reject cached scoped reads directly [0.12ms]
contracts	Run npm run check	2026-09-10T05:09:09.2078005Z (pass) strict roots reject cached scoped reads through a transient [0.09ms]
contracts	Run npm run check	2026-09-10T05:09:09.2083521Z (pass) strict capture boundaries survive await and ready transient methods [0.40ms]
contracts	Run npm run check	2026-09-10T05:09:09.2095061Z (pass) strict roots can consume capturing roots without inheriting their permission [0.39ms]
contracts	Run npm run check	2026-09-10T05:09:09.2096198Z (pass) token captive reads reject at the observed edge before scoped creation [0.53ms]
contracts	Run npm run check	2026-09-10T05:09:09.2102070Z (pass) renamed module exports retain private root and transient ownership despite public collisions [0.64ms]
contracts	Run npm run check	2026-09-10T05:09:09.2103719Z (pass) private module scoped capture rejects despite an identically named public root [0.41ms]
contracts	Run npm run check	2026-09-10T05:09:09.2111730Z (pass) failed root rollback and retry retain distinct ownership across child consumers [0.88ms]
contracts	Run npm run check	2026-09-10T05:09:09.2115302Z (pass) child close releases its attempts while a child-first root remains pending [0.36ms]
contracts	Run npm run check	2026-09-10T05:09:09.2118657Z (pass) completed child and retired proxies cannot borrow another attempt closing permission for root reads [0.31ms]
contracts	Run npm run check	2026-09-10T05:09:09.2121559Z (pass) pending source permission survives a ready projection when routing late roots [0.30ms]
contracts	Run npm run check	2026-09-10T05:09:09.2124274Z (pass) family retirement removes cross-owner incoming edges but preserves outgoing rollback dependencies [0.23ms]
contracts	Run npm run check	2026-09-10T05:09:09.2135088Z (pass) retired transient ancestry does not block a retained proxy from retrying its binding [0.24ms]
contracts	Run npm run check	2026-09-10T05:09:09.2136142Z (pass) token roots retain family ownership through a transient token consumer and independent override [0.47ms]
contracts	Run npm run check	2026-09-10T05:09:09.2137159Z (pass) pending source permission survives failed projection rollback for late root reads [0.26ms]
contracts	Run npm run check	2026-09-10T05:09:09.2137721Z 
contracts	Run npm run check	2026-09-10T05:09:09.2138430Z ##[endgroup]
contracts	Run npm run check	2026-09-10T05:09:09.2138611Z 
contracts	Run npm run check	2026-09-10T05:09:09.2138964Z ##[group]tests/dependency-references.test.ts:
contracts	Run npm run check	2026-09-10T05:09:09.2158320Z (pass) optional absence is distinct from a present undefined acquisition [0.51ms]
contracts	Run npm run check	2026-09-10T05:09:09.2185276Z (pass) optional factory failures and native rejections propagate and retry [0.64ms]
contracts	Run npm run check	2026-09-10T05:09:09.2186373Z (pass) lazy scoped dependencies defer construction and retain invocation ownership [0.39ms]
contracts	Run npm run check	2026-09-10T05:09:09.2187599Z (pass) lazy root dependencies defer construction and retain invocation ownership [0.10ms]
contracts	Run npm run check	2026-09-10T05:09:09.2188677Z (pass) lazy transient dependencies defer construction and retain invocation ownership [0.09ms]
contracts	Run npm run check	2026-09-10T05:09:09.2189833Z (pass) all adapters snapshot mixed references by index and authenticate every handle [0.80ms]
contracts	Run npm run check	2026-09-10T05:09:09.2191001Z (pass) lazy reads preserve lexical private tokens, export renames and external optional absence [0.32ms]
contracts	Run npm run check	2026-09-10T05:09:09.2192255Z (pass) lazy closures use shared/root owner context and independent fork overrides [0.79ms]
contracts	Run npm run check	2026-09-10T05:09:09.2193247Z (pass) raw and native references preserve Promise identity and disposal values [0.42ms]
contracts	Run npm run check	2026-09-10T05:09:09.2196531Z (pass) optional synchronous and post-await cycles propagate [0.49ms]
contracts	Run npm run check	2026-09-10T05:09:09.2199224Z (pass) lazy synchronous and post-await cycles propagate [0.27ms]
contracts	Run npm run check	2026-09-10T05:09:09.2205093Z (pass) lazy closure shutdown admission belongs to the capturing source attempt [0.50ms]
contracts	Run npm run check	2026-09-10T05:09:09.2206730Z (pass) observed reference reads retain strict root checks before routing [0.22ms]
contracts	Run npm run check	2026-09-10T05:09:09.2211527Z (pass) lazy reads detect a cycle between already ready consumers [0.43ms]
contracts	Run npm run check	2026-09-10T05:09:09.2214637Z (pass) a pending projection does not extend a lazy source shutdown admission [0.32ms]
contracts	Run npm run check	2026-09-10T05:09:09.2218290Z (pass) root explicit capture and optional reads retain the root lexical context [0.38ms]
contracts	Run npm run check	2026-09-10T05:09:09.2218669Z 
contracts	Run npm run check	2026-09-10T05:09:09.2218985Z ##[endgroup]
contracts	Run npm run check	2026-09-10T05:09:09.2221325Z 
contracts	Run npm run check	2026-09-10T05:09:09.2221765Z ##[group]tests/acquisition-mode.test.ts:
contracts	Run npm run check	2026-09-10T05:09:09.2233863Z (pass) close waits for a native acquisition with shadowed then at source [0.24ms]
contracts	Run npm run check	2026-09-10T05:09:09.2234869Z (pass) close waits for a native acquisition with shadowed then at projection [0.10ms]
contracts	Run npm run check	2026-09-10T05:09:09.2236055Z (pass) close waits for a native acquisition with shadowed then at metadata [0.17ms]
contracts	Run npm run check	2026-09-10T05:09:09.2240586Z (pass) unconfigured core preflights every stage and private module before any factory effects [0.38ms]
contracts	Run npm run check	2026-09-10T05:09:09.2246275Z (pass) facades snapshot and isolate their predicate, carrying it through builders and forks [0.55ms]
contracts	Run npm run check	2026-09-10T05:09:09.2250883Z (pass) invalid configuration, modes and classifier results fail explicitly [0.34ms]
contracts	Run npm run check	2026-09-10T05:09:09.2252091Z (pass) automatic ordinary values preserve the then-presence guard [0.13ms]
contracts	Run npm run check	2026-09-10T05:09:09.2253240Z (pass) raw Promise and then-getter values retain exact ownership without observation or waiting [0.26ms]
contracts	Run npm run check	2026-09-10T05:09:09.2257399Z (pass) explicit native and async projections work without a classifier and preserve previous owners [0.39ms]
contracts	Run npm run check	2026-09-10T05:09:09.2284919Z (pass) auto observes local native state with non-callable then [0.19ms]
contracts	Run npm run check	2026-09-10T05:09:09.2285893Z (pass) native observes local native state with non-callable then [0.04ms]
contracts	Run npm run check	2026-09-10T05:09:09.2286753Z (pass) auto observes foreign native state with non-callable then [0.57ms]
contracts	Run npm run check	2026-09-10T05:09:09.2287840Z (pass) native observes foreign native state with non-callable then [1.05ms]
contracts	Run npm run check	2026-09-10T05:09:09.2288929Z (pass) native metadata preserves raw presence records and explicit payload projection [0.25ms]
contracts	Run npm run check	2026-09-10T05:09:09.2290043Z (pass) async metadata retains a native output contract without a portable classifier [0.20ms]
contracts	Run npm run check	2026-09-10T05:09:09.2290672Z 
contracts	Run npm run check	2026-09-10T05:09:09.2291260Z ##[endgroup]
contracts	Run npm run check	2026-09-10T05:09:09.2291526Z 
contracts	Run npm run check	2026-09-10T05:09:09.2291955Z ##[group]tests/contributions.test.ts:
contracts	Run npm run check	2026-09-10T05:09:09.2298871Z (pass) contributions preserve order, empty reads and array immutability [0.40ms]
contracts	Run npm run check	2026-09-10T05:09:09.2303903Z (pass) host and repeated exportless modules append distinct lexical bindings [0.50ms]
contracts	Run npm run check	2026-09-10T05:09:09.2308855Z (pass) all adapters select frozen arrays and retain module export renames [0.49ms]
contracts	Run npm run check	2026-09-10T05:09:09.2312271Z (pass) root scoped and transient contributions retain individual ownership [0.33ms]
contracts	Run npm run check	2026-09-10T05:09:09.2317191Z (pass) shared aggregate borrows the parent graph while a lazy registry reads its local graph [0.47ms]
contracts	Run npm run check	2026-09-10T05:09:09.2320097Z (pass) partial failure retains accepted ownership and retries only failed contributors [0.29ms]
contracts	Run npm run check	2026-09-10T05:09:09.2322883Z (pass) pending native and raw promises preserve identity and disposal payloads [0.28ms]
contracts	Run npm run check	2026-09-10T05:09:09.2327078Z (pass) self collections participate in ordinary cycle detection [0.41ms]
contracts	Run npm run check	2026-09-10T05:09:09.2330751Z (pass) inspection is immutable nonresolving and does not freeze application values [0.29ms]
contracts	Run npm run check	2026-09-10T05:09:09.2334827Z (pass) forged tokens references and providers reject before provider effects [0.44ms]
contracts	Run npm run check	2026-09-10T05:09:09.2339082Z (pass) cooperative lazy registries admit late collection reads only for their in-flight source [0.45ms]
contracts	Run npm run check	2026-09-10T05:09:09.2341887Z (pass) observed strict roots reject cached scoped contributions before owner routing [0.28ms]
contracts	Run npm run check	2026-09-10T05:09:09.2348560Z (pass) startup failure rolls back accepted contribution ownership [0.64ms]
contracts	Run npm run check	2026-09-10T05:09:09.2349113Z 
contracts	Run npm run check	2026-09-10T05:09:09.2349603Z ##[endgroup]
contracts	Run npm run check	2026-09-10T05:09:09.2350295Z 
contracts	Run npm run check	2026-09-10T05:09:09.2350806Z ##[group]tests/runtime-benchmark-child.test.ts:
contracts	Run npm run check	2026-09-10T05:09:09.2365376Z (pass) build-close constructs 10 registrations without acquiring them [0.81ms]
contracts	Run npm run check	2026-09-10T05:09:09.2367800Z (pass) cold-linear-resolve acquires each of 10 factories once [0.26ms]
contracts	Run npm run check	2026-09-10T05:09:09.2370090Z (pass) warm-root-resolve excludes priming and observes one cached terminal value at 10 [0.21ms]
contracts	Run npm run check	2026-09-10T05:09:09.2373901Z (pass) scope-resolve-close verifies child work after its timed operation at 10 [0.37ms]
contracts	Run npm run check	2026-09-10T05:09:09.2378466Z (pass) transient-resolve-close verifies 10 distinct owned values in reverse cleanup order [0.40ms]
contracts	Run npm run check	2026-09-10T05:09:09.2380910Z (pass) raw-promise-identity retains the exact raw Promise through resolution and disposal at 10 [0.27ms]
contracts	Run npm run check	2026-09-10T05:09:09.2382764Z (pass) node-native-promise awaits the native Promise and disposes its fulfillment at 10 [0.18ms]
contracts	Run npm run check	2026-09-10T05:09:09.2391445Z (pass) build-close constructs 100 registrations without acquiring them [0.39ms]
contracts	Run npm run check	2026-09-10T05:09:09.2400358Z (pass) cold-linear-resolve acquires each of 100 factories once [1.33ms]
contracts	Run npm run check	2026-09-10T05:09:09.2432482Z (pass) warm-root-resolve excludes priming and observes one cached terminal value at 100 [1.65ms]
contracts	Run npm run check	2026-09-10T05:09:09.2434492Z (pass) scope-resolve-close verifies child work after its timed operation at 100 [1.76ms]
contracts	Run npm run check	2026-09-10T05:09:09.2445162Z (pass) transient-resolve-close verifies 100 distinct owned values in reverse cleanup order [1.00ms]
contracts	Run npm run check	2026-09-10T05:09:09.2447899Z (pass) raw-promise-identity retains the exact raw Promise through resolution and disposal at 100 [0.33ms]
contracts	Run npm run check	2026-09-10T05:09:09.2451056Z (pass) node-native-promise awaits the native Promise and disposes its fulfillment at 100 [0.32ms]
contracts	Run npm run check	2026-09-10T05:09:09.2452929Z (pass) scenario preparation rejects unsupported provider counts [0.19ms]
contracts	Run npm run check	2026-09-10T05:09:09.2454280Z (pass) parent expectations cover the complete fixed scenario matrix [0.12ms]
contracts	Run npm run check	2026-09-10T05:09:09.2458810Z (pass) verification rejects a timed result from another preparation [0.34ms]
contracts	Run npm run check	2026-09-10T05:09:09.2461256Z (pass) child argument parser accepts one exact request and rejects malformed or extra input [0.31ms]
contracts	Run npm run check	2026-09-10T05:09:09.2461786Z 
contracts	Run npm run check	2026-09-10T05:09:09.2462227Z ##[endgroup]
contracts	Run npm run check	2026-09-10T05:09:09.2465368Z 
contracts	Run npm run check	2026-09-10T05:09:09.2465703Z ##[group]tests/aliases.test.ts:
contracts	Run npm run check	2026-09-10T05:09:09.2480427Z (pass) named aliases preserve exact canonical object and immutable history [0.31ms]
contracts	Run npm run check	2026-09-10T05:09:09.2492549Z (pass) all token and name combinations and forward token requirements route identically [0.25ms]
contracts	Run npm run check	2026-09-10T05:09:09.2493551Z (pass) aliases preserve explicit raw and native promises without classification [0.35ms]
contracts	Run npm run check	2026-09-10T05:09:09.2494604Z (pass) transient aliases add no ownership and record actual target disposal edges [0.40ms]
contracts	Run npm run check	2026-09-10T05:09:09.2495601Z (pass) module aliases retain private targets and export renames under host collisions [0.51ms]
contracts	Run npm run check	2026-09-10T05:09:09.2498600Z (pass) selected sharing routes alias through parent graph while independent overrides follow child graph [0.30ms]
contracts	Run npm run check	2026-09-10T05:09:09.2501246Z (pass) runtime rejects transient sharing and root captures through aliases before invoking target [0.26ms]
contracts	Run npm run check	2026-09-10T05:09:09.2503473Z (pass) alias inspection reports direct target and canonical attempts without stale target metadata [0.21ms]
contracts	Run npm run check	2026-09-10T05:09:09.2505270Z (pass) alias cycles retain a useful lexical path [0.20ms]
contracts	Run npm run check	2026-09-10T05:09:09.2509794Z (pass) runtime rejects invalid alias selections without changing the builder [0.39ms]
contracts	Run npm run check	2026-09-10T05:09:09.2514368Z (pass) startup through an alias waits for final readiness and retries failed canonical acquisitions [0.43ms]
contracts	Run npm run check	2026-09-10T05:09:09.2521241Z (pass) shared alias inspection identifies its parent target despite a child override [0.69ms]
contracts	Run npm run check	2026-09-10T05:09:09.2522771Z (pass) aliases of root targets retain the root graph under child overrides [0.18ms]
contracts	Run npm run check	2026-09-10T05:09:09.2525908Z (pass) in-flight sources may read aliases while closing and retained reads close with the canonical owner [0.28ms]
contracts	Run npm run check	2026-09-10T05:09:09.2531612Z (pass) module token aliases preserve private identity and external host requirements [0.53ms]
contracts	Run npm run check	2026-09-10T05:09:09.2533830Z (pass) exported target replacements and renames remain visible through module aliases [0.25ms]
contracts	Run npm run check	2026-09-10T05:09:09.2537162Z (pass) re-sharing aliases keeps parent policy while fresh grandchildren and forks use local targets [0.31ms]
contracts	Run npm run check	2026-09-10T05:09:09.2544455Z (pass) strict roots use the effective shared alias policy in both lifetime directions [0.62ms]
contracts	Run npm run check	2026-09-10T05:09:09.2545842Z (pass) raw aliases do not inspect then getters or add cancellation contexts [0.25ms]
contracts	Run npm run check	2026-09-10T05:09:09.2546268Z 
contracts	Run npm run check	2026-09-10T05:09:09.2546627Z ##[endgroup]
contracts	Run npm run check	2026-09-10T05:09:09.2550249Z 
contracts	Run npm run check	2026-09-10T05:09:09.2550682Z ##[group]tests/platform/browser-worker.test.ts:
contracts	Run npm run check	2026-09-10T05:09:09.2588228Z (pass) browser metafile accepts only the installed root export and package-local dependencies [2.63ms]
contracts	Run npm run check	2026-09-10T05:09:09.2634321Z (pass) browser bundle validation rejects stale bytes, sizes, gzip size, metafile and root identity [4.58ms]
contracts	Run npm run check	2026-09-10T05:09:09.2636942Z (pass) Worker protocol accepts exactly one structured portable result and rejects hostile transcripts [0.31ms]
contracts	Run npm run check	2026-09-10T05:09:09.3244483Z (pass) browser Worker lane rechecks the artifact before execution and maps protocol failures [60.60ms]
contracts	Run npm run check	2026-09-10T05:09:09.3458508Z (pass) explicitly unprovisioned browser tools stay unavailable without archive or bundle fallback [21.42ms]
contracts	Run npm run check	2026-09-10T05:09:09.5653516Z (pass) provisioned browser tools execute the real packed archive lane [219.47ms]
contracts	Run npm run check	2026-09-10T05:09:09.5653882Z 
contracts	Run npm run check	2026-09-10T05:09:09.5654362Z ##[endgroup]
contracts	Run npm run check	2026-09-10T05:09:09.5654462Z 
contracts	Run npm run check	2026-09-10T05:09:09.5654552Z 1 tests failed:
contracts	Run npm run check	2026-09-10T05:09:09.5655086Z (fail) archive verifier > installs owned verified bytes and passes real Node/Bun, CJS/ESM, core-only, and declaration oracles [3390.01ms]
contracts	Run npm run check	2026-09-10T05:09:09.5655888Z 
contracts	Run npm run check	2026-09-10T05:09:09.5655969Z  892 pass
contracts	Run npm run check	2026-09-10T05:09:09.5656130Z  1 fail
contracts	Run npm run check	2026-09-10T05:09:09.5656307Z  5496 expect() calls
contracts	Run npm run check	2026-09-10T05:09:09.5656547Z Ran 893 tests across 52 files. [606.10s]
contracts	Run npm run check	2026-09-10T05:09:10.1110074Z ##[error]Process completed with exit code 1.
