contracts	Run npm run check	﻿2026-09-10T05:30:30.1717591Z ##[group]Run npm run check
contracts	Run npm run check	2026-09-10T05:30:30.1717971Z ^[[36;1mnpm run check^[[0m
contracts	Run npm run check	2026-09-10T05:30:30.1764309Z shell: /usr/bin/bash -e {0}
contracts	Run npm run check	2026-09-10T05:30:30.1764635Z ##[endgroup]
contracts	Run npm run check	2026-09-10T05:30:30.2596751Z 
contracts	Run npm run check	2026-09-10T05:30:30.2597583Z > di-bag@0.1.0 check
contracts	Run npm run check	2026-09-10T05:30:30.2598127Z > npm run typecheck && npm test && npm run build
contracts	Run npm run check	2026-09-10T05:30:30.2598437Z 
contracts	Run npm run check	2026-09-10T05:30:30.3402270Z 
contracts	Run npm run check	2026-09-10T05:30:30.3402936Z > di-bag@0.1.0 typecheck
contracts	Run npm run check	2026-09-10T05:30:30.3403390Z > tsc6 -p tsconfig.json
contracts	Run npm run check	2026-09-10T05:30:30.3403595Z 
contracts	Run npm run check	2026-09-10T05:30:37.7546754Z 
contracts	Run npm run check	2026-09-10T05:30:37.7547408Z > di-bag@0.1.0 test
contracts	Run npm run check	2026-09-10T05:30:37.7547795Z > bun test tests
contracts	Run npm run check	2026-09-10T05:30:37.7547965Z 
contracts	Run npm run check	2026-09-10T05:30:37.7591737Z bun test v1.4.0 (34cbb9a40)
contracts	Run npm run check	2026-09-10T05:30:37.7653057Z 
contracts	Run npm run check	2026-09-10T05:30:37.7653729Z ##[group]tests/native-replacement-diagnostics.test.ts:
contracts	Run npm run check	2026-09-10T05:30:39.2651218Z (pass) native replacement diagnostics retain every useful primary and supplemental message [1490.51ms]
contracts	Run npm run check	2026-09-10T05:30:39.2656637Z (pass) strict replacement audit requires useful primary text at its own region [0.32ms]
contracts	Run npm run check	2026-09-10T05:30:39.2657511Z (pass) strict replacement audit requires exact supplemental code and text [0.26ms]
contracts	Run npm run check	2026-09-10T05:30:39.2658278Z (pass) replacement audit keeps its ten source fixtures independent of native gap comments [0.09ms]
contracts	Run npm run check	2026-09-10T05:30:39.2659077Z (pass) replacement audit rejects a fixture when its marker and invalid expression both disappear [0.12ms]
contracts	Run npm run check	2026-09-10T05:30:39.2659406Z 
contracts	Run npm run check	2026-09-10T05:30:39.2659726Z ##[endgroup]
contracts	Run npm run check	2026-09-10T05:30:39.2659822Z 
contracts	Run npm run check	2026-09-10T05:30:39.2660046Z ##[group]tests/platform-deno.test.ts:
contracts	Run npm run check	2026-09-10T05:30:39.2818990Z (pass) portable root contract has host-independent semantics [4.71ms]
contracts	Run npm run check	2026-09-10T05:30:39.2820210Z (pass) portable inspection proof rejects nonobjects and inexact or unfrozen metadata [0.12ms]
contracts	Run npm run check	2026-09-10T05:30:39.2829792Z (pass) Deno child validation requires canonical output from the local installed archive [0.92ms]
contracts	Run npm run check	2026-09-10T05:30:39.2832570Z (pass) Deno child validation fails closed when the expected installation is absent [0.29ms]
contracts	Run npm run check	2026-09-10T05:30:39.4569817Z (pass) an unprovisioned Deno pin yields an explicit unavailable row without touching the archive [173.64ms]
contracts	Run npm run check	2026-09-10T05:30:39.4570762Z 
contracts	Run npm run check	2026-09-10T05:30:39.4571510Z ##[endgroup]
contracts	Run npm run check	2026-09-10T05:30:39.4571912Z 
contracts	Run npm run check	2026-09-10T05:30:39.4572451Z ##[group]tests/final-adversarial-integration.test.ts:
contracts	Run npm run check	2026-09-10T05:30:39.4801246Z (pass) I1 preserves its deterministic adversarial source oracle [20.00ms]
contracts	Run npm run check	2026-09-10T05:30:39.4903644Z (pass) I2 preserves its deterministic adversarial source oracle [10.31ms]
contracts	Run npm run check	2026-09-10T05:30:39.5004170Z (pass) I3 preserves its deterministic adversarial source oracle [10.03ms]
contracts	Run npm run check	2026-09-10T05:30:39.5093646Z (pass) I4 preserves its deterministic adversarial source oracle [8.95ms]
contracts	Run npm run check	2026-09-10T05:30:39.5204374Z (pass) I5 preserves its deterministic adversarial source oracle [11.00ms]
contracts	Run npm run check	2026-09-10T05:30:39.5286050Z (pass) I6 preserves its deterministic adversarial source oracle [8.17ms]
contracts	Run npm run check	2026-09-10T05:30:39.5362694Z (pass) I7 preserves its deterministic adversarial source oracle [7.67ms]
contracts	Run npm run check	2026-09-10T05:30:39.5432436Z (pass) I8 preserves its deterministic adversarial source oracle [6.97ms]
contracts	Run npm run check	2026-09-10T05:30:39.5500794Z (pass) I9 preserves its deterministic adversarial source oracle [6.84ms]
contracts	Run npm run check	2026-09-10T05:30:39.5570558Z (pass) I10 preserves its deterministic adversarial source oracle [6.93ms]
contracts	Run npm run check	2026-09-10T05:30:39.5645902Z (pass) I11 preserves its deterministic adversarial source oracle [7.57ms]
contracts	Run npm run check	2026-09-10T05:30:39.5725040Z (pass) I13 preserves its deterministic adversarial source oracle [7.91ms]
contracts	Run npm run check	2026-09-10T05:30:39.5798344Z (pass) I12 disposes accepted late ownership before independent immediate ownership [7.31ms]
contracts	Run npm run check	2026-09-10T05:30:39.5799040Z 
contracts	Run npm run check	2026-09-10T05:30:39.5799850Z ##[endgroup]
contracts	Run npm run check	2026-09-10T05:30:39.5800437Z 
contracts	Run npm run check	2026-09-10T05:30:39.5800952Z ##[group]tests/token-scale.test.ts:
contracts	Run npm run check	2026-09-10T05:30:42.1126897Z (pass) token scale: 100 bindings valid [2532.14ms]
contracts	Run npm run check	2026-09-10T05:30:44.7294352Z (pass) token scale: 100 bindings missing-final-token [2616.70ms]
contracts	Run npm run check	2026-09-10T05:30:47.4211428Z (pass) token scale: 100 bindings mismatched-invariant-service [2691.73ms]
contracts	Run npm run check	2026-09-10T05:30:50.7373371Z (pass) token scale: 100 modules valid [3316.19ms]
contracts	Run npm run check	2026-09-10T05:30:54.0490885Z (pass) token scale: 100 modules missing-final-token [3311.70ms]
contracts	Run npm run check	2026-09-10T05:30:57.3150487Z (pass) token scale: 100 modules mismatched-invariant-service [3265.99ms]
contracts	Run npm run check	2026-09-10T05:30:57.3150935Z 
contracts	Run npm run check	2026-09-10T05:30:57.3151388Z ##[endgroup]
contracts	Run npm run check	2026-09-10T05:30:57.3151538Z 
contracts	Run npm run check	2026-09-10T05:30:57.3151886Z ##[group]tests/plugins.test.ts:
contracts	Run npm run check	2026-09-10T05:30:57.3209359Z (pass) plugin validation retains raw source ownership on success and failure [0.61ms]
contracts	Run npm run check	2026-09-10T05:30:57.3211720Z (pass) plugin descriptor requires own protocol fields before factory effects [0.23ms]
contracts	Run npm run check	2026-09-10T05:30:57.3221364Z (pass) plugin preflight validates dependencies and options before descriptor reads [0.11ms]
contracts	Run npm run check	2026-09-10T05:30:57.3222797Z (pass) plugin descriptor preflight preserves accessor errors and ignores extra getters [0.15ms]
contracts	Run npm run check	2026-09-10T05:30:57.3223749Z (pass) plugin snapshots dependencies, options and callbacks before later mutation [0.29ms]
contracts	Run npm run check	2026-09-10T05:30:57.3224660Z (pass) plugin routes required optional lazy and all dependency references positionally [0.36ms]
contracts	Run npm run check	2026-09-10T05:30:57.3227426Z (pass) raw plugin validation does not assimilate values or validator results [0.62ms]
contracts	Run npm run check	2026-09-10T05:30:57.3230103Z (pass) native plugin validates fulfilled values, caches final output and releases source ownership [0.26ms]
contracts	Run npm run check	2026-09-10T05:30:57.3233804Z (pass) native plugin rejection and output validation preserve causes and ownership [0.37ms]
contracts	Run npm run check	2026-09-10T05:30:57.3235073Z (pass) native plugins require a genuine Promise source [0.17ms]
contracts	Run npm run check	2026-09-10T05:30:57.3238823Z (pass) startup rollback releases an accepted plugin source once [0.33ms]
contracts	Run npm run check	2026-09-10T05:30:57.3241937Z (pass) plugin callbacks use no receiver and preserve factory and validator failures [0.30ms]
contracts	Run npm run check	2026-09-10T05:30:57.3250770Z (pass) plugin composition retains module privacy, aliases, contributions and selected sharing [0.84ms]
contracts	Run npm run check	2026-09-10T05:30:57.3253481Z (pass) plugin observers retain the canonical acquisition and cleanup events [0.30ms]
contracts	Run npm run check	2026-09-10T05:30:57.3255699Z (pass) native plugin readiness waits for source validation [0.22ms]
contracts	Run npm run check	2026-09-10T05:30:57.3257774Z (pass) plugin close waits for accepted disposer cleanup exactly once [0.19ms]
contracts	Run npm run check	2026-09-10T05:30:57.3260988Z (pass) plugin validation errors survive one failed retirement cleanup [0.29ms]
contracts	Run npm run check	2026-09-10T05:30:57.3263489Z (pass) plugin observer lifecycle events identify its canonical acquisition [0.25ms]
contracts	Run npm run check	2026-09-10T05:30:57.3263896Z 
contracts	Run npm run check	2026-09-10T05:30:57.3264261Z ##[endgroup]
contracts	Run npm run check	2026-09-10T05:30:57.3264399Z 
contracts	Run npm run check	2026-09-10T05:30:57.3264715Z ##[group]tests/platform-tools.test.ts:
contracts	Run npm run check	2026-09-10T05:30:57.3332213Z (pass) tool capture binds the actual artifact and exact observed version output [5.90ms]
contracts	Run npm run check	2026-09-10T05:30:57.3673403Z (pass) tool capture rejects wrong versions, substring matches and unsuccessful probes [34.06ms]
contracts	Run npm run check	2026-09-10T05:30:57.3674016Z 
contracts	Run npm run check	2026-09-10T05:30:57.3674681Z ##[endgroup]
contracts	Run npm run check	2026-09-10T05:30:57.3674835Z 
contracts	Run npm run check	2026-09-10T05:30:57.3675152Z ##[group]tests/observers.test.ts:
contracts	Run npm run check	2026-09-10T05:30:57.3693951Z (pass) observers preserve raw identity and explicit ownership [0.64ms]
contracts	Run npm run check	2026-09-10T05:30:57.3696853Z (pass) ready follows the final native stage while retaining exposed identity [0.30ms]
contracts	Run npm run check	2026-09-10T05:30:57.3701405Z (pass) observer failure monitoring handles throws, rejection and throwing then without gating shutdown [0.38ms]
contracts	Run npm run check	2026-09-10T05:30:57.3706017Z (pass) configuration snapshots callbacks, appends in order and retains classification [0.47ms]
contracts	Run npm run check	2026-09-10T05:30:57.3708297Z (pass) reentrant observer resolution runs outside factory ancestry and respects published close [0.23ms]
contracts	Run npm run check	2026-09-10T05:30:57.3715841Z (pass) canonical owners distinguish shared roots, independent forks, contributions and transients [0.74ms]
contracts	Run npm run check	2026-09-10T05:30:57.3720503Z (pass) failed final projections retire accepted ownership once and preserve cleanup errors [0.46ms]
contracts	Run npm run check	2026-09-10T05:30:57.3722500Z (pass) intermediate native failure bypassed by raw projection is not final failure [0.21ms]
contracts	Run npm run check	2026-09-10T05:30:57.3727498Z (pass) private module frames are immutable snapshots without freezing application metadata [0.48ms]
contracts	Run npm run check	2026-09-10T05:30:57.3731597Z (pass) startup rollback observes accepted cleanup while preserving the startup cause [0.41ms]
contracts	Run npm run check	2026-09-10T05:30:57.3737359Z (pass) cancellation observes late accepted resources and final failure without awaiting telemetry [0.56ms]
contracts	Run npm run check	2026-09-10T05:30:57.3738937Z (pass) throwing-then error sink results are consumed and appending duplicates keeps every callback [0.16ms]
contracts	Run npm run check	2026-09-10T05:30:57.3741195Z (pass) delivery keeps emission order across immutable appended facade configurations [0.20ms]
contracts	Run npm run check	2026-09-10T05:30:57.3741658Z 
contracts	Run npm run check	2026-09-10T05:30:57.3741969Z ##[endgroup]
contracts	Run npm run check	2026-09-10T05:30:57.3742115Z 
contracts	Run npm run check	2026-09-10T05:30:57.3742425Z ##[group]tests/performance-baseline.test.ts:
contracts	Run npm run check	2026-09-10T05:30:57.4662450Z (pass) review requires median, p95 and paired interval regression predicates together [87.99ms]
contracts	Run npm run check	2026-09-10T05:30:57.4786906Z (pass) ordinary hosts remain informational even when every review threshold is met [12.50ms]
contracts	Run npm run check	2026-09-10T05:30:57.4788999Z (pass) paired verdict validates the exact 31-sample protocol and unsigned seed [0.23ms]
contracts	Run npm run check	2026-09-10T05:30:57.4791786Z (pass) seeded execution order is reproducible, balanced and alternates pair orientation [0.27ms]
contracts	Run npm run check	2026-09-10T05:30:57.4811431Z (pass) paired collection runs serial warmups and retains samples in pair index order [1.95ms]
contracts	Run npm run check	2026-09-10T05:30:57.4813620Z (pass) paired collection journals a rejected execution before validation stops the run [0.21ms]
contracts	Run npm run check	2026-09-10T05:30:57.4815614Z (pass) comparison command accepts an exact pinned baseline and unsigned seed only [0.20ms]
contracts	Run npm run check	2026-09-10T05:30:57.5095395Z (pass) comparison row validation rejects incomplete, unsafe and unpaired evidence [27.91ms]
contracts	Run npm run check	2026-09-10T05:30:57.5096439Z (pass) journaling retains unavailable and failed terminal rows as well as validated summaries [0.13ms]
contracts	Run npm run check	2026-09-10T05:30:59.4071515Z (pass) baseline archive is built from the exact commit with retained source and tool identities [1897.12ms]
contracts	Run npm run check	2026-09-10T05:30:59.4071919Z 
contracts	Run npm run check	2026-09-10T05:30:59.4072268Z ##[endgroup]
contracts	Run npm run check	2026-09-10T05:30:59.4072369Z 
contracts	Run npm run check	2026-09-10T05:30:59.4072606Z ##[group]tests/token-package.test.ts:
contracts	Run npm run check	2026-09-10T05:31:01.7109646Z (pass) installed node cjs facade shares core tokens, modes and acquisition metadata [34.97ms]
contracts	Run npm run check	2026-09-10T05:31:01.7465049Z (pass) installed node mjs facade shares core tokens, modes and acquisition metadata [35.53ms]
contracts	Run npm run check	2026-09-10T05:31:01.7655283Z (pass) installed bun cjs facade shares core tokens, modes and acquisition metadata [19.06ms]
contracts	Run npm run check	2026-09-10T05:31:01.7815203Z (pass) installed bun mjs facade shares core tokens, modes and acquisition metadata [15.97ms]
contracts	Run npm run check	2026-09-10T05:31:01.8179810Z (pass) installed token composition crosses Node commonjs and the other loader [36.49ms]
contracts	Run npm run check	2026-09-10T05:31:04.8175188Z (pass) installed commonjs token-modules declaration survives emission and unchanged consumption [2999.40ms]
contracts	Run npm run check	2026-09-10T05:31:06.7750087Z (pass) installed commonjs incremental-modules declaration survives emission and unchanged consumption [1957.50ms]
contracts	Run npm run check	2026-09-10T05:31:08.7037363Z (pass) installed commonjs replacement-reflection declaration survives emission and unchanged consumption [1928.45ms]
contracts	Run npm run check	2026-09-10T05:31:08.7717703Z (pass) installed token composition crosses Node module and the other loader [68.28ms]
contracts	Run npm run check	2026-09-10T05:31:11.2096919Z (pass) installed module token-modules declaration survives emission and unchanged consumption [2437.88ms]
contracts	Run npm run check	2026-09-10T05:31:13.1836025Z (pass) installed module incremental-modules declaration survives emission and unchanged consumption [1973.90ms]
contracts	Run npm run check	2026-09-10T05:31:15.0670430Z (pass) installed module replacement-reflection declaration survives emission and unchanged consumption [1883.42ms]
contracts	Run npm run check	2026-09-10T05:31:15.0699934Z 
contracts	Run npm run check	2026-09-10T05:31:15.0700526Z ##[endgroup]
contracts	Run npm run check	2026-09-10T05:31:15.0701392Z 
contracts	Run npm run check	2026-09-10T05:31:15.0701841Z ##[group]tests/boundaries.test.ts:
contracts	Run npm run check	2026-09-10T05:31:15.0881664Z (pass) fork changes only the selected key hidden behind a narrowed override map [0.88ms]
contracts	Run npm run check	2026-09-10T05:31:15.0904492Z (pass) unselected override values and getters never participate [0.23ms]
contracts	Run npm run check	2026-09-10T05:31:15.0911568Z (pass) hidden duplicate additions throw atomically and leave builders reusable [0.29ms]
contracts	Run npm run check	2026-09-10T05:31:15.0912430Z (pass) hidden new keys cannot later silently replace visible registrations [0.13ms]
contracts	Run npm run check	2026-09-10T05:31:15.0913258Z (pass) add snapshots every own entry and validates before producing a builder [0.28ms]
contracts	Run npm run check	2026-09-10T05:31:15.0914113Z (pass) replacement writes its explicit key and preserves earlier builders [0.24ms]
contracts	Run npm run check	2026-09-10T05:31:15.0914917Z (pass) fork requires selected own entries before reading any selected getter [0.26ms]
contracts	Run npm run check	2026-09-10T05:31:15.0915527Z (pass) fork snapshots selection before an override getter mutates the caller tuple [0.14ms]
contracts	Run npm run check	2026-09-10T05:31:15.0921437Z (pass) fork selects indexed tuple entries even when its iterator omits a key [0.13ms]
contracts	Run npm run check	2026-09-10T05:31:15.0922226Z (pass) fork batches selected replacements without using the single-binding graph path [0.29ms]
contracts	Run npm run check	2026-09-10T05:31:15.0922863Z (pass) empty forks reuse the graph without reading unselected values and retain fresh ownership [0.71ms]
contracts	Run npm run check	2026-09-10T05:31:15.0923474Z (pass) selected overrides can depend on richer capabilities of other selected services [0.40ms]
contracts	Run npm run check	2026-09-10T05:31:15.0924047Z (pass) runtime registration validation rejects cloned and forged owned handles [0.18ms]
contracts	Run npm run check	2026-09-10T05:31:15.0924560Z (pass) normalization does not expose mutable ownership registry metadata [0.17ms]
contracts	Run npm run check	2026-09-10T05:31:15.0925015Z (pass) unchecked source Bag construction is not exported [0.02ms]
contracts	Run npm run check	2026-09-10T05:31:15.0925479Z (pass) plain registration maps from another realm retain their own factories [0.79ms]
contracts	Run npm run check	2026-09-10T05:31:15.0925808Z 
contracts	Run npm run check	2026-09-10T05:31:15.0926244Z ##[endgroup]
contracts	Run npm run check	2026-09-10T05:31:15.0926429Z 
contracts	Run npm run check	2026-09-10T05:31:15.0926766Z ##[group]tests/wbs-scope.test.ts:
contracts	Run npm run check	2026-09-10T05:31:15.1033860Z (pass) WBS scopes borrow infrastructure and recreate stores, collectors and services [1.29ms]
contracts	Run npm run check	2026-09-10T05:31:15.1038003Z (pass) an explicitly shared WBS service keeps its original stores and broadcaster [0.44ms]
contracts	Run npm run check	2026-09-10T05:31:15.1040813Z (pass) closing the root disposes its resources but leaves the startup-owned source usable [0.30ms]
contracts	Run npm run check	2026-09-10T05:31:15.1044395Z (pass) startup cleans every owner and discards held announcements when batch work fails [0.36ms]
contracts	Run npm run check	2026-09-10T05:31:15.1050739Z (pass) startup still closes later bags and its source when multiple disposers fail [0.58ms]
contracts	Run npm run check	2026-09-10T05:31:15.1054250Z (pass) a factory cleans partial acquisition before throwing; the bag does not dispose it twice [0.36ms]
contracts	Run npm run check	2026-09-10T05:31:15.1061731Z (pass) the runnable example reports published work and complete shutdown [0.43ms]
contracts	Run npm run check	2026-09-10T05:31:15.1062449Z 
contracts	Run npm run check	2026-09-10T05:31:15.1062828Z ##[endgroup]
contracts	Run npm run check	2026-09-10T05:31:15.1062977Z 
contracts	Run npm run check	2026-09-10T05:31:15.1063299Z ##[group]tests/runtime-scale.test.ts:
contracts	Run npm run check	2026-09-10T05:31:15.2992270Z (pass) closing a deep graph disposes every dependent before its dependency exactly once [190.92ms]
contracts	Run npm run check	2026-09-10T05:31:15.3011119Z (pass) retiring an acquisition touches only its actual incoming consumers [3.15ms]
contracts	Run npm run check	2026-09-10T05:31:15.3019749Z (pass) repeated reads of an existing edge do not traverse the downstream graph again [1.00ms]
contracts	Run npm run check	2026-09-10T05:31:15.3277863Z (pass) late edges across a deep ready graph find cycles without overflowing the stack [25.99ms]
contracts	Run npm run check	2026-09-10T05:31:15.3286279Z (pass) one module lexical map is snapshotted once while external mutations stay isolated [0.87ms]
contracts	Run npm run check	2026-09-10T05:31:15.3288219Z (pass) releasing a consumer removes its reverse incoming entries without retiring live peers [0.19ms]
contracts	Run npm run check	2026-09-10T05:31:15.3290492Z (pass) a branching late cycle reports the first dependency-order path and leaves its rejected edge absent [0.20ms]
contracts	Run npm run check	2026-09-10T05:31:15.3290860Z 
contracts	Run npm run check	2026-09-10T05:31:15.3291195Z ##[endgroup]
contracts	Run npm run check	2026-09-10T05:31:15.3292815Z 
contracts	Run npm run check	2026-09-10T05:31:15.3293270Z ##[group]tests/startup.test.ts:
contracts	Run npm run check	2026-09-10T05:31:15.3430058Z (pass) contexts follow acquisition owners through child-first roots and independent forks [0.73ms]
contracts	Run npm run check	2026-09-10T05:31:15.3433059Z (pass) abort listeners cannot reenter any closing scope admission gate [0.42ms]
contracts	Run npm run check	2026-09-10T05:31:15.3442710Z (pass) startup waits for selected native acquisition while leaving unrelated providers lazy [0.89ms]
contracts	Run npm run check	2026-09-10T05:31:15.3447644Z (pass) startup uses native observation with shadowed then and treats raw promises as ready [0.50ms]
contracts	Run npm run check	2026-09-10T05:31:15.3453914Z (pass) a ready native projection starts while its source remains pending until shutdown [0.62ms]
contracts	Run npm run check	2026-09-10T05:31:15.3458175Z (pass) failed native projection aborts a cooperative pending source before cleanup [0.41ms]
contracts	Run npm run check	2026-09-10T05:31:15.3463459Z (pass) sequential startup waits before invoking the next selection [0.55ms]
contracts	Run npm run check	2026-09-10T05:31:15.3467465Z (pass) startup selects genuine tokens and keeps separate owned transient attempts [0.39ms]
contracts	Run npm run check	2026-09-10T05:31:15.3470479Z (pass) late contextual dependencies receive an already aborted owner signal [0.26ms]
contracts	Run npm run check	2026-09-10T05:31:15.3478202Z (pass) startup removes its abort listener on success [0.78ms]
contracts	Run npm run check	2026-09-10T05:31:15.3479915Z (pass) startup removes its abort listener on failure [0.14ms]
contracts	Run npm run check	2026-09-10T05:31:15.3481630Z (pass) startup removes its abort listener on aborted [0.12ms]
contracts	Run npm run check	2026-09-10T05:31:15.3533577Z (pass) startup removes its abort listener on timeout [5.26ms]
contracts	Run npm run check	2026-09-10T05:31:15.3536415Z (pass) startup snapshots option getters once after snapshotting all selected keys [0.26ms]
contracts	Run npm run check	2026-09-10T05:31:15.3541280Z (pass) sequential startup stops after failure and waits for cleanup with original causes [0.47ms]
contracts	Run npm run check	2026-09-10T05:31:15.3544145Z (pass) parallel startup starts later selections after synchronous failure and cleans pending ownership [0.28ms]
contracts	Run npm run check	2026-09-10T05:31:15.3548528Z (pass) aborted rejects before late ownership and exposes eventual cleanup failure [0.43ms]
contracts	Run npm run check	2026-09-10T05:31:15.3601489Z (pass) timeout rejects before late ownership and exposes eventual cleanup failure [5.27ms]
contracts	Run npm run check	2026-09-10T05:31:15.3606971Z (pass) already aborted startup does not invoke any factories [0.55ms]
contracts	Run npm run check	2026-09-10T05:31:15.3609932Z (pass) cancellation can interrupt cleanup after ordinary startup failure [0.29ms]
contracts	Run npm run check	2026-09-10T05:31:15.3614956Z (pass) successful startup removes external cancellation and snapshots indexed selections [0.48ms]
contracts	Run npm run check	2026-09-10T05:31:15.3619056Z (pass) invalid startup inputs reject before factory or unsupported option getter effects [0.40ms]
contracts	Run npm run check	2026-09-10T05:31:15.3622903Z (pass) numeric startup 1 bounds selected readiness and preserves promise identity [0.39ms]
contracts	Run npm run check	2026-09-10T05:31:15.3623842Z (pass) numeric startup 2 bounds selected readiness and preserves promise identity [0.13ms]
contracts	Run npm run check	2026-09-10T05:31:15.3625310Z (pass) numeric startup 20 bounds selected readiness and preserves promise identity [0.11ms]
contracts	Run npm run check	2026-09-10T05:31:15.3629372Z (pass) numeric startup 1 snapshots options and retains duplicate selected lifetimes [0.36ms]
contracts	Run npm run check	2026-09-10T05:31:15.3630478Z (pass) numeric startup 2 snapshots options and retains duplicate selected lifetimes [0.10ms]
contracts	Run npm run check	2026-09-10T05:31:15.3633633Z (pass) numeric startup uses final raw readiness while owned sources remain pending [0.36ms]
contracts	Run npm run check	2026-09-10T05:31:15.3639867Z (pass) bounded startup stops dequeuing after failure and cleans started work [0.59ms]
contracts	Run npm run check	2026-09-10T05:31:15.3641665Z (pass) bounded startup stops dequeuing after aborted and cleans started work [0.21ms]
contracts	Run npm run check	2026-09-10T05:31:15.3695047Z (pass) bounded startup stops dequeuing after timeout and cleans started work [5.30ms]
contracts	Run npm run check	2026-09-10T05:31:15.3697726Z (pass) numeric startup rejects invalid bounds before factories [0.26ms]
contracts	Run npm run check	2026-09-10T05:31:15.3702564Z (pass) numeric startup stops initial worker admission when a factory aborts synchronously [0.47ms]
contracts	Run npm run check	2026-09-10T05:31:15.3702899Z 
contracts	Run npm run check	2026-09-10T05:31:15.3703577Z ##[endgroup]
contracts	Run npm run check	2026-09-10T05:31:15.3703735Z 
contracts	Run npm run check	2026-09-10T05:31:15.3704071Z ##[group]tests/projections.test.ts:
contracts	Run npm run check	2026-09-10T05:31:15.3718378Z (pass) a projected service does not replace its source disposer argument [0.19ms]
contracts	Run npm run check	2026-09-10T05:31:15.3723454Z (pass) an ownership operation on a metadata provider retains earlier ownership [0.50ms]
contracts	Run npm run check	2026-09-10T05:31:15.3724725Z (pass) mapSync receives and returns exact Promise identities [0.15ms]
contracts	Run npm run check	2026-09-10T05:31:15.3729600Z (pass) mapAsync rejects source and projector throws with their original values [0.45ms]
contracts	Run npm run check	2026-09-10T05:31:15.3731750Z (pass) mapAsync awaits recursive projector thenables and source fulfillment [0.22ms]
contracts	Run npm run check	2026-09-10T05:31:15.3736445Z (pass) a failed sync projection releases late source ownership [0.47ms]
contracts	Run npm run check	2026-09-10T05:31:15.3739831Z (pass) a synchronous status projection stays cached after its raw Promise rejects [0.32ms]
contracts	Run npm run check	2026-09-10T05:31:15.3742218Z (pass) ready outer ownership closes before a raw stage accepted later [0.24ms]
contracts	Run npm run check	2026-09-10T05:31:15.3747552Z (pass) failed projections clean only their stages and preserve cached dependencies [0.48ms]
contracts	Run npm run check	2026-09-10T05:31:15.3751085Z (pass) sync failure starts asynchronous cleanup without waiting and close drains it [0.28ms]
contracts	Run npm run check	2026-09-10T05:31:15.3754289Z (pass) late old ownership cannot evict or dispose a successful retry [0.39ms]
contracts	Run npm run check	2026-09-10T05:31:15.3764530Z (pass) retired cleanup errors keep invocation order and original attempt identities [1.00ms]
contracts	Run npm run check	2026-09-10T05:31:15.3767133Z (pass) a pending source can read dependencies in close after an outer projection is ready [0.26ms]
contracts	Run npm run check	2026-09-10T05:31:15.3769324Z (pass) a pending source can finish dependencies after its outer projection failed [0.23ms]
contracts	Run npm run check	2026-09-10T05:31:15.3773462Z (pass) completed source proxies cannot borrow a pending projection or retry permission [0.33ms]
contracts	Run npm run check	2026-09-10T05:31:15.3774652Z (pass) mapped dependencies still reject genuine acquisition cycles [0.22ms]
contracts	Run npm run check	2026-09-10T05:31:15.3777258Z (pass) asynchronous mappings preserve post-await cycle detection [0.26ms]
contracts	Run npm run check	2026-09-10T05:31:15.3779843Z (pass) a completed source cannot use its still pending asynchronous projector permission [0.25ms]
contracts	Run npm run check	2026-09-10T05:31:15.3783089Z (pass) mapping and added finalizers run receiver-free across metadata operations [0.30ms]
contracts	Run npm run check	2026-09-10T05:31:15.3787438Z (pass) failed outer projections retain owned values until a pending projector finishes using them [0.42ms]
contracts	Run npm run check	2026-09-10T05:31:15.3792914Z (pass) failed exposed acquisition abandons incoming edges while its owned source can acquire the recovered parent [0.51ms]
contracts	Run npm run check	2026-09-10T05:31:15.3793519Z 
contracts	Run npm run check	2026-09-10T05:31:15.3793853Z ##[endgroup]
contracts	Run npm run check	2026-09-10T05:31:15.3794014Z 
contracts	Run npm run check	2026-09-10T05:31:15.3794334Z ##[group]tests/binding-graph.test.ts:
contracts	Run npm run check	2026-09-10T05:31:15.3807328Z (pass) private bindings with the same label have distinct memoized identities [0.46ms]
contracts	Run npm run check	2026-09-10T05:31:15.3809558Z (pass) an owned private dependency closes after its public dependent [0.23ms]
contracts	Run npm run check	2026-09-10T05:31:15.3811613Z (pass) private Promise-valued bindings preserve their original exposed identity [0.19ms]
contracts	Run npm run check	2026-09-10T05:31:15.3815964Z (pass) graph snapshots preserve lexical private refs while forks use replaced public slots [0.43ms]
contracts	Run npm run check	2026-09-10T05:31:15.3819108Z (pass) batch public bindings preserve ordered duplicates and retained private identities [0.29ms]
contracts	Run npm run check	2026-09-10T05:31:15.3819642Z (pass) an empty public binding batch preserves immutable graph identity [0.02ms]
contracts	Run npm run check	2026-09-10T05:31:15.3820879Z (pass) mutating graph input maps cannot change public lookup or binding descriptions [0.17ms]
contracts	Run npm run check	2026-09-10T05:31:15.3824285Z (pass) cycles through private aliases discovered after await show binding labels [0.28ms]
contracts	Run npm run check	2026-09-10T05:31:15.3824772Z 
contracts	Run npm run check	2026-09-10T05:31:15.3825112Z ##[endgroup]
contracts	Run npm run check	2026-09-10T05:31:15.3825262Z 
contracts	Run npm run check	2026-09-10T05:31:15.3825613Z ##[group]tests/performance-evidence.test.ts:
contracts	Run npm run check	2026-09-10T05:31:15.3849771Z (pass) validates one canonical runtime sample and preserves its provenance [0.65ms]
contracts	Run npm run check	2026-09-10T05:31:15.3854619Z (pass) rejects a correct duration with an incorrect workload checksum [0.49ms]
contracts	Run npm run check	2026-09-10T05:31:15.3860114Z (pass) rejects every semantic control mismatch [0.58ms]
contracts	Run npm run check	2026-09-10T05:31:15.3868753Z (pass) rejects invalid request provenance rather than attaching it to a valid child result [0.84ms]
contracts	Run npm run check	2026-09-10T05:31:15.3874004Z (pass) rejects invalid duration arithmetic and malformed result fields [0.54ms]
contracts	Run npm run check	2026-09-10T05:31:15.3881542Z (pass) requires the resolved public entry to stay inside the real installed package [0.74ms]
contracts	Run npm run check	2026-09-10T05:31:15.3885829Z (pass) rejects noncanonical package and entry paths even when they resolve inside the archive [0.41ms]
contracts	Run npm run check	2026-09-10T05:31:15.3892441Z (pass) parses only one canonical JSON object from a clean successful child [0.67ms]
contracts	Run npm run check	2026-09-10T05:31:15.3897088Z (pass) rejects child timeout, signal, status, stderr and unexpected schema keys [0.46ms]
contracts	Run npm run check	2026-09-10T05:31:15.3903506Z (pass) runtime runner validates the execution returned for the exact request [0.63ms]
contracts	Run npm run check	2026-09-10T05:31:15.3905553Z (pass) computes summary from every raw nanosecond without mutating input [0.20ms]
contracts	Run npm run check	2026-09-10T05:31:15.3907196Z (pass) summary rejects absent, nonpositive and unsafe samples instead of producing invalid arithmetic [0.15ms]
contracts	Run npm run check	2026-09-10T05:31:15.4139940Z (pass) paired bootstrap is seeded, paired and sensitive to seed mutations [23.21ms]
contracts	Run npm run check	2026-09-10T05:31:15.4141101Z (pass) paired bootstrap rejects length, seed, count and denominator errors [0.18ms]
contracts	Run npm run check	2026-09-10T05:31:15.4143954Z (pass) scenario execution awaits only runTimed between clock reads and verifies afterwards [0.26ms]
contracts	Run npm run check	2026-09-10T05:31:15.4145567Z (pass) scenario execution rejects a backwards or zero clock before accepting evidence [0.15ms]
contracts	Run npm run check	2026-09-10T05:31:15.4152955Z (pass) child protocol prepares before timing and emits request identity with verified work [0.71ms]
contracts	Run npm run check	2026-09-10T05:31:15.4173120Z (pass) current-only collection runs five warmups then retains 31 validated samples serially [2.02ms]
contracts	Run npm run check	2026-09-10T05:31:15.4179867Z (pass) collection journals every execution before validation so a late failure retains prior and rejected output [0.63ms]
contracts	Run npm run check	2026-09-10T05:31:15.4182489Z (pass) current evidence validation requires reproducible environment, tools, fixture and source identities [0.27ms]
contracts	Run npm run check	2026-09-10T05:31:15.4195331Z (pass) runtime journals use exclusive per-invocation paths and never truncate prior evidence [1.26ms]
contracts	Run npm run check	2026-09-10T05:31:15.4201818Z (pass) actual child printer writes one canonical newline-terminated object accepted by the parent [0.66ms]
contracts	Run npm run check	2026-09-10T05:31:15.4202297Z 
contracts	Run npm run check	2026-09-10T05:31:15.4202670Z ##[endgroup]
contracts	Run npm run check	2026-09-10T05:31:15.4203734Z 
contracts	Run npm run check	2026-09-10T05:31:15.4204102Z ##[group]tests/acquisition-metadata.test.ts:
contracts	Run npm run check	2026-09-10T05:31:15.4221153Z (pass) metadata is lazy, ordered, copied with hidden symbols, and retained after projection [0.62ms]
contracts	Run npm run check	2026-09-10T05:31:15.4224553Z (pass) immediate metadata retains raw Promise identity, policy, and outer disposer value [0.35ms]
contracts	Run npm run check	2026-09-10T05:31:15.4227396Z (pass) async metadata awaits raw thenables and exposes a native Promise [0.29ms]
contracts	Run npm run check	2026-09-10T05:31:15.4232453Z (pass) native acquisition remains pending and disposes fulfilled values after immediate annotation [0.46ms]
contracts	Run npm run check	2026-09-10T05:31:15.4236419Z (pass) annotation errors preserve original failures, cleanup, and independent retries and scopes [0.40ms]
contracts	Run npm run check	2026-09-10T05:31:15.4239570Z (pass) async annotation rejection cleans source ownership and skips failed sources [0.31ms]
contracts	Run npm run check	2026-09-10T05:31:15.4257892Z (pass) metadata callbacks and returned records reject malformed and asynchronous values [1.43ms]
contracts	Run npm run check	2026-09-10T05:31:15.4260948Z (pass) annotations retain present undefined values and add no ownership [0.70ms]
contracts	Run npm run check	2026-09-10T05:31:15.4275503Z (pass) rejecting accidentally async metadata observes its rejected Promise in both modes [1.46ms]
contracts	Run npm run check	2026-09-10T05:31:15.4288019Z (pass) metadata requires plain records and accepts records without a prototype [0.84ms]
contracts	Run npm run check	2026-09-10T05:31:15.4289134Z (pass) metadata getters are captured exactly once, including an ordinary then field [0.20ms]
contracts	Run npm run check	2026-09-10T05:31:15.4291325Z (pass) metadata retains typed token dependencies and root and transient lifetime caching [0.55ms]
contracts	Run npm run check	2026-09-10T05:31:15.4291998Z 
contracts	Run npm run check	2026-09-10T05:31:15.4292414Z ##[endgroup]
contracts	Run npm run check	2026-09-10T05:31:15.4292671Z 
contracts	Run npm run check	2026-09-10T05:31:15.4293476Z ##[group]tests/disposal.test.ts:
contracts	Run npm run check	2026-09-10T05:31:15.4315210Z (pass) disposal callbacks receive the owned value without a receiver [0.18ms]
contracts	Run npm run check	2026-09-10T05:31:15.4316544Z (pass) withDisposal exposes the value and closes each resolved instance once [0.15ms]
contracts	Run npm run check	2026-09-10T05:31:15.4318056Z (pass) ordinary values are borrowed even when they expose disposal methods [0.14ms]
contracts	Run npm run check	2026-09-10T05:31:15.4319654Z (pass) unresolved and failed factories have no disposal [0.16ms]
contracts	Run npm run check	2026-09-10T05:31:15.4322617Z (pass) throwing then inspection rejects each acquisition until a synchronous retry succeeds [0.28ms]
contracts	Run npm run check	2026-09-10T05:31:15.4325137Z (pass) a PromiseLike with a throwing then getter never reaches the fulfilled-value disposer [0.24ms]
contracts	Run npm run check	2026-09-10T05:31:15.4328141Z (pass) native Promise observer setup failures allow retry and preserve accepted Promise identity [0.29ms]
contracts	Run npm run check	2026-09-10T05:31:15.4329886Z (pass) native Promise ownership observation ignores an own then override [0.17ms]
contracts	Run npm run check	2026-09-10T05:31:15.4332457Z (pass) native Promise subclass ownership ignores an own then override [0.25ms]
contracts	Run npm run check	2026-09-10T05:31:15.4337079Z (pass) native constructor TypeError preserves the original failure and permits retry [0.45ms]
contracts	Run npm run check	2026-09-10T05:31:15.4337966Z (pass) native species TypeError preserves the original failure and permits retry [0.10ms]
contracts	Run npm run check	2026-09-10T05:31:15.4340862Z (pass) pending close observes native settlement without assimilating its species result [0.26ms]
contracts	Run npm run check	2026-09-10T05:31:15.4343033Z (pass) direct structural thenables reject without invoking then or accepting ownership [0.20ms]
contracts	Run npm run check	2026-09-10T05:31:15.4345044Z (pass) explicit structural conversion accepts fulfillment before a subsequent throw [0.19ms]
contracts	Run npm run check	2026-09-10T05:31:15.4347374Z (pass) explicit structural conversion retries rejection and disposes only the fulfilled retry [0.22ms]
contracts	Run npm run check	2026-09-10T05:31:15.4349736Z (pass) cleanup runs in reverse acquisition order through unmanaged intermediates [0.24ms]
contracts	Run npm run check	2026-09-10T05:31:15.4352299Z (pass) async disposers are awaited sequentially and receive fulfilled values [0.24ms]
contracts	Run npm run check	2026-09-10T05:31:15.4354271Z (pass) dependency ordering wins over async completion order [0.20ms]
contracts	Run npm run check	2026-09-10T05:31:15.4358314Z (pass) close drains pending factories and dependencies discovered after await [0.39ms]
contracts	Run npm run check	2026-09-10T05:31:15.4360551Z (pass) pending acquisition failure does not stop cleanup of other resources [0.20ms]
contracts	Run npm run check	2026-09-10T05:31:15.4363822Z (pass) every disposer runs and close aggregates the original cleanup failures [0.33ms]
contracts	Run npm run check	2026-09-10T05:31:15.4366750Z (pass) throwing undefined still rejects close and does not skip other disposers [0.28ms]
contracts	Run npm run check	2026-09-10T05:31:15.4369665Z (pass) reentrant close observes the same barrier even when its disposer rejects [0.25ms]
contracts	Run npm run check	2026-09-10T05:31:15.4377391Z (pass) parent and forks own independent instances and borrowed overrides stay borrowed [0.75ms]
contracts	Run npm run check	2026-09-10T05:31:15.4381876Z (pass) an owned override can replace an ordinary factory [0.45ms]
contracts	Run npm run check	2026-09-10T05:31:15.4384334Z (pass) pending factories can create a chain of synchronous dependencies during close [0.25ms]
contracts	Run npm run check	2026-09-10T05:31:15.4384662Z 
contracts	Run npm run check	2026-09-10T05:31:15.4384899Z ##[endgroup]
contracts	Run npm run check	2026-09-10T05:31:15.4385091Z 
contracts	Run npm run check	2026-09-10T05:31:15.4385349Z ##[group]tests/providers.test.ts:
contracts	Run npm run check	2026-09-10T05:31:15.4394899Z (pass) metadata is a snapshot and inspection never starts a factory [0.30ms]
contracts	Run npm run check	2026-09-10T05:31:15.4396663Z (pass) metadata preflight sees hidden collisions before reading any getters [0.17ms]
contracts	Run npm run check	2026-09-10T05:31:15.4397941Z (pass) metadata additions preserve symbol keys and snapshot accessors once [0.13ms]
contracts	Run npm run check	2026-09-10T05:31:15.4398960Z (pass) runtime rejects copied and forged provider registrations [0.10ms]
contracts	Run npm run check	2026-09-10T05:31:15.4402349Z (pass) inspection follows pending retries without retaining failed attempts or changing disposal [0.31ms]
contracts	Run npm run check	2026-09-10T05:31:15.4406843Z (pass) module rename and fork keep metadata with the actual binding [0.45ms]
contracts	Run npm run check	2026-09-10T05:31:15.4408608Z (pass) plain registrations expose empty metadata and frames, including creating snapshots [0.16ms]
contracts	Run npm run check	2026-09-10T05:31:15.4410699Z (pass) metadata preserves synchronous ownership and borrowed cleanup methods [0.20ms]
contracts	Run npm run check	2026-09-10T05:31:15.4414240Z (pass) provider execution captures projected values and acquisition frames [0.34ms]
contracts	Run npm run check	2026-09-10T05:31:15.4414588Z 
contracts	Run npm run check	2026-09-10T05:31:15.4414795Z ##[endgroup]
contracts	Run npm run check	2026-09-10T05:31:15.4414895Z 
contracts	Run npm run check	2026-09-10T05:31:15.4415096Z ##[group]tests/acquisition.test.ts:
contracts	Run npm run check	2026-09-10T05:31:15.4422525Z (pass) a retry does not inherit the identity of a caught failed attempt [0.19ms]
contracts	Run npm run check	2026-09-10T05:31:15.4425885Z (pass) a caught rejected attempt does not retarget its incoming edge to the retry [0.33ms]
contracts	Run npm run check	2026-09-10T05:31:15.4430865Z (pass) shutdown preserves every cleanup cause and its acquisition identity [0.44ms]
contracts	Run npm run check	2026-09-10T05:31:15.4431893Z (pass) cleanup diagnostics snapshot caller records without cloning the original cause [0.09ms]
contracts	Run npm run check	2026-09-10T05:31:15.4434586Z (pass) a failed attempt cannot borrow its pending retry permission to acquire during close [0.27ms]
contracts	Run npm run check	2026-09-10T05:31:15.4440603Z (pass) a completed factory cannot start late acquisitions while another factory drains [0.27ms]
contracts	Run npm run check	2026-09-10T05:31:15.4441686Z (pass) a retained failed proxy follows live dependencies without traversing removed attempts [0.21ms]
contracts	Run npm run check	2026-09-10T05:31:15.4442215Z 
contracts	Run npm run check	2026-09-10T05:31:15.4442572Z ##[endgroup]
contracts	Run npm run check	2026-09-10T05:31:15.4442724Z 
contracts	Run npm run check	2026-09-10T05:31:15.4443066Z ##[group]tests/composition-adapters.test.ts:
contracts	Run npm run check	2026-09-10T05:31:15.4561955Z (pass) class adapters construct lazily with private fields, inherited prototypes and new.target [0.82ms]
contracts	Run npm run check	2026-09-10T05:31:15.4563385Z (pass) constructor validation invokes neither the constructor nor its prototype getter [0.21ms]
contracts	Run npm run check	2026-09-10T05:31:15.4567750Z (pass) function adapters pass positional values exactly and support explicitly bound receivers [0.39ms]
contracts	Run npm run check	2026-09-10T05:31:15.4571298Z (pass) optional and rest function and constructor arguments follow selected positions [0.35ms]
contracts	Run npm run check	2026-09-10T05:31:15.4574279Z (pass) function adapters snapshot indexed tokens and ignore custom iterators [0.29ms]
contracts	Run npm run check	2026-09-10T05:31:15.4576888Z (pass) function adapters reject invalid declaration inputs before user effects [0.25ms]
contracts	Run npm run check	2026-09-10T05:31:15.4579905Z (pass) function acquisition failures retry and disposal is explicit [0.29ms]
contracts	Run npm run check	2026-09-10T05:31:15.4581127Z (pass) class adapters snapshot indexed tokens and ignore custom iterators [0.15ms]
contracts	Run npm run check	2026-09-10T05:31:15.4582186Z (pass) class adapters reject invalid declaration inputs before user effects [0.10ms]
contracts	Run npm run check	2026-09-10T05:31:15.4583215Z (pass) class acquisition failures retry and disposal is explicit [0.10ms]
contracts	Run npm run check	2026-09-10T05:31:15.4586286Z (pass) raw and native adapters retain Promise identity and select the disposal value [0.25ms]
contracts	Run npm run check	2026-09-10T05:31:15.4588913Z (pass) raw class adapters preserve thenables and auto rejects them without assimilation [0.26ms]
contracts	Run npm run check	2026-09-10T05:31:15.4590217Z (pass) automatic adapters require runtime classification before acquisition [0.13ms]
contracts	Run npm run check	2026-09-10T05:31:15.4596177Z (pass) module token graphs and selected sharing keep ownership and parent dependencies [0.57ms]
contracts	Run npm run check	2026-09-10T05:31:15.4598893Z (pass) strict root class adapters retain root dependencies through child overrides [0.26ms]
contracts	Run npm run check	2026-09-10T05:31:15.4602447Z (pass) native class acquisition preserves constructed promises and disposes their fulfilled value [0.34ms]
contracts	Run npm run check	2026-09-10T05:31:15.4604347Z (pass) rejected function acquisitions retry with the original Promise return [0.22ms]
contracts	Run npm run check	2026-09-10T05:31:15.4606717Z (pass) constructor proxies retain their acquisition trap and original new.target [0.21ms]
contracts	Run npm run check	2026-09-10T05:31:15.4607128Z 
contracts	Run npm run check	2026-09-10T05:31:15.4607472Z ##[endgroup]
contracts	Run npm run check	2026-09-10T05:31:15.4607919Z 
contracts	Run npm run check	2026-09-10T05:31:15.4608254Z ##[group]tests/package.test.ts:
contracts	Run npm run check	2026-09-10T05:31:17.4739440Z (pass) standalone archive contains root and node entries without removed adapters [0.26ms]
contracts	Run npm run check	2026-09-10T05:31:19.4309533Z (pass) feature library inferred token exports survive declaration emission [1956.98ms]
contracts	Run npm run check	2026-09-10T05:31:19.4584921Z (pass) classic installed commonjs archive rejects removed box package entry points [27.53ms]
contracts	Run npm run check	2026-09-10T05:31:19.5126465Z (pass) classic installed commonjs archive returns the full adversarial oracle [54.16ms]
contracts	Run npm run check	2026-09-10T05:31:19.5911273Z (pass) Node commonjs consumers can resolve and dispose through the public package [78.49ms]
contracts	Run npm run check	2026-09-10T05:31:19.6249849Z (pass) Node commonjs observes local and foreign native subclass state directly [33.83ms]
contracts	Run npm run check	2026-09-10T05:31:21.2175434Z (pass) TypeScript commonjs consumers can use the emitted declarations [1592.49ms]
contracts	Run npm run check	2026-09-10T05:31:22.3157568Z (pass) TypeScript commonjs emitted provider contracts: plugins.ts [1098.23ms]
contracts	Run npm run check	2026-09-10T05:31:23.3547388Z (pass) TypeScript commonjs emitted provider contracts: negative/plugins.ts [1038.95ms]
contracts	Run npm run check	2026-09-10T05:31:24.3024914Z (pass) TypeScript commonjs emitted provider contracts: observers.ts [947.74ms]
contracts	Run npm run check	2026-09-10T05:31:25.2260519Z (pass) TypeScript commonjs emitted provider contracts: negative/observers.ts [923.52ms]
contracts	Run npm run check	2026-09-10T05:31:26.4774543Z (pass) TypeScript commonjs emitted provider contracts: contributions.ts [1251.45ms]
contracts	Run npm run check	2026-09-10T05:31:28.3041827Z (pass) TypeScript commonjs emitted provider contracts: negative/contributions.ts [1825.01ms]
contracts	Run npm run check	2026-09-10T05:31:29.7538815Z (pass) TypeScript commonjs emitted provider contracts: aliases.ts [1451.32ms]
contracts	Run npm run check	2026-09-10T05:31:31.2854153Z (pass) TypeScript commonjs emitted provider contracts: negative/aliases.ts [1530.86ms]
contracts	Run npm run check	2026-09-10T05:31:32.3928532Z (pass) TypeScript commonjs emitted provider contracts: dependency-references.ts [1108.08ms]
contracts	Run npm run check	2026-09-10T05:31:33.6891864Z (pass) TypeScript commonjs emitted provider contracts: negative/dependency-references.ts [1296.31ms]
contracts	Run npm run check	2026-09-10T05:31:34.6580704Z (pass) TypeScript commonjs emitted provider contracts: composition-adapters.ts [968.86ms]
contracts	Run npm run check	2026-09-10T05:31:35.9164899Z (pass) TypeScript commonjs emitted provider contracts: negative/composition-adapters.ts [1257.57ms]
contracts	Run npm run check	2026-09-10T05:31:37.0406894Z (pass) TypeScript commonjs emitted provider contracts: selected-scopes.ts [1125.01ms]
contracts	Run npm run check	2026-09-10T05:31:38.3655548Z (pass) TypeScript commonjs emitted provider contracts: negative/selected-scopes.ts [1324.89ms]
contracts	Run npm run check	2026-09-10T05:31:39.3839646Z (pass) TypeScript commonjs emitted provider contracts: acquisition-mode.ts [1018.35ms]
contracts	Run npm run check	2026-09-10T05:31:40.2906488Z (pass) TypeScript commonjs emitted provider contracts: negative/acquisition-mode.ts [906.66ms]
contracts	Run npm run check	2026-09-10T05:31:41.1925156Z (pass) TypeScript commonjs emitted provider contracts: scopes.ts [901.89ms]
contracts	Run npm run check	2026-09-10T05:31:42.2089128Z (pass) TypeScript commonjs emitted provider contracts: negative/scopes.ts [1016.35ms]
contracts	Run npm run check	2026-09-10T05:31:43.4346421Z (pass) TypeScript commonjs emitted provider contracts: lifetimes.ts [1225.75ms]
contracts	Run npm run check	2026-09-10T05:31:44.8032269Z (pass) TypeScript commonjs emitted provider contracts: negative/lifetimes.ts [1368.06ms]
contracts	Run npm run check	2026-09-10T05:31:45.7992769Z (pass) TypeScript commonjs emitted provider contracts: tokens.ts [996.51ms]
contracts	Run npm run check	2026-09-10T05:31:46.9743173Z (pass) TypeScript commonjs emitted provider contracts: negative/tokens.ts [1175.05ms]
contracts	Run npm run check	2026-09-10T05:31:47.9548467Z (pass) TypeScript commonjs emitted provider contracts: negative/token-modules.ts [980.49ms]
contracts	Run npm run check	2026-09-10T05:31:48.9570936Z (pass) TypeScript commonjs emitted provider contracts: token-contracts.ts [1002.22ms]
contracts	Run npm run check	2026-09-10T05:31:49.9184789Z (pass) TypeScript commonjs emitted provider contracts: negative/token-contracts.ts [961.36ms]
contracts	Run npm run check	2026-09-10T05:31:51.0328540Z (pass) TypeScript commonjs emitted provider contracts: providers.ts [1114.36ms]
contracts	Run npm run check	2026-09-10T05:31:52.4145165Z (pass) TypeScript commonjs emitted provider contracts: replacement-context.ts [1381.15ms]
contracts	Run npm run check	2026-09-10T05:31:53.7078862Z (pass) TypeScript commonjs emitted provider contracts: negative/replacement-context.ts [1293.86ms]
contracts	Run npm run check	2026-09-10T05:31:54.8278520Z (pass) TypeScript commonjs emitted provider contracts: negative/provider-boundaries.ts [1119.93ms]
contracts	Run npm run check	2026-09-10T05:31:55.8590793Z (pass) TypeScript commonjs emitted provider contracts: negative/provider-module-metadata.ts [1031.18ms]
contracts	Run npm run check	2026-09-10T05:31:56.8902318Z (pass) TypeScript commonjs emitted provider contracts: negative/provider-projections.ts [1031.15ms]
contracts	Run npm run check	2026-09-10T05:31:56.9374566Z (pass) classic installed module archive rejects removed box package entry points [45.32ms]
contracts	Run npm run check	2026-09-10T05:31:56.9981780Z (pass) classic installed module archive returns the full adversarial oracle [62.57ms]
contracts	Run npm run check	2026-09-10T05:31:57.0857548Z (pass) Node module consumers can resolve and dispose through the public package [87.63ms]
contracts	Run npm run check	2026-09-10T05:31:57.1202891Z (pass) Node module observes local and foreign native subclass state directly [34.54ms]
contracts	Run npm run check	2026-09-10T05:31:58.3687023Z (pass) TypeScript module consumers can use the emitted declarations [1248.37ms]
contracts	Run npm run check	2026-09-10T05:31:59.3683179Z (pass) TypeScript module emitted provider contracts: plugins.ts [999.59ms]
contracts	Run npm run check	2026-09-10T05:32:00.3466493Z (pass) TypeScript module emitted provider contracts: negative/plugins.ts [978.31ms]
contracts	Run npm run check	2026-09-10T05:32:01.3057990Z (pass) TypeScript module emitted provider contracts: observers.ts [959.20ms]
contracts	Run npm run check	2026-09-10T05:32:02.2341386Z (pass) TypeScript module emitted provider contracts: negative/observers.ts [928.25ms]
contracts	Run npm run check	2026-09-10T05:32:03.4114713Z (pass) TypeScript module emitted provider contracts: contributions.ts [1177.32ms]
contracts	Run npm run check	2026-09-10T05:32:04.9471154Z (pass) TypeScript module emitted provider contracts: negative/contributions.ts [1535.66ms]
contracts	Run npm run check	2026-09-10T05:32:06.2343149Z (pass) TypeScript module emitted provider contracts: aliases.ts [1287.17ms]
contracts	Run npm run check	2026-09-10T05:32:07.6745292Z (pass) TypeScript module emitted provider contracts: negative/aliases.ts [1440.19ms]
contracts	Run npm run check	2026-09-10T05:32:08.7270578Z (pass) TypeScript module emitted provider contracts: dependency-references.ts [1052.50ms]
contracts	Run npm run check	2026-09-10T05:32:10.3716210Z (pass) TypeScript module emitted provider contracts: negative/dependency-references.ts [1644.53ms]
contracts	Run npm run check	2026-09-10T05:32:11.4581205Z (pass) TypeScript module emitted provider contracts: composition-adapters.ts [1086.53ms]
contracts	Run npm run check	2026-09-10T05:32:12.5187297Z (pass) TypeScript module emitted provider contracts: negative/composition-adapters.ts [1060.59ms]
contracts	Run npm run check	2026-09-10T05:32:13.6120425Z (pass) TypeScript module emitted provider contracts: selected-scopes.ts [1093.14ms]
contracts	Run npm run check	2026-09-10T05:32:14.9298618Z (pass) TypeScript module emitted provider contracts: negative/selected-scopes.ts [1317.87ms]
contracts	Run npm run check	2026-09-10T05:32:15.9088928Z (pass) TypeScript module emitted provider contracts: acquisition-mode.ts [979.02ms]
contracts	Run npm run check	2026-09-10T05:32:16.8583437Z (pass) TypeScript module emitted provider contracts: negative/acquisition-mode.ts [949.44ms]
contracts	Run npm run check	2026-09-10T05:32:17.8184725Z (pass) TypeScript module emitted provider contracts: scopes.ts [960.11ms]
contracts	Run npm run check	2026-09-10T05:32:18.8334785Z (pass) TypeScript module emitted provider contracts: negative/scopes.ts [1014.98ms]
contracts	Run npm run check	2026-09-10T05:32:19.9818240Z (pass) TypeScript module emitted provider contracts: lifetimes.ts [1148.31ms]
contracts	Run npm run check	2026-09-10T05:32:21.4535681Z (pass) TypeScript module emitted provider contracts: negative/lifetimes.ts [1471.78ms]
contracts	Run npm run check	2026-09-10T05:32:22.4779086Z (pass) TypeScript module emitted provider contracts: tokens.ts [1024.30ms]
contracts	Run npm run check	2026-09-10T05:32:23.7166455Z (pass) TypeScript module emitted provider contracts: negative/tokens.ts [1238.70ms]
contracts	Run npm run check	2026-09-10T05:32:24.7539708Z (pass) TypeScript module emitted provider contracts: negative/token-modules.ts [1037.33ms]
contracts	Run npm run check	2026-09-10T05:32:26.0494970Z (pass) TypeScript module emitted provider contracts: token-contracts.ts [1295.48ms]
contracts	Run npm run check	2026-09-10T05:32:27.2429439Z (pass) TypeScript module emitted provider contracts: negative/token-contracts.ts [1193.44ms]
contracts	Run npm run check	2026-09-10T05:32:28.5634917Z (pass) TypeScript module emitted provider contracts: providers.ts [1320.54ms]
contracts	Run npm run check	2026-09-10T05:32:29.6936104Z (pass) TypeScript module emitted provider contracts: replacement-context.ts [1130.09ms]
contracts	Run npm run check	2026-09-10T05:32:30.8351446Z (pass) TypeScript module emitted provider contracts: negative/replacement-context.ts [1141.47ms]
contracts	Run npm run check	2026-09-10T05:32:31.9126268Z (pass) TypeScript module emitted provider contracts: negative/provider-boundaries.ts [1077.47ms]
contracts	Run npm run check	2026-09-10T05:32:32.9165728Z (pass) TypeScript module emitted provider contracts: negative/provider-module-metadata.ts [1003.93ms]
contracts	Run npm run check	2026-09-10T05:32:33.9279486Z (pass) TypeScript module emitted provider contracts: negative/provider-projections.ts [1011.36ms]
contracts	Run npm run check	2026-09-10T05:32:34.8317053Z (pass) unchecked Bag construction is rejected through di-bag [903.76ms]
contracts	Run npm run check	2026-09-10T05:32:36.2182609Z (pass) unchecked Bag construction is rejected through ../src/di-bag [1386.54ms]
contracts	Run npm run check	2026-09-10T05:32:37.1291028Z (pass) unchecked Module construction is rejected through di-bag [910.78ms]
contracts	Run npm run check	2026-09-10T05:32:38.4500976Z (pass) unchecked Module construction is rejected through ../src/module [1321.00ms]
contracts	Run npm run check	2026-09-10T05:32:39.3773768Z (pass) unchecked Provider construction is rejected through di-bag [927.26ms]
contracts	Run npm run check	2026-09-10T05:32:40.2305491Z (pass) unchecked Provider construction is rejected through ../src/provider [853.17ms]
contracts	Run npm run check	2026-09-10T05:32:41.1450074Z (pass) unchecked Token construction is rejected through di-bag [914.44ms]
contracts	Run npm run check	2026-09-10T05:32:42.0237077Z (pass) unchecked Token construction is rejected through ../src/tokens [877.41ms]
contracts	Run npm run check	2026-09-10T05:32:42.0251096Z 
contracts	Run npm run check	2026-09-10T05:32:42.0270492Z ##[endgroup]
contracts	Run npm run check	2026-09-10T05:32:42.0270827Z 
contracts	Run npm run check	2026-09-10T05:32:42.0271450Z ##[group]tests/benchmark-compiler-controls.test.ts:
contracts	Run npm run check	2026-09-10T05:32:42.0426828Z (pass) negative controls reject a fast compile that lost its marker [0.15ms]
contracts	Run npm run check	2026-09-10T05:32:42.0431392Z (pass) negative controls require exactly one marker at the generated boundary [0.20ms]
contracts	Run npm run check	2026-09-10T05:32:42.0432205Z (pass) valid controls reject diagnostics and case identity substitution [0.05ms]
contracts	Run npm run check	2026-09-10T05:32:42.0432921Z (pass) controls reject invalid work metrics and source provenance drift [0.17ms]
contracts	Run npm run check	2026-09-10T05:32:42.0433783Z (pass) normalizer validates classic work and canonicalizes diagnostic paths [0.39ms]
contracts	Run npm run check	2026-09-10T05:32:42.0434599Z (pass) normalizer extracts native extended metrics without substituting process time [0.07ms]
contracts	Run npm run check	2026-09-10T05:32:42.0439232Z (pass) summary preserves every ordered sample and derives literal statistics [0.42ms]
contracts	Run npm run check	2026-09-10T05:32:42.0447430Z (pass) collector performs five warm-ups then 31 retained samples serially [0.69ms]
contracts	Run npm run check	2026-09-10T05:32:42.0448271Z (pass) catalog contains only the exact nine supported controls [0.05ms]
contracts	Run npm run check	2026-09-10T05:32:42.0451216Z (pass) failed child evidence is journaled before normalization rejects it [0.43ms]
contracts	Run npm run check	2026-09-10T05:32:42.0453462Z (pass) spawn failures are journaled even when no child row exists [0.20ms]
contracts	Run npm run check	2026-09-10T05:32:42.0453833Z 
contracts	Run npm run check	2026-09-10T05:32:42.0454266Z ##[endgroup]
contracts	Run npm run check	2026-09-10T05:32:42.0456907Z 
contracts	Run npm run check	2026-09-10T05:32:42.0457299Z ##[group]tests/platform-evidence.test.ts:
contracts	Run npm run check	2026-09-10T05:32:42.0475151Z (pass) required platform evidence rejects incomplete or unavailable matrices [0.23ms]
contracts	Run npm run check	2026-09-10T05:32:42.0480762Z (pass) local platform identity takes precedence and invalid local identity never falls back [0.54ms]
contracts	Run npm run check	2026-09-10T05:32:42.0494102Z (pass) child evidence rejects noncanonical output, stderr, process failures and the wrong lane [0.41ms]
contracts	Run npm run check	2026-09-10T05:32:42.0677332Z (pass) tool verification rejects explicit unavailability, version drift and hash drift [19.13ms]
contracts	Run npm run check	2026-09-10T05:32:42.0685005Z (pass) tool verification rejects malformed pins and unavailable executables before a lane starts [0.85ms]
contracts	Run npm run check	2026-09-10T05:32:42.0703981Z (pass) pack output requires exactly one archive and empty stderr [1.91ms]
contracts	Run npm run check	2026-09-10T05:32:42.0740765Z (pass) pack output rejects every missing declared export and package document [3.63ms]
contracts	Run npm run check	2026-09-10T05:32:42.0812402Z (pass) packed archive validation catches a missing archive, changed bytes and stale file inventory [7.11ms]
contracts	Run npm run check	2026-09-10T05:32:42.0971892Z (pass) archive inventory is an exact allowlist and package documents match isolated inputs byte-for-byte [15.87ms]
contracts	Run npm run check	2026-09-10T05:32:42.3150163Z (pass) repository manifest verifies every provisioned identity and retains absent tools as unavailable [217.87ms]
contracts	Run npm run check	2026-09-10T05:32:44.1603286Z (pass) isolated classic pack contains only freshly built declared exports and rechecks its hash [1841.82ms]
contracts	Run npm run check	2026-09-10T05:32:44.1605968Z (pass) evidence writer appends stable sorted JSONL under the source/date directory [1.76ms]
contracts	Run npm run check	2026-09-10T05:32:46.0490484Z (pass) platform command writes one sorted matrix and executes every provisioned lane [1890.36ms]
contracts	Run npm run check	2026-09-10T05:32:46.2732811Z (pass) platform evidence module imports under the pinned Node ESM loader [224.21ms]
contracts	Run npm run check	2026-09-10T05:32:46.5192256Z (pass) platform command retains archive failure rows and makes required failures nonzero [245.89ms]
contracts	Run npm run check	2026-09-10T05:32:46.5195915Z (pass) browser metafile parser rejects malformed shapes before resolving inputs [0.49ms]
contracts	Run npm run check	2026-09-10T05:32:46.5196370Z 
contracts	Run npm run check	2026-09-10T05:32:46.5196724Z ##[endgroup]
contracts	Run npm run check	2026-09-10T05:32:46.5201404Z 
contracts	Run npm run check	2026-09-10T05:32:46.5201853Z ##[group]tests/release-artifacts.test.ts:
contracts	Run npm run check	2026-09-10T05:32:46.5314853Z (pass) release documentation contract > adversarial release gates are separately supervised file commands [0.28ms]
contracts	Run npm run check	2026-09-10T05:32:46.5317248Z (pass) release documentation contract > release documents match the frozen package and gate every online command [0.28ms]
contracts	Run npm run check	2026-09-10T05:32:46.5320727Z (pass) release documentation contract > the publication boundary rejects stale, missing, duplicated, and misplaced commands [0.32ms]
contracts	Run npm run check	2026-09-10T05:32:46.5325843Z (pass) release documentation contract > public docs state entry-point, adapter, acquisition, ownership, and release limits [0.52ms]
contracts	Run npm run check	2026-09-10T05:32:46.5327654Z (pass) release artifact scripts > reject unsafe and unsupported manifest arguments [0.18ms]
contracts	Run npm run check	2026-09-10T05:32:46.5328292Z (pass) release artifact scripts > expose guarded parsers and archive inspection [0.02ms]
contracts	Run npm run check	2026-09-10T05:32:46.5328854Z (pass) archive verifier TDD boundary > exports a read-only verifier and strict CLI parser [0.06ms]
contracts	Run npm run check	2026-09-10T05:32:46.5354013Z (pass) safe npm archive parser > returns sorted regular entries and exact package metadata bytes [2.48ms]
contracts	Run npm run check	2026-09-10T05:32:46.5357874Z (pass) safe npm archive parser > rejects absolute name [0.42ms]
contracts	Run npm run check	2026-09-10T05:32:46.5362925Z (pass) safe npm archive parser > rejects traversal [0.50ms]
contracts	Run npm run check	2026-09-10T05:32:46.5366238Z (pass) safe npm archive parser > rejects backslash [0.33ms]
contracts	Run npm run check	2026-09-10T05:32:46.5369556Z (pass) safe npm archive parser > rejects outside package [0.32ms]
contracts	Run npm run check	2026-09-10T05:32:46.5401074Z (pass) safe npm archive parser > rejects duplicate [0.51ms]
contracts	Run npm run check	2026-09-10T05:32:46.5402004Z (pass) safe npm archive parser > rejects prefix collision [0.87ms]
contracts	Run npm run check	2026-09-10T05:32:46.5411391Z (pass) safe npm archive parser > rejects symlink [0.37ms]
contracts	Run npm run check	2026-09-10T05:32:46.5412033Z (pass) safe npm archive parser > rejects hardlink [0.37ms]
contracts	Run npm run check	2026-09-10T05:32:46.5412660Z (pass) safe npm archive parser > rejects fifo [0.38ms]
contracts	Run npm run check	2026-09-10T05:32:46.5413256Z (pass) safe npm archive parser > rejects device [0.46ms]
contracts	Run npm run check	2026-09-10T05:32:46.5413834Z (pass) safe npm archive parser > rejects unknown type [0.42ms]
contracts	Run npm run check	2026-09-10T05:32:46.5414421Z (pass) safe npm archive parser > rejects NUL ambiguity [0.49ms]
contracts	Run npm run check	2026-09-10T05:32:46.5415298Z (pass) safe npm archive parser > rejects entry size ceiling [0.43ms]
contracts	Run npm run check	2026-09-10T05:32:46.5416296Z (pass) safe npm archive parser > rejects checksum [0.36ms]
contracts	Run npm run check	2026-09-10T05:32:46.5420529Z (pass) safe npm archive parser > rejects magic [0.36ms]
contracts	Run npm run check	2026-09-10T05:32:46.5423941Z (pass) safe npm archive parser > rejects numeric NUL suffix [0.35ms]
contracts	Run npm run check	2026-09-10T05:32:46.5427917Z (pass) safe npm archive parser > rejects nonzero padding [0.39ms]
contracts	Run npm run check	2026-09-10T05:32:46.5431460Z (pass) safe npm archive parser > rejects terminator [0.33ms]
contracts	Run npm run check	2026-09-10T05:32:46.5434526Z (pass) safe npm archive parser > rejects trailing junk [0.30ms]
contracts	Run npm run check	2026-09-10T05:32:46.5438657Z (pass) safe npm archive parser > rejects truncated entry [0.33ms]
contracts	Run npm run check	2026-09-10T05:32:46.5441448Z (pass) safe npm archive parser > rejects missing metadata [0.36ms]
contracts	Run npm run check	2026-09-10T05:32:46.5446154Z (pass) safe npm archive parser > rejects invalid and empty gzip bytes [0.40ms]
contracts	Run npm run check	2026-09-10T05:32:46.5455757Z (pass) command evidence runner > parses canonical sorted inputs and preserves argv spaces [0.93ms]
contracts	Run npm run check	2026-09-10T05:32:46.5456733Z (pass) command evidence runner > rejects unsafe argv: bash -c echo hi [0.10ms]
contracts	Run npm run check	2026-09-10T05:32:46.5457543Z (pass) command evidence runner > rejects unsafe argv: npm view di-bag [0.03ms]
contracts	Run npm run check	2026-09-10T05:32:46.5458513Z (pass) command evidence runner > rejects unsafe argv: npm login
contracts	Run npm run check	2026-09-10T05:32:46.5459096Z (pass) command evidence runner > rejects unsafe argv: npm publish a.tgz
contracts	Run npm run check	2026-09-10T05:32:46.5459745Z (pass) command evidence runner > rejects unsafe argv: npm dist-tag add
contracts	Run npm run check	2026-09-10T05:32:46.5460541Z (pass) command evidence runner > rejects unsafe argv: git push [0.02ms]
contracts	Run npm run check	2026-09-10T05:32:46.5461192Z (pass) command evidence runner > rejects unsafe argv: git tag v1
contracts	Run npm run check	2026-09-10T05:32:46.5461873Z (pass) command evidence runner > rejects unsafe argv: node --registry x
contracts	Run npm run check	2026-09-10T05:32:46.5462676Z (pass) command evidence runner > rejects unsafe argv: node https://registry.npmjs.org
contracts	Run npm run check	2026-09-10T05:32:46.5463403Z (pass) command evidence runner > rejects unsafe argv: node &&
contracts	Run npm run check	2026-09-10T05:32:46.5464052Z (pass) command evidence runner > rejects unsafe argv: node -e thing
contracts	Run npm run check	2026-09-10T05:32:46.5464808Z (pass) command evidence runner > rejects unsafe argv: env npm publish x.tgz [0.02ms]
contracts	Run npm run check	2026-09-10T05:32:46.5465539Z (pass) command evidence runner > rejects unsafe argv: env git push
contracts	Run npm run check	2026-09-10T05:32:46.5466238Z (pass) command evidence runner > rejects unsafe argv: npx npm view di-bag
contracts	Run npm run check	2026-09-10T05:32:46.5466889Z (pass) command evidence runner > rejects unsafe argv: bunx tool
contracts	Run npm run check	2026-09-10T05:32:46.5467534Z (pass) command evidence runner > rejects unsafe argv: corepack npm login
contracts	Run npm run check	2026-09-10T05:32:46.5468492Z (pass) command evidence runner > rejects relative, escaping, symlinked, duplicate, and unsupported arguments [0.19ms]
contracts	Run npm run check	2026-09-10T05:32:46.5535789Z (pass) command evidence runner > records stdout, stderr, input hashes, normalized success and record-last evidence [7.45ms]
contracts	Run npm run check	2026-09-10T05:32:46.5877919Z (pass) command evidence runner > rejects timeout, output overflow, nonzero status, and spawn failure without publishing a record [34.19ms]
contracts	Run npm run check	2026-09-10T05:32:46.5883591Z (pass) command evidence runner > rejects injected memory, monitor, signal and spawn outcomes [0.67ms]
contracts	Run npm run check	2026-09-10T05:32:46.6103459Z (pass) command evidence runner > failed reruns and thrown supervisors erase stale success evidence [21.87ms]
contracts	Run npm run check	2026-09-10T05:32:46.6339454Z (pass) command evidence runner > hashes inputs before execution and rolls back orphan logs if record publication fails [23.55ms]
contracts	Run npm run check	2026-09-10T05:32:46.6356199Z (pass) native gap inventory > freezes the exact current zero-gap source authority [1.78ms]
contracts	Run npm run check	2026-09-10T05:32:46.6365930Z (pass) native gap inventory > accepts empty and reviewed fresh inventory while an empty authority rejects a new gap [0.99ms]
contracts	Run npm run check	2026-09-10T05:32:46.6383187Z (pass) native gap inventory > parses the documented relative reviewed root and exact absolute outputs [1.70ms]
contracts	Run npm run check	2026-09-10T05:32:46.6388882Z (pass) release tree hashing > hashes sorted regular paths deterministically [0.57ms]
contracts	Run npm run check	2026-09-10T05:32:46.6456548Z (pass) release tree hashing > rejects empty, symlink, special and unsafe argument layouts [6.72ms]
contracts	Run npm run check	2026-09-10T05:32:46.6458688Z (pass) release tree hashing > detects byte mutations through changed digest [0.25ms]
contracts	Run npm run check	2026-09-10T05:32:46.6470107Z (pass) manifest validation and deterministic projection > manifest fixtures leave root candidate archive existence and bytes unchanged [1.07ms]
contracts	Run npm run check	2026-09-10T05:32:46.6535832Z (pass) manifest validation and deterministic projection > derives immutable archive facts and is deterministic across caller ordering [6.52ms]
contracts	Run npm run check	2026-09-10T05:32:46.6590576Z (pass) manifest validation and deterministic projection > public evidence has no absolute paths and is invariant to final commit and approved observed diff [5.44ms]
contracts	Run npm run check	2026-09-10T05:32:46.6619892Z (pass) manifest validation and deterministic projection > allows canonical SHA-512 SRI only in package integrity fields [3.00ms]
contracts	Run npm run check	2026-09-10T05:32:46.6734324Z (pass) manifest validation and deterministic projection > rejects duplicate/missing packages, bad versions, metadata, pack facts and handoff paths [11.38ms]
contracts	Run npm run check	2026-09-10T05:32:46.6766440Z (pass) manifest validation and deterministic projection > accepts zero reviewed and fresh native gaps and rejects every unexpected fresh occurrence [3.24ms]
contracts	Run npm run check	2026-09-10T05:32:46.6796457Z (pass) manifest validation and deterministic projection > retains nonempty-authority manifest validation for historical candidates [3.00ms]
contracts	Run npm run check	2026-09-10T05:32:46.6836399Z (pass) manifest validation and deterministic projection > rejects failed, malformed-time, duplicate-input and mutated-log command evidence [3.97ms]
contracts	Run npm run check	2026-09-10T05:32:46.6847311Z (pass) manifest validation and deterministic projection > rejects archive containment, symlink escape, absence and replacement facts [1.10ms]
contracts	Run npm run check	2026-09-10T05:32:46.6850770Z (pass) manifest validation and deterministic projection > manifest CLI rejects every non-fixed public target form [0.35ms]
contracts	Run npm run check	2026-09-10T05:32:46.7001244Z (pass) manifest validation and deterministic projection > public projection rejects absolute argv and input paths outside known roots [14.94ms]
contracts	Run npm run check	2026-09-10T05:32:48.5757374Z (pass) archive verifier > independently accepts exact archive, pack, metadata, export, dependency, and public facts [22.89ms]
contracts	Run npm run check	2026-09-10T05:32:48.6833211Z (pass) archive verifier > rejects every archive digest and file-list mismatch [107.55ms]
contracts	Run npm run check	2026-09-10T05:32:48.8277998Z (pass) archive verifier > rejects altered, duplicate, stale, divergent, extra-field, and filename pack JSON [144.44ms]
contracts	Run npm run check	2026-09-10T05:32:48.9731856Z (pass) archive verifier > enforces exact package metadata, exports, and empty dependencies [145.36ms]
contracts	Run npm run check	2026-09-10T05:32:49.1939139Z (pass) archive verifier > rejects malformed dependency, files, and bundled dependency metadata shapes [220.68ms]
contracts	Run npm run check	2026-09-10T05:32:49.7830651Z (pass) archive verifier > rejects forbidden source, test, fixture, dependency, credential, and tarball content [589.09ms]
contracts	Run npm run check	2026-09-10T05:32:50.0305298Z (pass) archive verifier > rejects missing public export pairs and removed adapter entries from archive bytes [247.48ms]
contracts	Run npm run check	2026-09-10T05:32:50.1107071Z (pass) archive verifier > requires byte-identical stable public evidence and rejects missing, stale, malformed, and extra bytes [80.12ms]
contracts	Run npm run check	2026-09-10T05:32:50.1302595Z (pass) archive verifier > rejects malicious archives before creating or running a consumer workdir [19.57ms]
contracts	Run npm run check	2026-09-10T05:32:50.1303438Z (pass) archive verifier > uses one fixed explicit offline install argv with no fallback [0.14ms]
contracts	Run npm run check	2026-09-10T05:32:50.1310434Z (pass) archive verifier > core import tracing rejects bare, self, node builtin, and unresolved relative specifiers [0.71ms]
contracts	Run npm run check	2026-09-10T05:32:50.7021737Z (pass) archive verifier > CLI accepts only canonical contained manifest and empty work directory paths [571.11ms]
contracts	Run npm run check	2026-09-10T05:32:50.7033006Z (pass) archive verifier > direct verifier API rejects outside, relative, aliased, and nonempty work paths before mutation [1.22ms]
contracts	Run npm run check	2026-09-10T05:32:51.4594461Z (pass) archive verifier > binds both declaration compilers to the exact manifest versions before emitting [756.06ms]
contracts	Run npm run check	2026-09-10T05:32:51.4598772Z (pass) archive verifier > matches both I14 diagnostics to their marked regions and expected message fragments [0.46ms]
contracts	Run npm run check	2026-09-10T05:33:04.8105086Z 724 |     expect(matchesReleaseNegativeDiagnostics(source, file, located('unrelated first', 2, 'unrelated second', 4), directory)).toBe(false);
contracts	Run npm run check	2026-09-10T05:33:04.8106301Z 725 |     expect(matchesReleaseNegativeDiagnostics(source, file, located('wanted first', 1, 'wanted second', 2), directory)).toBe(false);
contracts	Run npm run check	2026-09-10T05:33:04.8106801Z 726 |   });
contracts	Run npm run check	2026-09-10T05:33:04.8107321Z 727 |   test('installs owned verified bytes and passes real Node/Bun, CJS/ESM, core-only, and declaration oracles', async () => {
contracts	Run npm run check	2026-09-10T05:33:04.8108100Z 728 |     publish(manifest); const work = resolve(directory, 'real-work'); const result = await verifyReleaseArtifacts(manifestPath, work);
contracts	Run npm run check	2026-09-10T05:33:04.8108737Z 729 |     expect(result, result.failures.join('\n')).toEqual({ ok: true, failures: [] });
contracts	Run npm run check	2026-09-10T05:33:04.8109159Z                                                      ^
contracts	Run npm run check	2026-09-10T05:33:04.8117452Z error: offline consumer verification failed: Error: I14 negative declaration evidence mismatch for native7/cts/classic6: {"status":2,"signal":null,"terminationReason":"monitor","error":"VmRSS is missing","diagnosticMatch":{"accepted":true,"parsed":{"diagnostics":[{"file":"/tmp/di-bag-release-candidate/task3-test-2318/real-work/consumer/declarations-native7-cts/out/negative.cts","line":10,"column":64,"code":2345,"message":"Argument of type '{ share: [\"annotated\"]; }' is not assignable to parameter of type 'ScopeOptions<From<Entries<{ annotated: () => { annotated: true; port: number; }; plugin: () => { plugin: true; port: number; }; }>>, readonly [\"annotated\"]> & { readonly [errorBrand]: \"scope cannot share and override the same token\"; } & { ...; }'.\n  Property '[errorBrand]' is missing in type '{ share: [\"annotated\"]; }' but required in type '{ readonly [errorBrand]: \"scope cannot share and override the same token\"; }'."},{"file":"/tmp/di-bag-release-candidate/task3-test-2318/real-work/consumer/declarations-native7-cts/out/negative.cts","line":15,"column":26,"code":2322,"message":"Type '() => { incompatible: boolean; }' is not assignable to type '(ProviderBase & { readonly [providerInvariant]: (...args: never[]) => [(this: void, deps: Provided<Merge<From<Entries<{ annotated: () => { annotated: true; port: number; }; plugin: () => { plugin: true; port: number; }; }>>, Selected<...>>>) => { ...; }, object, readonly unknown[], TokenGraph, unknown]; }) | ... 5 m...'.\n  Type '() => { incompatible: boolean; }' is not assignable to type 'DisposableFactory<(this: void, deps: Provided<Merge<From<Entries<{ annotated: () => { annotated: true; port: number; }; plugin: () => { plugin: true; port: number; }; }>>, Selected<readonly [\"plugin\"], { plugin: () => { incompatible: boolean; }; }>>>) => { ...; }> & Factory'.\n    Type '() => { incompatible: boolean; }' is not assignable to type 'DisposableFactory<(this: void, deps: Provided<Merge<From<Entries<{ annotated: () => { annotated: true; port: number; }; plugin: () => { plugin: true; port: number; }; }>>, Selected<readonly [\"plugin\"], { plugin: () => { incompatible: boolean; }; }>>>) => { ...; }>'."}],"metrics":{},"unparsed":[]},"matched":{"expected":2,"matched":2,"primaryExpected":2,"primaryMatched":2,"supplementalExpected":0,"supplementalMatched":0,"unexpected":[],"missing":[]}}}
contracts	Run npm run check	2026-09-10T05:33:04.8152813Z ##[error]negative.cts(10,64): error TS2345: Argument of type '{ share: ["annotated"]; }' is not assignable to parameter of type 'ScopeOptions<From<Entries<{ annotated: () => { annotated: true; port: number; }; plugin: () => { plugin: true; port: number; }; }>>, readonly ["annotated"]> & { readonly [errorBrand]: "scope cannot share and override the same token"; } & { ...; }'.
contracts	Run npm run check	2026-09-10T05:33:04.8160889Z   Property '[errorBrand]' is missing in type '{ share: ["annotated"]; }' but required in type '{ readonly [errorBrand]: "scope cannot share and override the same token"; }'.
contracts	Run npm run check	2026-09-10T05:33:04.8163987Z ##[error]negative.cts(15,26): error TS2322: Type '() => { incompatible: boolean; }' is not assignable to type '(ProviderBase & { readonly [providerInvariant]: (...args: never[]) => [(this: void, deps: Provided<Merge<From<Entries<{ annotated: () => { annotated: true; port: number; }; plugin: () => { plugin: true; port: number; }; }>>, Selected<...>>>) => { ...; }, object, readonly unknown[], TokenGraph, unknown]; }) | ... 5 m...'.
contracts	Run npm run check	2026-09-10T05:33:04.8166347Z   Type '() => { incompatible: boolean; }' is not assignable to type 'DisposableFactory<(this: void, deps: Provided<Merge<From<Entries<{ annotated: () => { annotated: true; port: number; }; plugin: () => { plugin: true; port: number; }; }>>, Selected<readonly ["plugin"], { plugin: () => { incompatible: boolean; }; }>>>) => { ...; }> & Factory'.
contracts	Run npm run check	2026-09-10T05:33:04.8167978Z     Type '() => { incompatible: boolean; }' is not assignable to type 'DisposableFactory<(this: void, deps: Provided<Merge<From<Entries<{ annotated: () => { annotated: true; port: number; }; plugin: () => { plugin: true; port: number; }; }>>, Selected<readonly ["plugin"], { plugin: () => { incompatible: boolean; }; }>>>) => { ...; }>'.
contracts	Run npm run check	2026-09-10T05:33:04.8168901Z 
contracts	Run npm run check	2026-09-10T05:33:04.8168909Z 
contracts	Run npm run check	2026-09-10T05:33:04.8168913Z 
contracts	Run npm run check	2026-09-10T05:33:04.8168993Z   {
contracts	Run npm run check	2026-09-10T05:33:04.8169180Z -   "failures": [],
contracts	Run npm run check	2026-09-10T05:33:04.8169399Z -   "ok": true,
contracts	Run npm run check	2026-09-10T05:33:04.8169582Z +   "failures": [
contracts	Run npm run check	2026-09-10T05:33:04.8169758Z +     
contracts	Run npm run check	2026-09-10T05:33:04.8170814Z + "offline consumer verification failed: Error: I14 negative declaration evidence mismatch for native7... (2169 bytes truncated) ...,"primaryMatched":2,"supplementalExpected":0,"supplementalMatched":0,"unexpected":[],"missing":[]}}}
contracts	Run npm run check	2026-09-10T05:33:04.8173357Z ##[error]+ negative.cts(10,64): error TS2345: Argument of type '{ share: ["annotated"]; }' is not assignable to parameter of type 'ScopeOptions<From<Entries<{ annotated: () => { annotated: true; port: number; }; plugin: () => { plugin: true; port: number; }; }>>, readonly ["annotated"]> & { readonly [errorBrand]: "scope cannot share and override the same token"; } & { ...; }'.
contracts	Run npm run check	2026-09-10T05:33:04.8175068Z +   Property '[errorBrand]' is missing in type '{ share: ["annotated"]; }' but required in type '{ readonly [errorBrand]: "scope cannot share and override the same token"; }'.
contracts	Run npm run check	2026-09-10T05:33:04.8177596Z ##[error]+ negative.cts(15,26): error TS2322: Type '() => { incompatible: boolean; }' is not assignable to type '(ProviderBase & { readonly [providerInvariant]: (...args: never[]) => [(this: void, deps: Provided<Merge<From<Entries<{ annotated: () => { annotated: true; port: number; }; plugin: () => { plugin: true; port: number; }; }>>, Selected<...>>>) => { ...; }, object, readonly unknown[], TokenGraph, unknown]; }) | ... 5 m...'.
contracts	Run npm run check	2026-09-10T05:33:04.8179800Z +   Type '() => { incompatible: boolean; }' is not assignable to type 'DisposableFactory<(this: void, deps: Provided<Merge<From<Entries<{ annotated: () => { annotated: true; port: number; }; plugin: () => { plugin: true; port: number; }; }>>, Selected<readonly ["plugin"], { plugin: () => { incompatible: boolean; }; }>>>) => { ...; }> & Factory'.
contracts	Run npm run check	2026-09-10T05:33:04.8181896Z +     Type '() => { incompatible: boolean; }' is not assignable to type 'DisposableFactory<(this: void, deps: Provided<Merge<From<Entries<{ annotated: () => { annotated: true; port: number; }; plugin: () => { plugin: true; port: number; }; }>>, Selected<readonly ["plugin"], { plugin: () => { incompatible: boolean; }; }>>>) => { ...; }>'.
contracts	Run npm run check	2026-09-10T05:33:04.8182742Z + 
contracts	Run npm run check	2026-09-10T05:33:04.8182903Z + "
contracts	Run npm run check	2026-09-10T05:33:04.8183051Z + ,
contracts	Run npm run check	2026-09-10T05:33:04.8183207Z +   ],
contracts	Run npm run check	2026-09-10T05:33:04.8183369Z +   "ok": false,
contracts	Run npm run check	2026-09-10T05:33:04.8183544Z   }
contracts	Run npm run check	2026-09-10T05:33:04.8183633Z 
contracts	Run npm run check	2026-09-10T05:33:04.8183714Z - Expected  - 2
contracts	Run npm run check	2026-09-10T05:33:04.8183894Z + Received  + 13
contracts	Run npm run check	2026-09-10T05:33:04.8183998Z 
contracts	Run npm run check	2026-09-10T05:33:04.8184252Z       at <anonymous> (/home/runner/work/di-bag/di-bag/tests/release-artifacts.test.ts:729:48)
contracts	Run npm run check	2026-09-10T05:33:04.8184685Z 
contracts	Run npm run check	2026-09-10T05:33:04.8207893Z ##[error]  Property '[errorBrand]' is missing in type '{ share: ["annotated"]; }' but required in type '{ readonly [errorBrand]: "scope cannot share and override the same token"; }'.
contracts	Run npm run check	negative.cts(15,26): error TS2322: Type '() => { incompatible: boolean; }' is not assignable to type '(ProviderBase & { readonly [providerInvariant]: (...args: never[]) => [(this: void, deps: Provided<Merge<From<Entries<{ annotated: () => { annotated: true; port: number; }; plugin: () => { plugin: true; port: number; }; }>>, Selected<...>>>) => { ...; }, object, readonly unknown[], TokenGraph, unknown]; }) | ... 5 m...'.
contracts	Run npm run check	  Type '() => { incompatible: boolean; }' is not assignable to type 'DisposableFactory<(this: void, deps: Provided<Merge<From<Entries<{ annotated: () => { annotated: true; port: number; }; plugin: () => { plugin: true; port: number; }; }>>, Selected<readonly ["plugin"], { plugin: () => { incompatible: boolean; }; }>>>) => { ...; }> & Factory'.
contracts	Run npm run check	    Type '() => { incompatible: boolean; }' is not assignable to type 'DisposableFactory<(this: void, deps: Provided<Merge<From<Entries<{ annotated: () => { annotated: true; port: number; }; plugin: () => { plugin: true; port: number; }; }>>, Selected<readonly ["plugin"], { plugin: () => { incompatible: boolean; }; }>>>) => { ...; }>'.
contracts	Run npm run check	
contracts	Run npm run check	
contracts	Run npm run check	
contracts	Run npm run check	  {
contracts	Run npm run check	-   "failures": [],
contracts	Run npm run check	-   "ok": true,
contracts	Run npm run check	+   "failures": [
contracts	Run npm run check	+     
contracts	Run npm run check	+ "offline consumer verification failed: Error: I14 negative declaration evidence mismatch for native7... (2169 bytes truncated) ...,"primaryMatched":2,"supplementalExpected":0,"supplementalMatched":0,"unexpected":[],"missing":[]}}}
contracts	Run npm run check	+ negative.cts(10,64): error TS2345: Argument of type '{ share: ["annotated"]; }' is not assignable to parameter of type 'ScopeOptions<From<Entries<{ annotated: () => { annotated: true; port: number; }; plugin: () => { plugin: true; port: number; }; }>>, readonly ["annotated"]> & { readonly [errorBrand]: "scope cannot share and override the same token"; } & { ...; }'.
contracts	Run npm run check	+   Property '[errorBrand]' is missing in type '{ share: ["annotated"]; }' but required in type '{ readonly [errorBrand]: "scope cannot share and override the same token"; }'.
contracts	Run npm run check	+ negative.cts(15,26): error TS2322: Type '() => { incompatible: boolean; }' is not assignable to type '(ProviderBase & { readonly [providerInvariant]: (...args: never[]) => [(this: void, deps: Provided<Merge<From<Entries<{ annotated: () => { annotated: true; port: number; }; plugin: () => { plugin: true; port: number; }; }>>, Selected<...>>>) => { ...; }, object, readonly unknown[], TokenGraph, unknown]; }) | ... 5 m...'.
contracts	Run npm run check	+   Type '() => { incompatible: boolean; }' is not assignable to type 'DisposableFactory<(this: void, deps: Provided<Merge<From<Entries<{ annotated: () => { annotated: true; port: number; }; plugin: () => { plugin: true; port: number; }; }>>, Selected<readonly ["plugin"], { plugin: () => { incompatible: boolean; }; }>>>) => { ...; }> & Factory'.
contracts	Run npm run check	+     Type '() => { incompatible: boolean; }' is not assignable to type 'DisposableFactory<(this: void, deps: Provided<Merge<From<Entries<{ annotated: () => { annotated: true; port: number; }; plugin: () => { plugin: true; port: number; }; }>>, Selected<readonly ["plugin"], { plugin: () => { incompatible: boolean; }; }>>>) => { ...; }>'.
contracts	Run npm run check	+ 
contracts	Run npm run check	+ "
contracts	Run npm run check	+ ,
contracts	Run npm run check	+   ],
contracts	Run npm run check	+   "ok": false,
contracts	Run npm run check	  }
contracts	Run npm run check	
contracts	Run npm run check	- Expected  - 2
contracts	Run npm run check	+ Received  + 13
contracts	Run npm run check	
contracts	Run npm run check	      at <anonymous> (/home/runner/work/di-bag/di-bag/tests/release-artifacts.test.ts:729:48)
contracts	Run npm run check	2026-09-10T05:33:04.8216322Z (fail) archive verifier > installs owned verified bytes and passes real Node/Bun, CJS/ESM, core-only, and declaration oracles [13350.80ms]
contracts	Run npm run check	2026-09-10T05:33:04.8262235Z (pass) final release audit > validates exactly five roles and produces deterministic non-self-attestation [4.71ms]
contracts	Run npm run check	2026-09-10T05:33:04.8326167Z (pass) final release audit > rejects missing, duplicate, failed, mutated, stale-input and wrong-Git evidence [6.32ms]
contracts	Run npm run check	2026-09-10T05:33:04.8975775Z (pass) final release audit > rejects every invalid retained command field and fixed limit violation [64.90ms]
contracts	Run npm run check	2026-09-10T05:33:04.8980090Z (pass) final release audit > audit CLI rejects wrong output, public location, OIDs, duplicate and extra options [0.53ms]
contracts	Run npm run check	2026-09-10T05:33:04.8990431Z 
contracts	Run npm run check	2026-09-10T05:33:04.8990962Z ##[endgroup]
contracts	Run npm run check	2026-09-10T05:33:04.8994413Z 
contracts	Run npm run check	2026-09-10T05:33:04.8994802Z ##[group]tests/selected-scopes.test.ts:
contracts	Run npm run check	2026-09-10T05:33:04.9060183Z (pass) selected sharing keeps parent dependencies while child overrides stay local [1.44ms]
contracts	Run npm run check	2026-09-10T05:33:04.9061447Z (pass) mixed token selections retain exact borrowed pending values and override bindings [0.50ms]
contracts	Run npm run check	2026-09-10T05:33:04.9062904Z (pass) scope snapshots selections and ignores unselected override getters and tuple iterators [0.52ms]
contracts	Run npm run check	2026-09-10T05:33:04.9064363Z (pass) invalid selections reject before override values or provider effects [0.59ms]
contracts	Run npm run check	2026-09-10T05:33:04.9065079Z (pass) empty selections are lazy and duplicates read each override once [0.35ms]
contracts	Run npm run check	2026-09-10T05:33:04.9071393Z (pass) inherited strict roots keep their graph when a child overrides a dependency as scoped [0.28ms]
contracts	Run npm run check	2026-09-10T05:33:04.9072063Z 
contracts	Run npm run check	2026-09-10T05:33:04.9072628Z ##[endgroup]
contracts	Run npm run check	2026-09-10T05:33:04.9072877Z 
contracts	Run npm run check	2026-09-10T05:33:04.9073349Z ##[group]tests/compiler-case.test.ts:
contracts	Run npm run check	2026-09-10T05:33:04.9074256Z (pass) selected compiler case admits only original matrix identities [0.24ms]
contracts	Run npm run check	2026-09-10T05:33:04.9178635Z (pass) a claimed accepted result cannot hide an original-boundary failure [11.54ms]
contracts	Run npm run check	2026-09-10T05:33:04.9181752Z (pass) direct selected-case calls reject invalid lane and matrix identities before dispatch [0.38ms]
contracts	Run npm run check	2026-09-10T05:33:04.9183346Z (pass) recomputed boundary rejects self-consistent worker evidence at the wrong boundary [0.17ms]
contracts	Run npm run check	2026-09-10T05:33:04.9184202Z (pass) selected evidence rejects sourceCommit drift while compilation runs [0.09ms]
contracts	Run npm run check	2026-09-10T05:33:04.9184830Z (pass) selected evidence rejects sourceStatus drift while compilation runs
contracts	Run npm run check	2026-09-10T05:33:04.9185379Z (pass) selected evidence rejects sourceSha256 drift while compilation runs
contracts	Run npm run check	2026-09-10T05:33:04.9185986Z (pass) selected evidence rejects generatedSha256 drift while compilation runs
contracts	Run npm run check	2026-09-10T05:33:04.9186472Z (pass) native selected evidence preserves the hash of the compiled snapshot [0.06ms]
contracts	Run npm run check	2026-09-10T05:33:04.9187002Z (pass) compiler CLI deterministically selects exit status from simulated evidence [0.05ms]
contracts	Run npm run check	2026-09-10T05:33:04.9187524Z (pass) classic process failures retain compiler identity and complete provenance [0.04ms]
contracts	Run npm run check	2026-09-10T05:33:06.8630070Z (pass) classic selected 100 bulk valid returns verified evidence [1944.27ms]
contracts	Run npm run check	2026-09-10T05:33:08.9134318Z (pass) classic selected 100 bulk missing returns verified evidence [2050.41ms]
contracts	Run npm run check	2026-09-10T05:33:09.1026984Z (pass) native selected 100 bulk valid returns verified evidence [189.26ms]
contracts	Run npm run check	2026-09-10T05:33:09.2757389Z (pass) native selected 100 bulk missing returns verified evidence [172.96ms]
contracts	Run npm run check	2026-09-10T05:33:09.5481853Z (pass) selected compiler CLI rejects an invalid identity without JSON success [272.48ms]
contracts	Run npm run check	2026-09-10T05:33:09.5482354Z 
contracts	Run npm run check	2026-09-10T05:33:09.5482722Z ##[endgroup]
contracts	Run npm run check	2026-09-10T05:33:09.5483945Z 
contracts	Run npm run check	2026-09-10T05:33:09.5484565Z ##[group]tests/scopes.test.ts:
contracts	Run npm run check	2026-09-10T05:33:09.5504219Z (pass) children own fresh acquisitions while independent forks outlive their source [0.79ms]
contracts	Run npm run check	2026-09-10T05:33:09.5509777Z (pass) parent close synchronously closes every descendant admission gate and waits for descendants [0.56ms]
contracts	Run npm run check	2026-09-10T05:33:09.5513450Z (pass) pending child sources may acquire dependencies after parent close starts [0.37ms]
contracts	Run npm run check	2026-09-10T05:33:09.5515621Z (pass) pending acquisition promises deduplicate only within one scope [0.21ms]
contracts	Run npm run check	2026-09-10T05:33:09.5522274Z (pass) nested cleanup failures flatten by registration order despite reversed completion [0.64ms]
contracts	Run npm run check	2026-09-10T05:33:09.5526927Z (pass) independently settled children detach on success and failure without replay [0.44ms]
contracts	Run npm run check	2026-09-10T05:33:09.5530784Z (pass) parent close includes a child already closing until its failure settles [0.38ms]
contracts	Run npm run check	2026-09-10T05:33:09.5534301Z (pass) unexpected child close rejection is retained after parent cleanup [0.34ms]
contracts	Run npm run check	2026-09-10T05:33:09.5540161Z (pass) scope preserves native shadowed-then and raw Promise ownership in configured core [0.53ms]
contracts	Run npm run check	2026-09-10T05:33:09.5544729Z (pass) child projection rollback finishes before a parent-owned finalizer [0.46ms]
contracts	Run npm run check	2026-09-10T05:33:09.5552959Z (pass) scopes retain module-private identities and unchanged public binding metadata [0.84ms]
contracts	Run npm run check	2026-09-10T05:33:09.5556169Z (pass) unchecked scope arguments reject before creating or acquiring a child [0.32ms]
contracts	Run npm run check	2026-09-10T05:33:09.5556479Z 
contracts	Run npm run check	2026-09-10T05:33:09.5556752Z ##[endgroup]
contracts	Run npm run check	2026-09-10T05:33:09.5559178Z 
contracts	Run npm run check	2026-09-10T05:33:09.5559469Z ##[group]tests/enterprise-integration.test.ts:
contracts	Run npm run check	2026-09-10T05:33:09.5579353Z (pass) overlapping requests isolate private dependencies and release scopes before the shared root [0.94ms]
contracts	Run npm run check	2026-09-10T05:33:09.5582583Z (pass) owned-scope fixture preserves handler and cleanup failures without closing twice [0.33ms]
contracts	Run npm run check	2026-09-10T05:33:09.5586575Z (pass) test substitutions retain private module contracts and fresh transient instances [0.40ms]
contracts	Run npm run check	2026-09-10T05:33:09.5599829Z (pass) a dynamically imported module starts private providers and unloads contributions exactly once [1.25ms]
contracts	Run npm run check	2026-09-10T05:33:09.5602130Z (pass) owned-scope fixture preserves a thrown undefined value and cleanup-only failure [0.27ms]
contracts	Run npm run check	2026-09-10T05:33:09.5603371Z (pass) owned-scope work result types follow explicit awaiting of structural thenables [0.13ms]
contracts	Run npm run check	2026-09-10T05:33:09.5607469Z (pass) a fixture whose startup fails releases acquired resources without admitting work [0.40ms]
contracts	Run npm run check	2026-09-10T05:33:09.5607834Z 
contracts	Run npm run check	2026-09-10T05:33:09.5608268Z ##[endgroup]
contracts	Run npm run check	2026-09-10T05:33:09.5610017Z 
contracts	Run npm run check	2026-09-10T05:33:09.5610438Z ##[group]tests/token-modules.test.ts:
contracts	Run npm run check	2026-09-10T05:33:09.5622271Z (pass) exported tokens retarget private module consumers in forks [0.41ms]
contracts	Run npm run check	2026-09-10T05:33:09.5626677Z (pass) private tokens get independent installations and dependency ordered cleanup [0.40ms]
contracts	Run npm run check	2026-09-10T05:33:09.5633217Z (pass) token bindings preserve source reuse, promise identity and public replacement [0.43ms]
contracts	Run npm run check	2026-09-10T05:33:09.5634437Z (pass) fork snapshots mixed selection indices and reads only selected own overrides [0.33ms]
contracts	Run npm run check	2026-09-10T05:33:09.5642111Z (pass) duplicate mixed overrides keep getter order and route final values through private consumers [0.71ms]
contracts	Run npm run check	2026-09-10T05:33:09.5644384Z (pass) invalid token selections preflight before any selected override getter [0.24ms]
contracts	Run npm run check	2026-09-10T05:33:09.5648013Z (pass) runtime duplicate symbols reject atomically and leave builders reusable [0.36ms]
contracts	Run npm run check	2026-09-10T05:33:09.5648588Z 
contracts	Run npm run check	2026-09-10T05:33:09.5649225Z ##[endgroup]
contracts	Run npm run check	2026-09-10T05:33:09.5650118Z 
contracts	Run npm run check	2026-09-10T05:33:09.5650668Z ##[group]tests/persistent-graph.test.ts:
contracts	Run npm run check	2026-09-10T05:33:09.5796421Z (pass) replacement removes obsolete public IDs while earlier versions retain their own values [13.66ms]
contracts	Run npm run check	2026-09-10T05:33:09.5799080Z (pass) replacement counts all public slots and contribution references to a binding [0.37ms]
contracts	Run npm run check	2026-09-10T05:33:09.5804053Z (pass) private aliases protect replaced IDs but public aliases follow current slots [0.49ms]
contracts	Run npm run check	2026-09-10T05:33:09.5806042Z (pass) constructor keeps unused private registrations for explicit preflight and dangling refs for inspection [0.18ms]
contracts	Run npm run check	2026-09-10T05:33:09.5878038Z (pass) shared lexical input maps are snapshotted once per installation [7.13ms]
contracts	Run npm run check	2026-09-10T05:33:09.6104247Z (pass) string collisions, special own keys and same-description symbols stay distinct across updates [22.52ms]
contracts	Run npm run check	2026-09-10T05:33:09.6169280Z (pass) materialized contributions retain order through append and installation without changing old arrays [6.52ms]
contracts	Run npm run check	2026-09-10T05:33:09.6176240Z (pass) root lifetime stays parent-owned after a child overrides one shared public slot [0.47ms]
contracts	Run npm run check	2026-09-10T05:33:09.6178795Z (pass) former public targets are pruned when the last user of a shared lexical snapshot is replaced [0.18ms]
contracts	Run npm run check	2026-09-10T05:33:09.6706565Z (pass) pruning cascades iteratively through displaced lexical targets [53.00ms]
contracts	Run npm run check	2026-09-10T05:33:09.6721427Z (pass) contribution protection uses the once-read input snapshot through public replacement [0.80ms]
contracts	Run npm run check	2026-09-10T05:33:09.6750600Z 
contracts	Run npm run check	2026-09-10T05:33:09.6754262Z ##[endgroup]
contracts	Run npm run check	2026-09-10T05:33:09.6754607Z 
contracts	Run npm run check	2026-09-10T05:33:09.6755111Z ##[group]tests/diagnostic-markers.test.ts:
contracts	Run npm run check	2026-09-10T05:33:09.6764842Z (pass) strict matcher accounts for explicit supplemental diagnostics without splitting regions [0.20ms]
contracts	Run npm run check	2026-09-10T05:33:09.6765688Z (pass) supplement cannot replace a missing primary [0.07ms]
contracts	Run npm run check	2026-09-10T05:33:09.6766228Z (pass) supplement rejects {"code":2345} [0.06ms]
contracts	Run npm run check	2026-09-10T05:33:09.6767333Z (pass) supplement rejects {"file":"/other.ts"} [0.02ms]
contracts	Run npm run check	2026-09-10T05:33:09.6767849Z (pass) supplement rejects {"line":5} [0.01ms]
contracts	Run npm run check	2026-09-10T05:33:09.6768272Z (pass) supplement rejects {"code":2589} [0.02ms]
contracts	Run npm run check	2026-09-10T05:33:09.6768606Z (pass) supplement rejects {"message":"unrelated"} [0.02ms]
contracts	Run npm run check	2026-09-10T05:33:09.6768979Z (pass) unrelated cascades and TS2589 remain unexpected [0.06ms]
contracts	Run npm run check	2026-09-10T05:33:09.6769214Z 
contracts	Run npm run check	2026-09-10T05:33:09.6769455Z ##[endgroup]
contracts	Run npm run check	2026-09-10T05:33:09.6769549Z 
contracts	Run npm run check	2026-09-10T05:33:09.6769762Z ##[group]tests/native-package.test.ts:
contracts	Run npm run check	2026-09-10T05:34:26.2236637Z (pass) native installed contracts and physical downstream declarations from classic6 [76518.85ms]
contracts	Run npm run check	2026-09-10T05:35:15.9781847Z (pass) native installed contracts and physical downstream declarations from native7 [49753.19ms]
contracts	Run npm run check	2026-09-10T05:35:15.9783121Z 
contracts	Run npm run check	2026-09-10T05:35:15.9783912Z ##[endgroup]
contracts	Run npm run check	2026-09-10T05:35:15.9787787Z 
contracts	Run npm run check	2026-09-10T05:35:15.9796191Z ##[group]tests/comparator-contract.test.ts:
contracts	Run npm run check	2026-09-10T05:35:15.9914893Z (pass) admits only a synchronous named graph with singleton, transient and explicit lifecycle semantics [12.56ms]
contracts	Run npm run check	2026-09-10T05:35:15.9916538Z (pass) comparator cannot enter the table with incomplete or forged metadata [0.21ms]
contracts	Run npm run check	2026-09-10T05:35:15.9918525Z (pass) rejects asynchronous construction or resolution from the synchronous common subset [0.16ms]
contracts	Run npm run check	2026-09-10T05:35:16.0290070Z (pass) forbidden rejected async results are consumed before the child exits [37.06ms]
contracts	Run npm run check	2026-09-10T05:35:16.0292663Z (pass) rejects a changed named workload, singleton caching or transient freshness [0.34ms]
contracts	Run npm run check	2026-09-10T05:35:16.0300164Z (pass) rejects missing, partial and failing explicit disposal [0.74ms]
contracts	Run npm run check	2026-09-10T05:35:16.0307042Z (pass) reports absent optional packages as unavailable without inventing adapter rows [0.67ms]
contracts	Run npm run check	2026-09-10T05:35:16.0314755Z (pass) distinguishes unavailable installation from an unreviewed or semantically invalid adapter [0.76ms]
contracts	Run npm run check	2026-09-10T05:35:16.0320441Z (pass) rejects package and adapter identity drift before semantic admission [0.55ms]
contracts	Run npm run check	2026-09-10T05:35:16.0326943Z (pass) comparator CLI mode emits only truthful optional status rows and creates no timing evidence [0.66ms]
contracts	Run npm run check	2026-09-10T05:35:16.0327385Z 
contracts	Run npm run check	2026-09-10T05:35:16.0327736Z ##[endgroup]
contracts	Run npm run check	2026-09-10T05:35:16.0329474Z 
contracts	Run npm run check	2026-09-10T05:35:16.0329851Z ##[group]tests/native-process.test.ts:
contracts	Run npm run check	2026-09-10T05:35:16.0617361Z (pass) supervisor terminates and reaps a live child on monitor EIO [2.06ms]
contracts	Run npm run check	2026-09-10T05:35:16.0625173Z (pass) supervisor terminates and reaps a live child on monitor ENOENT [0.85ms]
contracts	Run npm run check	2026-09-10T05:35:16.0631173Z (pass) supervisor terminates and reaps a live child on monitor ESRCH [0.56ms]
contracts	Run npm run check	2026-09-10T05:35:16.0853430Z (pass) supervisor terminates and reaps a live child on monitor missing VmRSS [22.21ms]
contracts	Run npm run check	2026-09-10T05:35:16.1724307Z (pass) supervisor drains and reaps a zombie when status reports ENOENT before the exit callback [87.04ms]
contracts	Run npm run check	2026-09-10T05:35:16.2490011Z (pass) supervisor drains and reaps a zombie when status reports ESRCH before the exit callback [76.53ms]
contracts	Run npm run check	2026-09-10T05:35:16.3247721Z (pass) supervisor confirms ESRCH process disappearance before its exit callback runs [75.76ms]
contracts	Run npm run check	2026-09-10T05:35:16.4095850Z (pass) supervisor drains streams and awaits pending sample cleanup for missing VmRSS during exit [84.83ms]
contracts	Run npm run check	2026-09-10T05:35:16.5053564Z (pass) supervisor drains streams and awaits pending sample cleanup for ENOENT after exit [95.74ms]
contracts	Run npm run check	2026-09-10T05:35:16.5873550Z (pass) supervisor drains streams and awaits pending sample cleanup for ESRCH after exit [82.02ms]
contracts	Run npm run check	2026-09-10T05:35:16.6391882Z (pass) monitor termination waits for inherited stdout and stderr to close [51.78ms]
contracts	Run npm run check	2026-09-10T05:35:16.7080495Z (pass) supervisor retains clean child streams and exit status [68.84ms]
contracts	Run npm run check	2026-09-10T05:35:16.7088712Z (pass) failed spawn is explicit evidence [0.92ms]
contracts	Run npm run check	2026-09-10T05:35:16.7313628Z (pass) supervisor terminates and reaps timeout child [22.42ms]
contracts	Run npm run check	2026-09-10T05:35:16.7537718Z (pass) supervisor terminates and reaps memory child [22.35ms]
contracts	Run npm run check	2026-09-10T05:35:16.7766855Z (pass) supervisor terminates and reaps output child [22.93ms]
contracts	Run npm run check	2026-09-10T05:35:16.7768309Z (pass) invalid limits and unsupported platforms fail before spawning [0.23ms]
contracts	Run npm run check	2026-09-10T05:35:16.7990434Z (pass) output overflow remains byte bounded when UTF8 is cut within a character [22.10ms]
contracts	Run npm run check	2026-09-10T05:35:16.7990883Z 
contracts	Run npm run check	2026-09-10T05:35:16.7991196Z ##[endgroup]
contracts	Run npm run check	2026-09-10T05:35:16.7994506Z 
contracts	Run npm run check	2026-09-10T05:35:16.7994793Z ##[group]tests/selected-scope-runtime.test.ts:
contracts	Run npm run check	2026-09-10T05:35:16.8019902Z (pass) selected service borrows parent configuration and ownership while child config is overridden [1.27ms]
contracts	Run npm run check	2026-09-10T05:35:16.8022887Z (pass) scoped sharing selects the immediate parent and must be selected again by grandchildren [0.30ms]
contracts	Run npm run check	2026-09-10T05:35:16.8027561Z (pass) child-defined roots anchor their graph while inherited roots construct in the original graph [0.46ms]
contracts	Run npm run check	2026-09-10T05:35:16.8032000Z (pass) shared pending promises deduplicate and failed acquisitions retry at the owner [0.43ms]
contracts	Run npm run check	2026-09-10T05:35:16.8036239Z (pass) closing a borrower leaves the pending owner context and finalizer intact [0.41ms]
contracts	Run npm run check	2026-09-10T05:35:16.8040778Z (pass) pending child sources discover shared parent dependencies during tree close [0.42ms]
contracts	Run npm run check	2026-09-10T05:35:16.8043672Z (pass) strict child roots reject shared scoped dependencies before reading a cached owner [0.32ms]
contracts	Run npm run check	2026-09-10T05:35:16.8046080Z (pass) shared dependency edges detect cycles through retained owner proxies [0.24ms]
contracts	Run npm run check	2026-09-10T05:35:16.8048803Z (pass) shared module bindings preserve lexical private dependencies despite child public replacements [0.25ms]
contracts	Run npm run check	2026-09-10T05:35:16.8051409Z (pass) synchronous shared owner reentry detects a cycle across acquisition owners [0.25ms]
contracts	Run npm run check	2026-09-10T05:35:16.8054843Z (pass) a ready projection retains source permission for late shared reads [0.34ms]
contracts	Run npm run check	2026-09-10T05:35:16.8056845Z (pass) a failed projection retains source permission for late shared reads [0.15ms]
contracts	Run npm run check	2026-09-10T05:35:16.8059813Z (pass) completed and retired child proxies cannot borrow another source closing permission for shared reads [0.30ms]
contracts	Run npm run check	2026-09-10T05:35:16.8060458Z 
contracts	Run npm run check	2026-09-10T05:35:16.8060887Z ##[endgroup]
contracts	Run npm run check	2026-09-10T05:35:16.8062430Z 
contracts	Run npm run check	2026-09-10T05:35:16.8062747Z ##[group]tests/tokens.test.ts:
contracts	Run npm run check	2026-09-10T05:35:16.8190651Z (pass) token symbols participate in the same acquisition graph [0.48ms]
contracts	Run npm run check	2026-09-10T05:35:16.8191738Z (pass) handles authenticate identity and capture a receiver-free symbol [0.21ms]
contracts	Run npm run check	2026-09-10T05:35:16.8195511Z (pass) indexed snapshots ignore iterators and caller mutations [0.37ms]
contracts	Run npm run check	2026-09-10T05:35:16.8197124Z (pass) invalid selections fail before callbacks and binding transforms [0.16ms]
contracts	Run npm run check	2026-09-10T05:35:16.8199711Z (pass) same actual symbols and repeated token reads reuse one cache slot [0.25ms]
contracts	Run npm run check	2026-09-10T05:35:16.8202026Z (pass) distinct symbols with the same description resolve independent slots [0.22ms]
contracts	Run npm run check	2026-09-10T05:35:16.8210091Z (pass) symbol dependencies follow lexical private and public references [0.39ms]
contracts	Run npm run check	2026-09-10T05:35:16.8211152Z (pass) token and named cycles report symbol labels in both entry orders [0.35ms]
contracts	Run npm run check	2026-09-10T05:35:16.8212885Z (pass) rejected token acquisitions retry without awaiting callback arguments [0.33ms]
contracts	Run npm run check	2026-09-10T05:35:16.8221492Z (pass) late named reads from a token-bound source retain close permission and disposal order [0.39ms]
contracts	Run npm run check	2026-09-10T05:35:16.8222364Z (pass) undeclared well-known symbol reads remain undefined [0.14ms]
contracts	Run npm run check	2026-09-10T05:35:16.8223596Z (pass) binding views and transformations retain frozen source selection without mutating inputs [0.29ms]
contracts	Run npm run check	2026-09-10T05:35:16.8224167Z 
contracts	Run npm run check	2026-09-10T05:35:16.8224815Z ##[endgroup]
contracts	Run npm run check	2026-09-10T05:35:16.8225115Z 
contracts	Run npm run check	2026-09-10T05:35:16.8225570Z ##[group]tests/incremental-scale.test.ts:
contracts	Run npm run check	2026-09-10T05:35:18.9429591Z (pass) incremental compiler work: 100 named additions [2119.93ms]
contracts	Run npm run check	2026-09-10T05:35:21.1964017Z (pass) incremental compiler work: 100 named replacements [2253.44ms]
contracts	Run npm run check	2026-09-10T05:35:23.8253468Z (pass) incremental compiler work: 100 token bindings [2628.67ms]
contracts	Run npm run check	2026-09-10T05:35:23.8253909Z 
contracts	Run npm run check	2026-09-10T05:35:23.8254944Z ##[endgroup]
contracts	Run npm run check	2026-09-10T05:35:23.8259664Z 
contracts	Run npm run check	2026-09-10T05:35:23.8418530Z ##[group]tests/persistent-map.test.ts:
contracts	Run npm run check	2026-09-10T05:35:23.8419398Z (pass) collision replacement and deletion preserve other keys and earlier versions [2.14ms]
contracts	Run npm run check	2026-09-10T05:35:23.8524586Z (pass) mixed insert/delete operations agree with an independent native map [10.73ms]
contracts	Run npm run check	2026-09-10T05:35:23.8525022Z 
contracts	Run npm run check	2026-09-10T05:35:23.8525324Z ##[endgroup]
contracts	Run npm run check	2026-09-10T05:35:23.8528501Z 
contracts	Run npm run check	2026-09-10T05:35:23.8528838Z ##[group]tests/runtime.test.ts:
contracts	Run npm run check	2026-09-10T05:35:23.8540966Z (pass) sync diamond dependencies are created once and stay synchronous [0.29ms]
contracts	Run npm run check	2026-09-10T05:35:23.8542060Z (pass) undefined is memoized [0.15ms]
contracts	Run npm run check	2026-09-10T05:35:23.8544954Z (pass) a creating undefined-valued factory cannot be returned through reentrant resolution [0.25ms]
contracts	Run npm run check	2026-09-10T05:35:23.8546795Z (pass) forward registration and forks use independent memoization [0.19ms]
contracts	Run npm run check	2026-09-10T05:35:23.8547710Z (pass) synchronous factory failure can be retried [0.10ms]
contracts	Run npm run check	2026-09-10T05:35:23.8550990Z (pass) ending one builder twice and forking create fresh owned roots [0.29ms]
contracts	Run npm run check	2026-09-10T05:35:23.8553645Z (pass) async dependencies remain explicit and concurrent resolutions share a promise [0.25ms]
contracts	Run npm run check	2026-09-10T05:35:23.8555450Z (pass) synchronous cycles include their dependency path [0.18ms]
contracts	Run npm run check	2026-09-10T05:35:23.8556086Z (pass) prototype properties are not factories [0.06ms]
contracts	Run npm run check	2026-09-10T05:35:23.8557937Z (pass) async factory rejections can be retried [0.18ms]
contracts	Run npm run check	2026-09-10T05:35:23.8559696Z (pass) synchronous failure discards abandoned edges before retrying another token [0.14ms]
contracts	Run npm run check	2026-09-10T05:35:23.8562742Z (pass) async failure discards abandoned edges before retrying another token [0.30ms]
contracts	Run npm run check	2026-09-10T05:35:23.8565336Z (pass) then inspection failure discards outgoing edges before another token retries [0.24ms]
contracts	Run npm run check	2026-09-10T05:35:23.8568286Z (pass) cycles discovered after await reject instead of hanging [0.31ms]
contracts	Run npm run check	2026-09-10T05:35:23.8568605Z 
contracts	Run npm run check	2026-09-10T05:35:23.8568869Z ##[endgroup]
contracts	Run npm run check	2026-09-10T05:35:23.8569640Z 
contracts	Run npm run check	2026-09-10T05:35:23.8569987Z ##[group]tests/native-diagnostic-markers.test.ts:
contracts	Run npm run check	2026-09-10T05:35:23.8579647Z (pass) known native overload rejection retains its unmet useful requirement separately [0.24ms]
contracts	Run npm run check	2026-09-10T05:35:23.8580575Z (pass) native gap rejects unknown declaration [0.09ms]
contracts	Run npm run check	2026-09-10T05:35:23.8581171Z (pass) native gap rejects malformed declaration [0.03ms]
contracts	Run npm run check	2026-09-10T05:35:23.8581730Z (pass) native gap rejects duplicate declaration [0.03ms]
contracts	Run npm run check	2026-09-10T05:35:23.8582268Z (pass) native gap rejects misplaced declaration [0.05ms]
contracts	Run npm run check	2026-09-10T05:35:23.8595378Z (pass) native gap rejects not adjacent [0.03ms]
contracts	Run npm run check	2026-09-10T05:35:23.8595908Z (pass) native gap rejects stale declaration [0.02ms]
contracts	Run npm run check	2026-09-10T05:35:23.8596285Z (pass) native gap rejects wrong code [0.01ms]
contracts	Run npm run check	2026-09-10T05:35:23.8596650Z (pass) native gap rejects wrong full message [0.02ms]
contracts	Run npm run check	2026-09-10T05:35:23.8597112Z (pass) native gap rejects wrong file [0.02ms]
contracts	Run npm run check	2026-09-10T05:35:23.8597436Z (pass) native gap rejects wrong region [0.03ms]
contracts	Run npm run check	2026-09-10T05:35:23.8597757Z (pass) native gap rejects absent error [0.02ms]
contracts	Run npm run check	2026-09-10T05:35:23.8598066Z (pass) native gap rejects TS2589 [0.01ms]
contracts	Run npm run check	2026-09-10T05:35:23.8598411Z (pass) native gap rejects duplicate error [0.02ms]
contracts	Run npm run check	2026-09-10T05:35:23.8598748Z (pass) native gap rejects unrelated extra [0.02ms]
contracts	Run npm run check	2026-09-10T05:35:23.8599307Z (pass) native gap rejects no declaration [0.01ms]
contracts	Run npm run check	2026-09-10T05:35:23.8599724Z (pass) native gap cannot replace a supplemental expectation [0.07ms]
contracts	Run npm run check	2026-09-10T05:35:23.8600217Z (pass) union and open-template fingerprints require their own exact declarations [0.13ms]
contracts	Run npm run check	2026-09-10T05:35:23.8601052Z (pass) native gap cannot satisfy a different primary even when that primary matches its fingerprint [0.05ms]
contracts	Run npm run check	2026-09-10T05:35:23.8601390Z 
contracts	Run npm run check	2026-09-10T05:35:23.8601621Z ##[endgroup]
contracts	Run npm run check	2026-09-10T05:35:23.8601739Z 
contracts	Run npm run check	2026-09-10T05:35:23.8601971Z ##[group]tests/native-compiler.test.ts:
contracts	Run npm run check	2026-09-10T05:35:23.8602431Z (pass) parser retains real native multiline diagnostics, positions and metrics [0.10ms]
contracts	Run npm run check	2026-09-10T05:35:23.8602956Z (pass) parser exposes configuration errors, TS2589 and unknown output [0.04ms]
contracts	Run npm run check	2026-09-10T05:35:23.8603515Z (pass) source marker gate rejects wrong file, region, message, TS2589 and unmatched cascades [0.19ms]
contracts	Run npm run check	2026-09-10T05:35:24.6366529Z (pass) verified native executable checks real nonempty valid and invalid projects [776.78ms]
contracts	Run npm run check	2026-09-10T05:35:24.7954992Z (pass) native small control bulk valid [158.85ms]
contracts	Run npm run check	2026-09-10T05:35:24.9662148Z (pass) native small control bulk missing [170.73ms]
contracts	Run npm run check	2026-09-10T05:35:25.6205178Z (pass) native small control bindings valid [654.27ms]
contracts	Run npm run check	2026-09-10T05:35:26.2442479Z (pass) native small control bindings missing-final-token [623.66ms]
contracts	Run npm run check	2026-09-10T05:35:26.2442865Z 
contracts	Run npm run check	2026-09-10T05:35:26.2443211Z ##[endgroup]
contracts	Run npm run check	2026-09-10T05:35:26.2445051Z 
contracts	Run npm run check	2026-09-10T05:35:26.2445410Z ##[group]tests/benchmark-types.test.ts:
contracts	Run npm run check	2026-09-10T05:35:26.2461988Z (pass) parent evaluator validates untrusted worker evidence and preserves requested identities [0.53ms]
contracts	Run npm run check	2026-09-10T05:35:26.5014247Z (pass) benchmark rejects unsupported flags: --native --native [255.16ms]
contracts	Run npm run check	2026-09-10T05:35:26.7464003Z (pass) benchmark rejects unsupported flags: --tokens --tokens [244.99ms]
contracts	Run npm run check	2026-09-10T05:35:26.9937910Z (pass) benchmark rejects unsupported flags: --unknown [247.35ms]
contracts	Run npm run check	2026-09-10T05:35:27.2425395Z (pass) benchmark rejects unsupported flags: --native --tokens --unknown [248.73ms]
contracts	Run npm run check	2026-09-10T05:35:28.5021621Z (pass) named benchmark boundary: 100 bulk valid [1258.92ms]
contracts	Run npm run check	2026-09-10T05:35:29.6354942Z (pass) named benchmark boundary: 100 bulk missing [1133.97ms]
contracts	Run npm run check	2026-09-10T05:35:30.6225357Z (pass) named benchmark boundary: 100 bulk wrong-shape [986.98ms]
contracts	Run npm run check	2026-09-10T05:35:32.4427789Z (pass) named benchmark boundary: 100 chained valid [1820.23ms]
contracts	Run npm run check	2026-09-10T05:35:34.2726743Z (pass) named benchmark boundary: 100 chained missing [1829.88ms]
contracts	Run npm run check	2026-09-10T05:35:36.1664933Z (pass) named benchmark boundary: 100 chained wrong-shape [1893.80ms]
contracts	Run npm run check	2026-09-10T05:35:37.0122419Z (pass) named benchmark boundary: 100 grouped valid [845.67ms]
contracts	Run npm run check	2026-09-10T05:35:37.8941507Z (pass) named benchmark boundary: 100 grouped missing [881.91ms]
contracts	Run npm run check	2026-09-10T05:35:38.7519781Z (pass) named benchmark boundary: 100 grouped wrong-shape [857.84ms]
contracts	Run npm run check	2026-09-10T05:35:40.9651750Z (pass) named benchmark boundary: 100 replacement valid [2211.98ms]
contracts	Run npm run check	2026-09-10T05:35:43.1242055Z (pass) named benchmark boundary: 100 replacement missing [2157.70ms]
contracts	Run npm run check	2026-09-10T05:35:45.6814429Z (pass) named benchmark boundary: 100 replacement wrong-shape [2559.78ms]
contracts	Run npm run check	2026-09-10T05:35:47.8132317Z (pass) named benchmark worker retains complete boundary diagnostics [2131.76ms]
contracts	Run npm run check	2026-09-10T05:35:50.4639094Z (pass) token worker defaults a valid invocation to 100 services [2650.66ms]
contracts	Run npm run check	2026-09-10T05:35:53.1124334Z (pass) token worker accepts an explicit supported count [2648.52ms]
contracts	Run npm run check	2026-09-10T05:35:53.3478827Z (pass) token worker rejects an extra argument before compilation [235.43ms]
contracts	Run npm run check	2026-09-10T05:35:53.5858238Z (pass) token worker rejects count zero before compilation [237.94ms]
contracts	Run npm run check	2026-09-10T05:35:53.8190987Z (pass) token worker rejects an unsupported count before compilation [233.24ms]
contracts	Run npm run check	2026-09-10T05:35:54.0563381Z (pass) token worker rejects an invalid form before compilation [237.24ms]
contracts	Run npm run check	2026-09-10T05:35:54.2908475Z (pass) token worker rejects an invalid scenario before compilation [234.50ms]
contracts	Run npm run check	2026-09-10T05:35:54.2909370Z 
contracts	Run npm run check	2026-09-10T05:35:54.2909766Z ##[endgroup]
contracts	Run npm run check	2026-09-10T05:35:54.2930783Z 
contracts	Run npm run check	2026-09-10T05:35:54.2931506Z ##[group]tests/types.test.ts:
contracts	Run npm run check	2026-09-10T05:35:55.2926239Z (pass) observers retain exact inferred cross-file contracts [988.74ms]
contracts	Run npm run check	2026-09-10T05:35:56.2014799Z (pass) plugins retain exact inferred cross-file contracts [908.82ms]
contracts	Run npm run check	2026-09-10T05:35:57.0568897Z (pass) final adversarial integration retains exact inferred cross-file contracts [855.42ms]
contracts	Run npm run check	2026-09-10T05:35:58.1120881Z (pass) contributions retain exact inferred cross-file contracts [1055.15ms]
contracts	Run npm run check	2026-09-10T05:35:59.2638967Z (pass) aliases retain exact inferred cross-file contracts [1151.80ms]
contracts	Run npm run check	2026-09-10T05:36:00.5059611Z (pass) dependency references retain exact inferred cross-file contracts [1242.09ms]
contracts	Run npm run check	2026-09-10T05:36:01.5737167Z (pass) composition adapters retain exact inferred cross-file contracts [1067.74ms]
contracts	Run npm run check	2026-09-10T05:36:02.5626923Z (pass) selected scopes retain exact inferred cross-file contracts [988.96ms]
contracts	Run npm run check	2026-09-10T05:36:03.3801597Z (pass) startup and contextual providers retain exact inferred cross-file contracts [817.41ms]
contracts	Run npm run check	2026-09-10T05:36:04.4085057Z (pass) lifetime declarations retain exact inferred cross-file contracts [1028.26ms]
contracts	Run npm run check	2026-09-10T05:36:06.7980790Z (pass) lifetimes inferred exports survive declaration consumption [2389.55ms]
contracts	Run npm run check	2026-09-10T05:36:08.8023082Z (pass) composition-adapters inferred exports survive declaration consumption [2004.21ms]
contracts	Run npm run check	2026-09-10T05:36:10.7948379Z (pass) dependency-references inferred exports survive declaration consumption [1992.50ms]
contracts	Run npm run check	2026-09-10T05:36:13.1344039Z (pass) aliases inferred exports survive declaration consumption [2339.56ms]
contracts	Run npm run check	2026-09-10T05:36:15.3287304Z (pass) contributions inferred exports survive declaration consumption [2194.29ms]
contracts	Run npm run check	2026-09-10T05:36:17.5263075Z (pass) observers inferred exports survive declaration consumption [2197.59ms]
contracts	Run npm run check	2026-09-10T05:36:19.6469164Z (pass) plugins inferred exports survive declaration consumption [2120.58ms]
contracts	Run npm run check	2026-09-10T05:36:21.7047847Z (pass) final-adversarial-integration inferred exports survive declaration consumption [2057.88ms]
contracts	Run npm run check	2026-09-10T05:36:22.6045314Z (pass) acquisition modes retain exact acquired values across inferred exports [899.69ms]
contracts	Run npm run check	2026-09-10T05:36:23.5050968Z (pass) token modules preserve exact cross-file contracts [900.56ms]
contracts	Run npm run check	2026-09-10T05:36:24.4422448Z (pass) public token composition preserves exact outputs and frames [937.11ms]
contracts	Run npm run check	2026-09-10T05:36:25.3548527Z (pass) token contracts preserve exact identities and provider graphs [912.54ms]
contracts	Run npm run check	2026-09-10T05:36:26.3490944Z (pass) replacement context preserves exact contracts from surviving consumers [994.20ms]
contracts	Run npm run check	2026-09-10T05:36:27.3018979Z (pass) incremental checks preserve forward, replacement and frame contracts [952.84ms]
contracts	Run npm run check	2026-09-10T05:36:28.1358773Z (pass) incremental projection candidates preserve replacement and resolved contracts [833.96ms]
contracts	Run npm run check	2026-09-10T05:36:29.0280060Z (pass) incremental module installation preserves private, forward, and token contracts [892.08ms]
contracts	Run npm run check	2026-09-10T05:36:29.9277973Z (pass) incremental module declarations retain exact results and token outputs [899.80ms]
contracts	Run npm run check	2026-09-10T05:36:30.7710857Z (pass) builder views preserve exact accepted registration histories [843.25ms]
contracts	Run npm run check	2026-09-10T05:36:31.7092559Z (pass) supported replacement wrappers and reflected methods stay exact and non-any [937.58ms]
contracts	Run npm run check	2026-09-10T05:36:32.5542381Z (pass) replacement reflection preserves utility soundness and module history [845.54ms]
contracts	Run npm run check	2026-09-10T05:36:33.4143839Z (pass) modern inline inference retains exact contracts [860.14ms]
contracts	Run npm run check	2026-09-10T05:36:34.6126427Z (pass) native acquisition metadata preserves exact outputs, requirements and frames [1198.24ms]
contracts	Run npm run check	2026-09-10T05:36:35.8957832Z (pass) typed provider metadata survives checked composition and inspection [1283.14ms]
contracts	Run npm run check	2026-09-10T05:36:36.9812256Z (pass) named modules preserve contracts across a file boundary [1084.99ms]
contracts	Run npm run check	2026-09-10T05:36:37.9335912Z (pass) valid composition preserves inferred values and explicit promise edges [952.77ms]
contracts	Run npm run check	2026-09-10T05:36:38.9004560Z (pass) registration boundaries preserve selected keys and exact factory types [966.86ms]
contracts	Run npm run check	2026-09-10T05:36:39.8319407Z (pass) scope preserves exact inferred contracts across a source boundary [931.39ms]
contracts	Run npm run check	2026-09-10T05:36:40.7496151Z (pass) inline method-returning factories preserve exact types: add [917.69ms]
contracts	Run npm run check	2026-09-10T05:36:41.6025671Z (pass) inline method-returning factories preserve exact types: fork [852.94ms]
contracts	Run npm run check	2026-09-10T05:36:42.4509350Z (pass) inline method-returning factories preserve exact types: disposal [848.35ms]
contracts	Run npm run check	2026-09-10T05:36:43.3568850Z (pass) type rejection: fork-wrong-shape.ts [905.84ms]
contracts	Run npm run check	2026-09-10T05:36:44.2585066Z (pass) type rejection: final-adversarial-integration.ts [901.72ms]
contracts	Run npm run check	2026-09-10T05:36:45.0563308Z (pass) type rejection: missing.ts [797.77ms]
contracts	Run npm run check	2026-09-10T05:36:45.8862364Z (pass) type rejection: object-registrations.ts [829.85ms]
contracts	Run npm run check	2026-09-10T05:36:46.6904365Z (pass) type rejection: inline-wrong-shape.ts [804.24ms]
contracts	Run npm run check	2026-09-10T05:36:47.5392446Z (pass) type rejection: object-overrides.ts [848.82ms]
contracts	Run npm run check	2026-09-10T05:36:48.4490051Z (pass) type rejection: startup.ts [909.74ms]
contracts	Run npm run check	2026-09-10T05:36:49.2719153Z (pass) type rejection: boolean-registrations.ts [822.85ms]
contracts	Run npm run check	2026-09-10T05:36:50.1017882Z (pass) type rejection: forward-wrong-shape.ts [829.90ms]
contracts	Run npm run check	2026-09-10T05:36:51.3248563Z (pass) type rejection: module-missing.ts [1223.02ms]
contracts	Run npm run check	2026-09-10T05:36:52.4933670Z (pass) type rejection: provider-projections.ts [1168.51ms]
contracts	Run npm run check	2026-09-10T05:36:53.4521577Z (pass) type rejection: fork-missing.ts [957.74ms]
contracts	Run npm run check	2026-09-10T05:36:54.4213912Z (pass) type rejection: inline-replacement-wrong-shape.ts [970.24ms]
contracts	Run npm run check	2026-09-10T05:36:55.4499767Z (pass) type rejection: scopes.ts [1028.58ms]
contracts	Run npm run check	2026-09-10T05:36:56.3391164Z (pass) type rejection: primitive-parameter.ts [889.12ms]
contracts	Run npm run check	2026-09-10T05:36:57.2182157Z (pass) type rejection: async-resolve.ts [879.07ms]
contracts	Run npm run check	2026-09-10T05:36:58.2183171Z (pass) type rejection: incremental-modules.ts [1000.05ms]
contracts	Run npm run check	2026-09-10T05:36:59.0639718Z (pass) type rejection: fork-dependency-shape.ts [845.63ms]
contracts	Run npm run check	2026-09-10T05:36:59.9402711Z (pass) type rejection: required-this.ts [876.38ms]
contracts	Run npm run check	2026-09-10T05:37:00.7521661Z (pass) type rejection: disposer-wrong-shape.ts [809.92ms]
contracts	Run npm run check	2026-09-10T05:37:01.6785661Z (pass) type rejection: replacement-reflection.ts [928.26ms]
contracts	Run npm run check	2026-09-10T05:37:02.5128493Z (pass) type rejection: template-registrations.ts [834.24ms]
contracts	Run npm run check	2026-09-10T05:37:03.3236330Z (pass) type rejection: spread-disposal.ts [810.78ms]
contracts	Run npm run check	2026-09-10T05:37:04.2039089Z (pass) type rejection: module-hidden-private-needs.ts [880.28ms]
contracts	Run npm run check	2026-09-10T05:37:05.0372695Z (pass) type rejection: invalid-registration.ts [833.34ms]
contracts	Run npm run check	2026-09-10T05:37:05.8715965Z (pass) type rejection: wrong-shape.ts [834.29ms]
contracts	Run npm run check	2026-09-10T05:37:07.4161608Z (pass) type rejection: dependency-references.ts [1544.18ms]
contracts	Run npm run check	2026-09-10T05:37:08.5865151Z (pass) type rejection: provider-boundaries.ts [1170.73ms]
contracts	Run npm run check	2026-09-10T05:37:09.7161516Z (pass) type rejection: module-narrowing.ts [1128.94ms]
contracts	Run npm run check	2026-09-10T05:37:10.6128661Z (pass) type rejection: incremental-projections.ts [897.32ms]
contracts	Run npm run check	2026-09-10T05:37:11.5337595Z (pass) type rejection: inline-fork-extra.ts [920.87ms]
contracts	Run npm run check	2026-09-10T05:37:12.4343174Z (pass) type rejection: optional-parameter.ts [900.56ms]
contracts	Run npm run check	2026-09-10T05:37:13.4251469Z (pass) type rejection: composition-adapters.ts [990.06ms]
contracts	Run npm run check	2026-09-10T05:37:14.3578720Z (pass) type rejection: token-contracts.ts [933.40ms]
contracts	Run npm run check	2026-09-10T05:37:15.2966634Z (pass) type rejection: fork-selection.ts [938.73ms]
contracts	Run npm run check	2026-09-10T05:37:16.1815443Z (pass) type rejection: acquisition-mode.ts [884.85ms]
contracts	Run npm run check	2026-09-10T05:37:17.2231513Z (pass) type rejection: incremental.ts [1039.29ms]
contracts	Run npm run check	2026-09-10T05:37:18.5820709Z (pass) type rejection: contributions.ts [1361.19ms]
contracts	Run npm run check	2026-09-10T05:37:19.3892149Z (pass) type rejection: union-replace.ts [807.16ms]
contracts	Run npm run check	2026-09-10T05:37:20.4044140Z (pass) type rejection: replacement-context.ts [1015.15ms]
contracts	Run npm run check	2026-09-10T05:37:21.2465071Z (pass) type rejection: modern-inline.ts [840.87ms]
contracts	Run npm run check	2026-09-10T05:37:22.1085619Z (pass) type rejection: fork-extra.ts [863.21ms]
contracts	Run npm run check	2026-09-10T05:37:23.3489495Z (pass) type rejection: inline-fork-wrong-shape.ts [1240.40ms]
contracts	Run npm run check	2026-09-10T05:37:24.4151549Z (pass) type rejection: callable-parameter.ts [1065.92ms]
contracts	Run npm run check	2026-09-10T05:37:25.5068858Z (pass) type rejection: acquisition-metadata.ts [1091.93ms]
contracts	Run npm run check	2026-09-10T05:37:26.4059883Z (pass) type rejection: async-dependency.ts [899.09ms]
contracts	Run npm run check	2026-09-10T05:37:27.3298311Z (pass) type rejection: inline-fork-missing.ts [923.80ms]
contracts	Run npm run check	2026-09-10T05:37:28.1645214Z (pass) type rejection: module-private.ts [834.67ms]
contracts	Run npm run check	2026-09-10T05:37:29.0523284Z (pass) type rejection: replacement-wrong-shape.ts [887.84ms]
contracts	Run npm run check	2026-09-10T05:37:29.9991711Z (pass) type rejection: builder-views.ts [946.81ms]
contracts	Run npm run check	2026-09-10T05:37:30.8617506Z (pass) type rejection: duplicate-add.ts [862.55ms]
contracts	Run npm run check	2026-09-10T05:37:31.7462516Z (pass) type rejection: replacement-views.ts [884.50ms]
contracts	Run npm run check	2026-09-10T05:37:32.9861010Z (pass) type rejection: selected-scopes.ts [1239.39ms]
contracts	Run npm run check	2026-09-10T05:37:33.8745861Z (pass) type rejection: union-parameter.ts [888.89ms]
contracts	Run npm run check	2026-09-10T05:37:34.6838853Z (pass) type rejection: inline-fork-dependency-shape.ts [809.27ms]
contracts	Run npm run check	2026-09-10T05:37:35.7626871Z (pass) type rejection: tokens.ts [1078.77ms]
contracts	Run npm run check	2026-09-10T05:37:36.6242939Z (pass) type rejection: plugins.ts [861.63ms]
contracts	Run npm run check	2026-09-10T05:37:37.4499683Z (pass) type rejection: symbol-dependency.ts [825.67ms]
contracts	Run npm run check	2026-09-10T05:37:38.2372067Z (pass) type rejection: template-dependencies.ts [786.59ms]
contracts	Run npm run check	2026-09-10T05:37:39.0418417Z (pass) type rejection: inline-missing.ts [805.21ms]
contracts	Run npm run check	2026-09-10T05:37:40.0758165Z (pass) type rejection: disposable-missing.ts [1033.95ms]
contracts	Run npm run check	2026-09-10T05:37:41.4553988Z (pass) type rejection: aliases.ts [1379.62ms]
contracts	Run npm run check	2026-09-10T05:37:42.3861528Z (pass) type rejection: inline-forward-wrong-shape.ts [930.70ms]
contracts	Run npm run check	2026-09-10T05:37:43.2521974Z (pass) type rejection: module-exports.ts [866.02ms]
contracts	Run npm run check	2026-09-10T05:37:44.6535790Z (pass) type rejection: lifetimes.ts [1401.37ms]
contracts	Run npm run check	2026-09-10T05:37:45.6117630Z (pass) type rejection: token-modules.ts [958.18ms]
contracts	Run npm run check	2026-09-10T05:37:46.4955709Z (pass) type rejection: module-wrong-shape.ts [883.76ms]
contracts	Run npm run check	2026-09-10T05:37:47.2878258Z (pass) type rejection: fork-explicit-generics.ts [792.23ms]
contracts	Run npm run check	2026-09-10T05:37:48.1770871Z (pass) type rejection: module-rename.ts [889.25ms]
contracts	Run npm run check	2026-09-10T05:37:49.0507088Z (pass) type rejection: provider-unions.ts [873.63ms]
contracts	Run npm run check	2026-09-10T05:37:49.8470062Z (pass) type rejection: indexed-registrations.ts [796.24ms]
contracts	Run npm run check	2026-09-10T05:37:50.6974216Z (pass) type rejection: provider-module-metadata.ts [850.45ms]
contracts	Run npm run check	2026-09-10T05:37:51.4905913Z (pass) type rejection: observers.ts [793.09ms]
contracts	Run npm run check	2026-09-10T05:37:52.3000210Z (pass) type rejection: prototype-registrations.ts [809.40ms]
contracts	Run npm run check	2026-09-10T05:37:53.1311091Z (pass) type rejection: disposer-promise.ts [831.08ms]
contracts	Run npm run check	2026-09-10T05:37:53.1311416Z 
contracts	Run npm run check	2026-09-10T05:37:53.1311728Z ##[endgroup]
contracts	Run npm run check	2026-09-10T05:37:53.1312933Z 
contracts	Run npm run check	2026-09-10T05:37:53.1313264Z ##[group]tests/modules.test.ts:
contracts	Run npm run check	2026-09-10T05:37:53.1379811Z (pass) a module private retry keeps the caught failed attempt separate [5.53ms]
contracts	Run npm run check	2026-09-10T05:37:53.1388435Z (pass) module private dependencies follow exported replacements and fresh forks [0.90ms]
contracts	Run npm run check	2026-09-10T05:37:53.1392257Z (pass) renamed repeated installations isolate private instances and cleanup [0.38ms]
contracts	Run npm run check	2026-09-10T05:37:53.1396935Z (pass) rename preserves original parameter names even when an export takes a private name [0.44ms]
contracts	Run npm run check	2026-09-10T05:37:53.1401956Z (pass) invalid installations and export views fail atomically and reject forged modules [0.50ms]
contracts	Run npm run check	2026-09-10T05:37:53.1404814Z (pass) exports use indexed tuple snapshots and preserve hidden local registrations [0.29ms]
contracts	Run npm run check	2026-09-10T05:37:53.1411446Z (pass) module promise identity, retry and post-await cycle diagnostics use the host runtime [0.65ms]
contracts	Run npm run check	2026-09-10T05:37:53.1413707Z (pass) renaming an export leaves an unrelated external requirement at its original slot [0.22ms]
contracts	Run npm run check	2026-09-10T05:37:53.1426340Z (pass) module providers can be replaced before sealing without mutating earlier views [1.24ms]
contracts	Run npm run check	2026-09-10T05:37:53.1430132Z (pass) close drains module acquisitions that discover private and host dependencies after await [0.36ms]
contracts	Run npm run check	2026-09-10T05:37:53.1431141Z 
contracts	Run npm run check	2026-09-10T05:37:53.1431505Z ##[endgroup]
contracts	Run npm run check	2026-09-10T05:37:53.1432221Z 
contracts	Run npm run check	2026-09-10T05:37:53.1432541Z ##[group]tests/lifetime-declarations.test.ts:
contracts	Run npm run check	2026-09-10T05:37:53.1440999Z (pass) lifetime replacement preserves the source and owned stages [0.27ms]
contracts	Run npm run check	2026-09-10T05:37:53.1443055Z (pass) invalid lifetime declarations fail before evaluating factories or option getters [0.21ms]
contracts	Run npm run check	2026-09-10T05:37:53.1443911Z (pass) options are read once and snapshotted, and replacement clears capture [0.09ms]
contracts	Run npm run check	2026-09-10T05:37:53.1445231Z (pass) all provider transformations retain the immutable policy [0.14ms]
contracts	Run npm run check	2026-09-10T05:37:53.1445586Z 
contracts	Run npm run check	2026-09-10T05:37:53.1445880Z ##[endgroup]
contracts	Run npm run check	2026-09-10T05:37:53.1446025Z 
contracts	Run npm run check	2026-09-10T05:37:53.1446310Z ##[group]tests/type-scale.test.ts:
contracts	Run npm run check	2026-09-10T05:37:54.0671691Z (pass) type scale: 100 bulk providers preserve consumer types [921.92ms]
contracts	Run npm run check	2026-09-10T05:37:55.9795455Z (pass) type scale: 100 chained providers preserve consumer types [1911.47ms]
contracts	Run npm run check	2026-09-10T05:37:58.5331532Z (pass) type scale: 100 replacement providers preserve consumer types [2554.50ms]
contracts	Run npm run check	2026-09-10T05:38:03.9222025Z (pass) type scale: 1000 grouped providers preserve consumer types [5388.84ms]
contracts	Run npm run check	2026-09-10T05:38:04.9536035Z (pass) type scale: bulk rejects missing at the graph boundary [1031.59ms]
contracts	Run npm run check	2026-09-10T05:38:05.9304815Z (pass) type scale: bulk rejects wrong-shape at the graph boundary [976.84ms]
contracts	Run npm run check	2026-09-10T05:38:07.9059844Z (pass) type scale: chained rejects missing at the graph boundary [1975.49ms]
contracts	Run npm run check	2026-09-10T05:38:09.7438277Z (pass) type scale: chained rejects wrong-shape at the graph boundary [1837.82ms]
contracts	Run npm run check	2026-09-10T05:38:15.0246375Z (pass) type scale: grouped rejects missing at the graph boundary [5280.79ms]
contracts	Run npm run check	2026-09-10T05:38:20.7106367Z (pass) type scale: grouped rejects wrong-shape at the graph boundary [5685.99ms]
contracts	Run npm run check	2026-09-10T05:38:23.1686829Z (pass) type scale: replacement rejects missing at the graph boundary [2458.03ms]
contracts	Run npm run check	2026-09-10T05:38:25.7457307Z (pass) type scale: replacement rejects wrong-shape at the graph boundary [2576.99ms]
contracts	Run npm run check	2026-09-10T05:38:50.7511267Z (pass) type scale: 1000 providers from reusable named modules: valid [25005.41ms]
contracts	Run npm run check	2026-09-10T05:39:13.8062048Z (pass) type scale: 1000 providers from reusable named modules: missing [23054.25ms]
contracts	Run npm run check	2026-09-10T05:39:37.0304554Z (pass) type scale: 1000 providers from reusable named modules: wrong-shape [23225.06ms]
contracts	Run npm run check	2026-09-10T05:39:37.0415113Z 
contracts	Run npm run check	2026-09-10T05:39:37.0415639Z ##[endgroup]
contracts	Run npm run check	2026-09-10T05:39:37.0417852Z 
contracts	Run npm run check	2026-09-10T05:39:37.0418191Z ##[group]tests/lifetimes.test.ts:
contracts	Run npm run check	2026-09-10T05:39:37.0471172Z (pass) root, scoped and transient identity have distinct ownership [2.22ms]
contracts	Run npm run check	2026-09-10T05:39:37.0491093Z (pass) child-first roots capture dependencies in the root owner through grandchildren and forks [0.82ms]
contracts	Run npm run check	2026-09-10T05:39:37.0491918Z (pass) same-object transients own separate attempts and preserve every cleanup cause [0.43ms]
contracts	Run npm run check	2026-09-10T05:39:37.0492697Z (pass) raw and native lifetimes retain original pending promises and classification [0.63ms]
contracts	Run npm run check	2026-09-10T05:39:37.0493655Z (pass) failed root cache entries retry across children with new acquisition identities [0.34ms]
contracts	Run npm run check	2026-09-10T05:39:37.0494569Z (pass) public synchronous transient reentrancy is rejected before a second factory invocation [0.30ms]
contracts	Run npm run check	2026-09-10T05:39:37.0495433Z (pass) pure transient post-await ancestry rejects repeated construction [0.36ms]
contracts	Run npm run check	2026-09-10T05:39:37.0496247Z (pass) mixed cached and transient post-await cycles preserve acquisition graph detection [0.31ms]
contracts	Run npm run check	2026-09-10T05:39:37.0497096Z (pass) independent pending transient calls are distinct nonrecursive acquisitions [0.21ms]
contracts	Run npm run check	2026-09-10T05:39:37.0497990Z (pass) a ready transient proxy may create a fresh instance on each later method call [0.23ms]
contracts	Run npm run check	2026-09-10T05:39:37.0521290Z (pass) pending child work acquires roots during parent close and root cleanup follows child cleanup [0.42ms]
contracts	Run npm run check	2026-09-10T05:39:37.0540145Z (pass) strict roots reject new scoped reads directly [0.28ms]
contracts	Run npm run check	2026-09-10T05:39:37.0551175Z (pass) strict roots reject new scoped reads through a transient [0.14ms]
contracts	Run npm run check	2026-09-10T05:39:37.0581113Z (pass) strict roots reject cached scoped reads directly [0.11ms]
contracts	Run npm run check	2026-09-10T05:39:37.0601256Z (pass) strict roots reject cached scoped reads through a transient [0.08ms]
contracts	Run npm run check	2026-09-10T05:39:37.0602338Z (pass) strict capture boundaries survive await and ready transient methods [0.39ms]
contracts	Run npm run check	2026-09-10T05:39:37.0603387Z (pass) strict roots can consume capturing roots without inheriting their permission [0.29ms]
contracts	Run npm run check	2026-09-10T05:39:37.0604359Z (pass) token captive reads reject at the observed edge before scoped creation [0.35ms]
contracts	Run npm run check	2026-09-10T05:39:37.0607737Z (pass) renamed module exports retain private root and transient ownership despite public collisions [0.75ms]
contracts	Run npm run check	2026-09-10T05:39:37.0609185Z (pass) private module scoped capture rejects despite an identically named public root [0.45ms]
contracts	Run npm run check	2026-09-10T05:39:37.0610703Z (pass) failed root rollback and retry retain distinct ownership across child consumers [0.82ms]
contracts	Run npm run check	2026-09-10T05:39:37.0611866Z (pass) child close releases its attempts while a child-first root remains pending [0.32ms]
contracts	Run npm run check	2026-09-10T05:39:37.0613002Z (pass) completed child and retired proxies cannot borrow another attempt closing permission for root reads [0.32ms]
contracts	Run npm run check	2026-09-10T05:39:37.0614254Z (pass) pending source permission survives a ready projection when routing late roots [0.33ms]
contracts	Run npm run check	2026-09-10T05:39:37.0615240Z (pass) family retirement removes cross-owner incoming edges but preserves outgoing rollback dependencies [0.22ms]
contracts	Run npm run check	2026-09-10T05:39:37.0616240Z (pass) retired transient ancestry does not block a retained proxy from retrying its binding [0.21ms]
contracts	Run npm run check	2026-09-10T05:39:37.0617230Z (pass) token roots retain family ownership through a transient token consumer and independent override [0.44ms]
contracts	Run npm run check	2026-09-10T05:39:37.0617957Z (pass) pending source permission survives failed projection rollback for late root reads [1.15ms]
contracts	Run npm run check	2026-09-10T05:39:37.0618250Z 
contracts	Run npm run check	2026-09-10T05:39:37.0618543Z ##[endgroup]
contracts	Run npm run check	2026-09-10T05:39:37.0618650Z 
contracts	Run npm run check	2026-09-10T05:39:37.0618871Z ##[group]tests/dependency-references.test.ts:
contracts	Run npm run check	2026-09-10T05:39:37.0619279Z (pass) optional absence is distinct from a present undefined acquisition [0.50ms]
contracts	Run npm run check	2026-09-10T05:39:37.0619781Z (pass) optional factory failures and native rejections propagate and retry [0.45ms]
contracts	Run npm run check	2026-09-10T05:39:37.0620491Z (pass) lazy scoped dependencies defer construction and retain invocation ownership [0.35ms]
contracts	Run npm run check	2026-09-10T05:39:37.0621057Z (pass) lazy root dependencies defer construction and retain invocation ownership [0.11ms]
contracts	Run npm run check	2026-09-10T05:39:37.0621607Z (pass) lazy transient dependencies defer construction and retain invocation ownership [0.11ms]
contracts	Run npm run check	2026-09-10T05:39:37.0622175Z (pass) all adapters snapshot mixed references by index and authenticate every handle [0.98ms]
contracts	Run npm run check	2026-09-10T05:39:37.0622774Z (pass) lazy reads preserve lexical private tokens, export renames and external optional absence [0.45ms]
contracts	Run npm run check	2026-09-10T05:39:37.0631109Z (pass) lazy closures use shared/root owner context and independent fork overrides [1.58ms]
contracts	Run npm run check	2026-09-10T05:39:37.0635179Z (pass) raw and native references preserve Promise identity and disposal values [0.43ms]
contracts	Run npm run check	2026-09-10T05:39:37.0639883Z (pass) optional synchronous and post-await cycles propagate [0.44ms]
contracts	Run npm run check	2026-09-10T05:39:37.0642587Z (pass) lazy synchronous and post-await cycles propagate [0.29ms]
contracts	Run npm run check	2026-09-10T05:39:37.0647940Z (pass) lazy closure shutdown admission belongs to the capturing source attempt [0.50ms]
contracts	Run npm run check	2026-09-10T05:39:37.0649539Z (pass) observed reference reads retain strict root checks before routing [0.18ms]
contracts	Run npm run check	2026-09-10T05:39:37.0652178Z (pass) lazy reads detect a cycle between already ready consumers [0.24ms]
contracts	Run npm run check	2026-09-10T05:39:37.0654986Z (pass) a pending projection does not extend a lazy source shutdown admission [0.29ms]
contracts	Run npm run check	2026-09-10T05:39:37.0659090Z (pass) root explicit capture and optional reads retain the root lexical context [0.38ms]
contracts	Run npm run check	2026-09-10T05:39:37.0659361Z 
contracts	Run npm run check	2026-09-10T05:39:37.0659728Z ##[endgroup]
contracts	Run npm run check	2026-09-10T05:39:37.0662899Z 
contracts	Run npm run check	2026-09-10T05:39:37.0663489Z ##[group]tests/acquisition-mode.test.ts:
contracts	Run npm run check	2026-09-10T05:39:37.0686640Z (pass) close waits for a native acquisition with shadowed then at source [1.35ms]
contracts	Run npm run check	2026-09-10T05:39:37.0688055Z (pass) close waits for a native acquisition with shadowed then at projection [0.11ms]
contracts	Run npm run check	2026-09-10T05:39:37.0688978Z (pass) close waits for a native acquisition with shadowed then at metadata [0.14ms]
contracts	Run npm run check	2026-09-10T05:39:37.0692721Z (pass) unconfigured core preflights every stage and private module before any factory effects [0.35ms]
contracts	Run npm run check	2026-09-10T05:39:37.0705806Z (pass) facades snapshot and isolate their predicate, carrying it through builders and forks [1.27ms]
contracts	Run npm run check	2026-09-10T05:39:37.0708837Z (pass) invalid configuration, modes and classifier results fail explicitly [0.34ms]
contracts	Run npm run check	2026-09-10T05:39:37.0714340Z (pass) automatic ordinary values preserve the then-presence guard [0.15ms]
contracts	Run npm run check	2026-09-10T05:39:37.0729894Z (pass) raw Promise and then-getter values retain exact ownership without observation or waiting [0.25ms]
contracts	Run npm run check	2026-09-10T05:39:37.0731409Z (pass) explicit native and async projections work without a classifier and preserve previous owners [0.32ms]
contracts	Run npm run check	2026-09-10T05:39:37.0732467Z (pass) auto observes local native state with non-callable then [0.19ms]
contracts	Run npm run check	2026-09-10T05:39:37.0733643Z (pass) native observes local native state with non-callable then [0.05ms]
contracts	Run npm run check	2026-09-10T05:39:37.0749874Z (pass) auto observes foreign native state with non-callable then [3.09ms]
contracts	Run npm run check	2026-09-10T05:39:37.0759191Z (pass) native observes foreign native state with non-callable then [0.92ms]
contracts	Run npm run check	2026-09-10T05:39:37.0763154Z (pass) native metadata preserves raw presence records and explicit payload projection [0.39ms]
contracts	Run npm run check	2026-09-10T05:39:37.0767110Z (pass) async metadata retains a native output contract without a portable classifier [0.24ms]
contracts	Run npm run check	2026-09-10T05:39:37.0767583Z 
contracts	Run npm run check	2026-09-10T05:39:37.0768060Z ##[endgroup]
contracts	Run npm run check	2026-09-10T05:39:37.0768867Z 
contracts	Run npm run check	2026-09-10T05:39:37.0769189Z ##[group]tests/contributions.test.ts:
contracts	Run npm run check	2026-09-10T05:39:37.0784854Z (pass) contributions preserve order, empty reads and array immutability [0.34ms]
contracts	Run npm run check	2026-09-10T05:39:37.0811175Z (pass) host and repeated exportless modules append distinct lexical bindings [0.68ms]
contracts	Run npm run check	2026-09-10T05:39:37.0812075Z (pass) all adapters select frozen arrays and retain module export renames [0.54ms]
contracts	Run npm run check	2026-09-10T05:39:37.0812956Z (pass) root scoped and transient contributions retain individual ownership [0.36ms]
contracts	Run npm run check	2026-09-10T05:39:37.0818721Z (pass) shared aggregate borrows the parent graph while a lazy registry reads its local graph [1.78ms]
contracts	Run npm run check	2026-09-10T05:39:37.0822582Z (pass) partial failure retains accepted ownership and retries only failed contributors [0.36ms]
contracts	Run npm run check	2026-09-10T05:39:37.0825212Z (pass) pending native and raw promises preserve identity and disposal payloads [0.30ms]
contracts	Run npm run check	2026-09-10T05:39:37.0831205Z (pass) self collections participate in ordinary cycle detection [0.22ms]
contracts	Run npm run check	2026-09-10T05:39:37.0832309Z (pass) inspection is immutable nonresolving and does not freeze application values [0.25ms]
contracts	Run npm run check	2026-09-10T05:39:37.0835388Z (pass) forged tokens references and providers reject before provider effects [0.53ms]
contracts	Run npm run check	2026-09-10T05:39:37.0840798Z (pass) cooperative lazy registries admit late collection reads only for their in-flight source [0.47ms]
contracts	Run npm run check	2026-09-10T05:39:37.0843766Z (pass) observed strict roots reject cached scoped contributions before owner routing [0.33ms]
contracts	Run npm run check	2026-09-10T05:39:37.0846803Z (pass) startup failure rolls back accepted contribution ownership [0.32ms]
contracts	Run npm run check	2026-09-10T05:39:37.0847356Z 
contracts	Run npm run check	2026-09-10T05:39:37.0847860Z ##[endgroup]
contracts	Run npm run check	2026-09-10T05:39:37.0850098Z 
contracts	Run npm run check	2026-09-10T05:39:37.0850819Z ##[group]tests/persistent-module.test.ts:
contracts	Run npm run check	2026-09-10T05:39:37.0911275Z (pass) one module update does not revisit its existing registration table [3.66ms]
contracts	Run npm run check	2026-09-10T05:39:37.0941278Z (pass) module updates preserve declaration positions, earlier builders and renamed lexical exports [0.57ms]
contracts	Run npm run check	2026-09-10T05:39:37.0942149Z 
contracts	Run npm run check	2026-09-10T05:39:37.0957023Z ##[endgroup]
contracts	Run npm run check	2026-09-10T05:39:37.0962219Z 
contracts	Run npm run check	2026-09-10T05:39:37.0962828Z ##[group]tests/runtime-benchmark-child.test.ts:
contracts	Run npm run check	2026-09-10T05:39:37.0964054Z (pass) build-close constructs 10 registrations without acquiring them [0.74ms]
contracts	Run npm run check	2026-09-10T05:39:37.0964967Z (pass) cold-linear-resolve acquires each of 10 factories once [0.25ms]
contracts	Run npm run check	2026-09-10T05:39:37.0965981Z (pass) warm-root-resolve excludes priming and observes one cached terminal value at 10 [0.20ms]
contracts	Run npm run check	2026-09-10T05:39:37.0967062Z (pass) scope-resolve-close verifies child work after its timed operation at 10 [0.43ms]
contracts	Run npm run check	2026-09-10T05:39:37.0968168Z (pass) transient-resolve-close verifies 10 distinct owned values in reverse cleanup order [0.33ms]
contracts	Run npm run check	2026-09-10T05:39:37.0969357Z (pass) raw-promise-identity retains the exact raw Promise through resolution and disposal at 10 [0.20ms]
contracts	Run npm run check	2026-09-10T05:39:37.0970710Z (pass) node-native-promise awaits the native Promise and disposes its fulfillment at 10 [0.18ms]
contracts	Run npm run check	2026-09-10T05:39:37.0971759Z (pass) build-close constructs 100 registrations without acquiring them [0.52ms]
contracts	Run npm run check	2026-09-10T05:39:37.0972656Z (pass) cold-linear-resolve acquires each of 100 factories once [1.08ms]
contracts	Run npm run check	2026-09-10T05:39:37.0973659Z (pass) warm-root-resolve excludes priming and observes one cached terminal value at 100 [1.28ms]
contracts	Run npm run check	2026-09-10T05:39:37.0974734Z (pass) scope-resolve-close verifies child work after its timed operation at 100 [1.40ms]
contracts	Run npm run check	2026-09-10T05:39:37.1001740Z (pass) transient-resolve-close verifies 100 distinct owned values in reverse cleanup order [2.85ms]
contracts	Run npm run check	2026-09-10T05:39:37.1006063Z (pass) raw-promise-identity retains the exact raw Promise through resolution and disposal at 100 [0.45ms]
contracts	Run npm run check	2026-09-10T05:39:37.1011290Z (pass) node-native-promise awaits the native Promise and disposes its fulfillment at 100 [0.51ms]
contracts	Run npm run check	2026-09-10T05:39:37.1012565Z (pass) scenario preparation rejects unsupported provider counts [0.16ms]
contracts	Run npm run check	2026-09-10T05:39:37.1013760Z (pass) parent expectations cover the complete fixed scenario matrix [0.11ms]
contracts	Run npm run check	2026-09-10T05:39:37.1018002Z (pass) verification rejects a timed result from another preparation [0.40ms]
contracts	Run npm run check	2026-09-10T05:39:37.1020057Z (pass) child argument parser accepts one exact request and rejects malformed or extra input [0.19ms]
contracts	Run npm run check	2026-09-10T05:39:37.1020889Z 
contracts	Run npm run check	2026-09-10T05:39:37.1021382Z ##[endgroup]
contracts	Run npm run check	2026-09-10T05:39:37.1022781Z 
contracts	Run npm run check	2026-09-10T05:39:37.1023207Z ##[group]tests/aliases.test.ts:
contracts	Run npm run check	2026-09-10T05:39:37.1036191Z (pass) named aliases preserve exact canonical object and immutable history [0.24ms]
contracts	Run npm run check	2026-09-10T05:39:37.1037989Z (pass) all token and name combinations and forward token requirements route identically [0.20ms]
contracts	Run npm run check	2026-09-10T05:39:37.1040025Z (pass) aliases preserve explicit raw and native promises without classification [0.20ms]
contracts	Run npm run check	2026-09-10T05:39:37.1043442Z (pass) transient aliases add no ownership and record actual target disposal edges [0.33ms]
contracts	Run npm run check	2026-09-10T05:39:37.1046480Z (pass) module aliases retain private targets and export renames under host collisions [0.29ms]
contracts	Run npm run check	2026-09-10T05:39:37.1049550Z (pass) selected sharing routes alias through parent graph while independent overrides follow child graph [0.29ms]
contracts	Run npm run check	2026-09-10T05:39:37.1052275Z (pass) runtime rejects transient sharing and root captures through aliases before invoking target [0.27ms]
contracts	Run npm run check	2026-09-10T05:39:37.1054462Z (pass) alias inspection reports direct target and canonical attempts without stale target metadata [0.21ms]
contracts	Run npm run check	2026-09-10T05:39:37.1056390Z (pass) alias cycles retain a useful lexical path [0.21ms]
contracts	Run npm run check	2026-09-10T05:39:37.1058574Z (pass) runtime rejects invalid alias selections without changing the builder [0.20ms]
contracts	Run npm run check	2026-09-10T05:39:37.1068187Z (pass) startup through an alias waits for final readiness and retries failed canonical acquisitions [0.90ms]
contracts	Run npm run check	2026-09-10T05:39:37.1069988Z (pass) shared alias inspection identifies its parent target despite a child override [0.22ms]
contracts	Run npm run check	2026-09-10T05:39:37.1072039Z (pass) aliases of root targets retain the root graph under child overrides [0.21ms]
contracts	Run npm run check	2026-09-10T05:39:37.1075590Z (pass) in-flight sources may read aliases while closing and retained reads close with the canonical owner [0.33ms]
contracts	Run npm run check	2026-09-10T05:39:37.1079771Z (pass) module token aliases preserve private identity and external host requirements [0.42ms]
contracts	Run npm run check	2026-09-10T05:39:37.1082598Z (pass) exported target replacements and renames remain visible through module aliases [0.27ms]
contracts	Run npm run check	2026-09-10T05:39:37.1086184Z (pass) re-sharing aliases keeps parent policy while fresh grandchildren and forks use local targets [0.34ms]
contracts	Run npm run check	2026-09-10T05:39:37.1093246Z (pass) strict roots use the effective shared alias policy in both lifetime directions [0.67ms]
contracts	Run npm run check	2026-09-10T05:39:37.1095819Z (pass) raw aliases do not inspect then getters or add cancellation contexts [0.29ms]
contracts	Run npm run check	2026-09-10T05:39:37.1096426Z 
contracts	Run npm run check	2026-09-10T05:39:37.1096918Z ##[endgroup]
contracts	Run npm run check	2026-09-10T05:39:37.1098937Z 
contracts	Run npm run check	2026-09-10T05:39:37.1099435Z ##[group]tests/platform/browser-worker.test.ts:
contracts	Run npm run check	2026-09-10T05:39:37.1142991Z (pass) browser metafile accepts only the installed root export and package-local dependencies [3.15ms]
contracts	Run npm run check	2026-09-10T05:39:37.1186375Z (pass) browser bundle validation rejects stale bytes, sizes, gzip size, metafile and root identity [4.33ms]
contracts	Run npm run check	2026-09-10T05:39:37.1188858Z (pass) Worker protocol accepts exactly one structured portable result and rejects hostile transcripts [0.28ms]
contracts	Run npm run check	2026-09-10T05:39:37.2196530Z (pass) browser Worker lane rechecks the artifact before execution and maps protocol failures [100.61ms]
contracts	Run npm run check	2026-09-10T05:39:37.2570996Z (pass) explicitly unprovisioned browser tools stay unavailable without archive or bundle fallback [37.44ms]
contracts	Run npm run check	2026-09-10T05:39:37.4673471Z (pass) provisioned browser tools execute the real packed archive lane [210.26ms]
contracts	Run npm run check	2026-09-10T05:39:37.4674012Z 
contracts	Run npm run check	2026-09-10T05:39:37.4674594Z ##[endgroup]
contracts	Run npm run check	2026-09-10T05:39:37.4674795Z 
contracts	Run npm run check	2026-09-10T05:39:37.4674928Z 1 tests failed:
contracts	Run npm run check	2026-09-10T05:39:37.4675821Z (fail) archive verifier > installs owned verified bytes and passes real Node/Bun, CJS/ESM, core-only, and declaration oracles [13350.80ms]
contracts	Run npm run check	2026-09-10T05:39:37.4676453Z 
contracts	Run npm run check	2026-09-10T05:39:37.4676564Z  922 pass
contracts	Run npm run check	2026-09-10T05:39:37.4676794Z  1 fail
contracts	Run npm run check	2026-09-10T05:39:37.4677045Z  18789 expect() calls
contracts	Run npm run check	2026-09-10T05:39:37.4677402Z Ran 923 tests across 55 files. [539.71s]
contracts	Run npm run check	2026-09-10T05:39:37.9981074Z ##[error]Process completed with exit code 1.
