portable	Set up job	﻿2026-09-10T17:02:44.9111997Z Current runner version: '2.337.0'
portable	Set up job	2026-09-10T17:02:44.9138999Z ##[group]Runner Image Provisioner
portable	Set up job	2026-09-10T17:02:44.9140482Z Hosted Compute Agent
portable	Set up job	2026-09-10T17:02:44.9141109Z Version: 20260828.587
portable	Set up job	2026-09-10T17:02:44.9141755Z Commit: abac92662cab4cc7352de4f9f9d2e2419aad9c29
portable	Set up job	2026-09-10T17:02:44.9142566Z Build Date: 2026-08-28T16:44:25Z
portable	Set up job	2026-09-10T17:02:44.9143286Z Worker ID: {0c702ed8-ed57-4d73-abfa-ee6922ca2b67}
portable	Set up job	2026-09-10T17:02:44.9144067Z Azure Region: eastus
portable	Set up job	2026-09-10T17:02:44.9144675Z ##[endgroup]
portable	Set up job	2026-09-10T17:02:44.9147527Z ##[group]Operating System
portable	Set up job	2026-09-10T17:02:44.9148288Z Ubuntu
portable	Set up job	2026-09-10T17:02:44.9148856Z 24.04.5
portable	Set up job	2026-09-10T17:02:44.9149601Z LTS
portable	Set up job	2026-09-10T17:02:44.9150201Z ##[endgroup]
portable	Set up job	2026-09-10T17:02:44.9150757Z ##[group]Runner Image
portable	Set up job	2026-09-10T17:02:44.9151434Z Image: ubuntu-24.04
portable	Set up job	2026-09-10T17:02:44.9152029Z Version: 20260907.300.1
portable	Set up job	2026-09-10T17:02:44.9153075Z Included Software: https://github.com/actions/runner-images/blob/ubuntu24/20260907.300/images/ubuntu/Ubuntu2404-Readme.md
portable	Set up job	2026-09-10T17:02:44.9154877Z Image Release: https://github.com/actions/runner-images/releases/tag/ubuntu24%2F20260907.300
portable	Set up job	2026-09-10T17:02:44.9155927Z ##[endgroup]
portable	Set up job	2026-09-10T17:02:44.9157029Z ##[group]GITHUB_TOKEN Permissions
portable	Set up job	2026-09-10T17:02:44.9159409Z Contents: read
portable	Set up job	2026-09-10T17:02:44.9160058Z Metadata: read
portable	Set up job	2026-09-10T17:02:44.9160677Z ##[endgroup]
portable	Set up job	2026-09-10T17:02:44.9162756Z Secret source: Actions
portable	Set up job	2026-09-10T17:02:44.9163816Z Cache mode: write
portable	Set up job	2026-09-10T17:02:44.9164503Z Prepare workflow directory
portable	Set up job	2026-09-10T17:02:44.9698344Z Prepare all required actions
portable	Set up job	2026-09-10T17:02:44.9748115Z Getting action download info
portable	Set up job	2026-09-10T17:02:45.2044269Z Download action repository 'actions/checkout@d23441a48e516b6c34aea4fa41551a30e30af803' (SHA:d23441a48e516b6c34aea4fa41551a30e30af803)
portable	Set up job	2026-09-10T17:02:45.3343710Z Download action repository 'actions/setup-node@249970729cb0ef3589644e2896645e5dc5ba9c38' (SHA:249970729cb0ef3589644e2896645e5dc5ba9c38)
portable	Set up job	2026-09-10T17:02:45.4245897Z Download action repository 'oven-sh/setup-bun@0c5077e51419868618aeaa5fe8019c62421857d6' (SHA:0c5077e51419868618aeaa5fe8019c62421857d6)
portable	Set up job	2026-09-10T17:02:45.5598443Z Download action repository 'actions/upload-artifact@b7c566a772e6b6bfb58ed0dc250532a479d7789f' (SHA:b7c566a772e6b6bfb58ed0dc250532a479d7789f)
portable	Set up job	2026-09-10T17:02:45.7571946Z Complete job name: portable
portable	Run actions/checkout@d23441a48e516b6c34aea4fa41551a30e30af803	﻿2026-09-10T17:02:45.8293515Z ##[group]Run actions/checkout@d23441a48e516b6c34aea4fa41551a30e30af803
portable	Run actions/checkout@d23441a48e516b6c34aea4fa41551a30e30af803	2026-09-10T17:02:45.8294593Z with:
portable	Run actions/checkout@d23441a48e516b6c34aea4fa41551a30e30af803	2026-09-10T17:02:45.8295045Z   persist-credentials: false
portable	Run actions/checkout@d23441a48e516b6c34aea4fa41551a30e30af803	2026-09-10T17:02:45.8295582Z   repository: dany-fedorov/di-bag
portable	Run actions/checkout@d23441a48e516b6c34aea4fa41551a30e30af803	2026-09-10T17:02:45.8299962Z   token: ***
portable	Run actions/checkout@d23441a48e516b6c34aea4fa41551a30e30af803	2026-09-10T17:02:45.8300484Z   ssh-strict: true
portable	Run actions/checkout@d23441a48e516b6c34aea4fa41551a30e30af803	2026-09-10T17:02:45.8300952Z   ssh-user: git
portable	Run actions/checkout@d23441a48e516b6c34aea4fa41551a30e30af803	2026-09-10T17:02:45.8301367Z   clean: true
portable	Run actions/checkout@d23441a48e516b6c34aea4fa41551a30e30af803	2026-09-10T17:02:45.8301811Z   sparse-checkout-cone-mode: true
portable	Run actions/checkout@d23441a48e516b6c34aea4fa41551a30e30af803	2026-09-10T17:02:45.8302353Z   fetch-depth: 1
portable	Run actions/checkout@d23441a48e516b6c34aea4fa41551a30e30af803	2026-09-10T17:02:45.8302776Z   fetch-tags: false
portable	Run actions/checkout@d23441a48e516b6c34aea4fa41551a30e30af803	2026-09-10T17:02:45.8303214Z   show-progress: true
portable	Run actions/checkout@d23441a48e516b6c34aea4fa41551a30e30af803	2026-09-10T17:02:45.8303651Z   lfs: false
portable	Run actions/checkout@d23441a48e516b6c34aea4fa41551a30e30af803	2026-09-10T17:02:45.8304077Z   submodules: false
portable	Run actions/checkout@d23441a48e516b6c34aea4fa41551a30e30af803	2026-09-10T17:02:45.8304515Z   set-safe-directory: true
portable	Run actions/checkout@d23441a48e516b6c34aea4fa41551a30e30af803	2026-09-10T17:02:45.8305007Z   allow-unsafe-pr-checkout: false
portable	Run actions/checkout@d23441a48e516b6c34aea4fa41551a30e30af803	2026-09-10T17:02:45.8305765Z env:
portable	Run actions/checkout@d23441a48e516b6c34aea4fa41551a30e30af803	2026-09-10T17:02:45.8306453Z   PLAYWRIGHT_BROWSERS_PATH: /home/runner/work/di-bag/di-bag/tools/platform/.browsers
portable	Run actions/checkout@d23441a48e516b6c34aea4fa41551a30e30af803	2026-09-10T17:02:45.8307245Z ##[endgroup]
portable	Run actions/checkout@d23441a48e516b6c34aea4fa41551a30e30af803	2026-09-10T17:02:45.9491850Z Syncing repository: dany-fedorov/di-bag
portable	Run actions/checkout@d23441a48e516b6c34aea4fa41551a30e30af803	2026-09-10T17:02:45.9494504Z ##[group]Getting Git version info
portable	Run actions/checkout@d23441a48e516b6c34aea4fa41551a30e30af803	2026-09-10T17:02:45.9495753Z Working directory is '/home/runner/work/di-bag/di-bag'
portable	Run actions/checkout@d23441a48e516b6c34aea4fa41551a30e30af803	2026-09-10T17:02:45.9497607Z [command]/usr/bin/git version
portable	Run actions/checkout@d23441a48e516b6c34aea4fa41551a30e30af803	2026-09-10T17:02:45.9560361Z git version 2.55.0
portable	Run actions/checkout@d23441a48e516b6c34aea4fa41551a30e30af803	2026-09-10T17:02:45.9582708Z ##[endgroup]
portable	Run actions/checkout@d23441a48e516b6c34aea4fa41551a30e30af803	2026-09-10T17:02:45.9648362Z Temporarily overriding HOME='/home/runner/work/_temp/3a12e6b2-ca38-435a-acd0-3b085f7b9809' before making global git config changes
portable	Run actions/checkout@d23441a48e516b6c34aea4fa41551a30e30af803	2026-09-10T17:02:45.9651775Z Adding repository directory to the temporary git global config as a safe directory
portable	Run actions/checkout@d23441a48e516b6c34aea4fa41551a30e30af803	2026-09-10T17:02:45.9656679Z [command]/usr/bin/git config --global --add safe.directory /home/runner/work/di-bag/di-bag
portable	Run actions/checkout@d23441a48e516b6c34aea4fa41551a30e30af803	2026-09-10T17:02:45.9684317Z Deleting the contents of '/home/runner/work/di-bag/di-bag'
portable	Run actions/checkout@d23441a48e516b6c34aea4fa41551a30e30af803	2026-09-10T17:02:45.9689385Z ##[group]Determining repository object format
portable	Run actions/checkout@d23441a48e516b6c34aea4fa41551a30e30af803	2026-09-10T17:02:45.9691516Z ##[endgroup]
portable	Run actions/checkout@d23441a48e516b6c34aea4fa41551a30e30af803	2026-09-10T17:02:45.9692983Z ##[group]Initializing the repository
portable	Run actions/checkout@d23441a48e516b6c34aea4fa41551a30e30af803	2026-09-10T17:02:45.9697587Z [command]/usr/bin/git init /home/runner/work/di-bag/di-bag
portable	Run actions/checkout@d23441a48e516b6c34aea4fa41551a30e30af803	2026-09-10T17:02:45.9822511Z hint: Using 'master' as the name for the initial branch. This default branch name
portable	Run actions/checkout@d23441a48e516b6c34aea4fa41551a30e30af803	2026-09-10T17:02:45.9824270Z hint: will change to "main" in Git 3.0. To configure the initial branch name
portable	Run actions/checkout@d23441a48e516b6c34aea4fa41551a30e30af803	2026-09-10T17:02:45.9825880Z hint: to use in all of your new repositories, which will suppress this warning,
portable	Run actions/checkout@d23441a48e516b6c34aea4fa41551a30e30af803	2026-09-10T17:02:45.9827160Z hint: call:
portable	Run actions/checkout@d23441a48e516b6c34aea4fa41551a30e30af803	2026-09-10T17:02:45.9827680Z hint:
portable	Run actions/checkout@d23441a48e516b6c34aea4fa41551a30e30af803	2026-09-10T17:02:45.9828225Z hint: 	git config --global init.defaultBranch <name>
portable	Run actions/checkout@d23441a48e516b6c34aea4fa41551a30e30af803	2026-09-10T17:02:45.9828978Z hint:
portable	Run actions/checkout@d23441a48e516b6c34aea4fa41551a30e30af803	2026-09-10T17:02:45.9830105Z hint: Names commonly chosen instead of 'master' are 'main', 'trunk' and
portable	Run actions/checkout@d23441a48e516b6c34aea4fa41551a30e30af803	2026-09-10T17:02:45.9831263Z hint: 'development'. The just-created branch can be renamed via this command:
portable	Run actions/checkout@d23441a48e516b6c34aea4fa41551a30e30af803	2026-09-10T17:02:45.9832152Z hint:
portable	Run actions/checkout@d23441a48e516b6c34aea4fa41551a30e30af803	2026-09-10T17:02:45.9832598Z hint: 	git branch -m <name>
portable	Run actions/checkout@d23441a48e516b6c34aea4fa41551a30e30af803	2026-09-10T17:02:45.9833144Z hint:
portable	Run actions/checkout@d23441a48e516b6c34aea4fa41551a30e30af803	2026-09-10T17:02:45.9833871Z hint: Disable this message with "git config set advice.defaultBranchName false"
portable	Run actions/checkout@d23441a48e516b6c34aea4fa41551a30e30af803	2026-09-10T17:02:45.9835064Z Initialized empty Git repository in /home/runner/work/di-bag/di-bag/.git/
portable	Run actions/checkout@d23441a48e516b6c34aea4fa41551a30e30af803	2026-09-10T17:02:45.9849766Z [command]/usr/bin/git remote add origin https://github.com/dany-fedorov/di-bag
portable	Run actions/checkout@d23441a48e516b6c34aea4fa41551a30e30af803	2026-09-10T17:02:45.9897015Z ##[endgroup]
portable	Run actions/checkout@d23441a48e516b6c34aea4fa41551a30e30af803	2026-09-10T17:02:45.9898379Z ##[group]Disabling automatic garbage collection
portable	Run actions/checkout@d23441a48e516b6c34aea4fa41551a30e30af803	2026-09-10T17:02:45.9902084Z [command]/usr/bin/git config --local gc.auto 0
portable	Run actions/checkout@d23441a48e516b6c34aea4fa41551a30e30af803	2026-09-10T17:02:45.9943227Z ##[endgroup]
portable	Run actions/checkout@d23441a48e516b6c34aea4fa41551a30e30af803	2026-09-10T17:02:45.9945303Z ##[group]Setting up auth
portable	Run actions/checkout@d23441a48e516b6c34aea4fa41551a30e30af803	2026-09-10T17:02:45.9946364Z Removing SSH command configuration
portable	Run actions/checkout@d23441a48e516b6c34aea4fa41551a30e30af803	2026-09-10T17:02:45.9947995Z [command]/usr/bin/git config --local --name-only --get-regexp core\.sshCommand
portable	Run actions/checkout@d23441a48e516b6c34aea4fa41551a30e30af803	2026-09-10T17:02:45.9979861Z [command]/usr/bin/git submodule foreach --recursive sh -c "git config --local --name-only --get-regexp 'core\.sshCommand' && git config --local --unset-all 'core.sshCommand' || :"
portable	Run actions/checkout@d23441a48e516b6c34aea4fa41551a30e30af803	2026-09-10T17:02:46.0401297Z Removing HTTP extra header
portable	Run actions/checkout@d23441a48e516b6c34aea4fa41551a30e30af803	2026-09-10T17:02:46.0409683Z [command]/usr/bin/git config --local --name-only --get-regexp http\.https\:\/\/github\.com\/\.extraheader
portable	Run actions/checkout@d23441a48e516b6c34aea4fa41551a30e30af803	2026-09-10T17:02:46.0451463Z [command]/usr/bin/git submodule foreach --recursive sh -c "git config --local --name-only --get-regexp 'http\.https\:\/\/github\.com\/\.extraheader' && git config --local --unset-all 'http.https://github.com/.extraheader' || :"
portable	Run actions/checkout@d23441a48e516b6c34aea4fa41551a30e30af803	2026-09-10T17:02:46.0691799Z Removing includeIf entries pointing to credentials config files
portable	Run actions/checkout@d23441a48e516b6c34aea4fa41551a30e30af803	2026-09-10T17:02:46.0699510Z [command]/usr/bin/git config --local --name-only --get-regexp ^includeIf\.gitdir:
portable	Run actions/checkout@d23441a48e516b6c34aea4fa41551a30e30af803	2026-09-10T17:02:46.0736402Z [command]/usr/bin/git submodule foreach --recursive git config --local --show-origin --name-only --get-regexp remote.origin.url
portable	Run actions/checkout@d23441a48e516b6c34aea4fa41551a30e30af803	2026-09-10T17:02:46.1046318Z [command]/usr/bin/git config --file /home/runner/work/_temp/git-credentials-98cbb85a-7380-40fd-80b6-c2764706897d.config http.https://github.com/.extraheader AUTHORIZATION: basic ***
portable	Run actions/checkout@d23441a48e516b6c34aea4fa41551a30e30af803	2026-09-10T17:02:46.1051959Z [command]/usr/bin/git config --local includeIf.gitdir:/home/runner/work/di-bag/di-bag/.git.path /home/runner/work/_temp/git-credentials-98cbb85a-7380-40fd-80b6-c2764706897d.config
portable	Run actions/checkout@d23441a48e516b6c34aea4fa41551a30e30af803	2026-09-10T17:02:46.1057400Z [command]/usr/bin/git config --local includeIf.gitdir:/home/runner/work/di-bag/di-bag/.git/worktrees/*.path /home/runner/work/_temp/git-credentials-98cbb85a-7380-40fd-80b6-c2764706897d.config
portable	Run actions/checkout@d23441a48e516b6c34aea4fa41551a30e30af803	2026-09-10T17:02:46.1094942Z [command]/usr/bin/git config --local includeIf.gitdir:/github/workspace/.git.path /github/runner_temp/git-credentials-98cbb85a-7380-40fd-80b6-c2764706897d.config
portable	Run actions/checkout@d23441a48e516b6c34aea4fa41551a30e30af803	2026-09-10T17:02:46.1128606Z [command]/usr/bin/git config --local includeIf.gitdir:/github/workspace/.git/worktrees/*.path /github/runner_temp/git-credentials-98cbb85a-7380-40fd-80b6-c2764706897d.config
portable	Run actions/checkout@d23441a48e516b6c34aea4fa41551a30e30af803	2026-09-10T17:02:46.1167782Z ##[endgroup]
portable	Run actions/checkout@d23441a48e516b6c34aea4fa41551a30e30af803	2026-09-10T17:02:46.1169372Z ##[group]Fetching the repository
portable	Run actions/checkout@d23441a48e516b6c34aea4fa41551a30e30af803	2026-09-10T17:02:46.1177506Z [command]/usr/bin/git -c protocol.version=2 fetch --no-tags --prune --no-recurse-submodules --depth=1 origin +681270e3574ef938cec45ba413b00e16a2309087:refs/remotes/origin/main
portable	Run actions/checkout@d23441a48e516b6c34aea4fa41551a30e30af803	2026-09-10T17:02:47.0011037Z From https://github.com/dany-fedorov/di-bag
portable	Run actions/checkout@d23441a48e516b6c34aea4fa41551a30e30af803	2026-09-10T17:02:47.0013143Z  * [new ref]         681270e3574ef938cec45ba413b00e16a2309087 -> origin/main
portable	Run actions/checkout@d23441a48e516b6c34aea4fa41551a30e30af803	2026-09-10T17:02:47.0031521Z [command]/usr/bin/git branch --list --remote origin/main
portable	Run actions/checkout@d23441a48e516b6c34aea4fa41551a30e30af803	2026-09-10T17:02:47.0059150Z   origin/main
portable	Run actions/checkout@d23441a48e516b6c34aea4fa41551a30e30af803	2026-09-10T17:02:47.0069040Z [command]/usr/bin/git rev-parse refs/remotes/origin/main
portable	Run actions/checkout@d23441a48e516b6c34aea4fa41551a30e30af803	2026-09-10T17:02:47.0095721Z 681270e3574ef938cec45ba413b00e16a2309087
portable	Run actions/checkout@d23441a48e516b6c34aea4fa41551a30e30af803	2026-09-10T17:02:47.0102763Z ##[endgroup]
portable	Run actions/checkout@d23441a48e516b6c34aea4fa41551a30e30af803	2026-09-10T17:02:47.0104468Z ##[group]Determining the checkout info
portable	Run actions/checkout@d23441a48e516b6c34aea4fa41551a30e30af803	2026-09-10T17:02:47.0106270Z ##[endgroup]
portable	Run actions/checkout@d23441a48e516b6c34aea4fa41551a30e30af803	2026-09-10T17:02:47.0107433Z [command]/usr/bin/git sparse-checkout disable
portable	Run actions/checkout@d23441a48e516b6c34aea4fa41551a30e30af803	2026-09-10T17:02:47.0160892Z [command]/usr/bin/git config --local --unset-all extensions.worktreeConfig
portable	Run actions/checkout@d23441a48e516b6c34aea4fa41551a30e30af803	2026-09-10T17:02:47.0192447Z ##[group]Checking out the ref
portable	Run actions/checkout@d23441a48e516b6c34aea4fa41551a30e30af803	2026-09-10T17:02:47.0195332Z [command]/usr/bin/git checkout --progress --force -B main refs/remotes/origin/main
portable	Run actions/checkout@d23441a48e516b6c34aea4fa41551a30e30af803	2026-09-10T17:02:47.2947172Z Switched to a new branch 'main'
portable	Run actions/checkout@d23441a48e516b6c34aea4fa41551a30e30af803	2026-09-10T17:02:47.2952535Z branch 'main' set up to track 'origin/main'.
portable	Run actions/checkout@d23441a48e516b6c34aea4fa41551a30e30af803	2026-09-10T17:02:47.2982035Z ##[endgroup]
portable	Run actions/checkout@d23441a48e516b6c34aea4fa41551a30e30af803	2026-09-10T17:02:47.3024414Z [command]/usr/bin/git log -1 --format=%H
portable	Run actions/checkout@d23441a48e516b6c34aea4fa41551a30e30af803	2026-09-10T17:02:47.3054736Z 681270e3574ef938cec45ba413b00e16a2309087
portable	Run actions/checkout@d23441a48e516b6c34aea4fa41551a30e30af803	2026-09-10T17:02:47.3072847Z ##[group]Removing auth
portable	Run actions/checkout@d23441a48e516b6c34aea4fa41551a30e30af803	2026-09-10T17:02:47.3073649Z Removing SSH command configuration
portable	Run actions/checkout@d23441a48e516b6c34aea4fa41551a30e30af803	2026-09-10T17:02:47.3082302Z [command]/usr/bin/git config --local --name-only --get-regexp core\.sshCommand
portable	Run actions/checkout@d23441a48e516b6c34aea4fa41551a30e30af803	2026-09-10T17:02:47.3121065Z [command]/usr/bin/git submodule foreach --recursive sh -c "git config --local --name-only --get-regexp 'core\.sshCommand' && git config --local --unset-all 'core.sshCommand' || :"
portable	Run actions/checkout@d23441a48e516b6c34aea4fa41551a30e30af803	2026-09-10T17:02:47.3375510Z Removing HTTP extra header
portable	Run actions/checkout@d23441a48e516b6c34aea4fa41551a30e30af803	2026-09-10T17:02:47.3379334Z [command]/usr/bin/git config --local --name-only --get-regexp http\.https\:\/\/github\.com\/\.extraheader
portable	Run actions/checkout@d23441a48e516b6c34aea4fa41551a30e30af803	2026-09-10T17:02:47.3414614Z [command]/usr/bin/git submodule foreach --recursive sh -c "git config --local --name-only --get-regexp 'http\.https\:\/\/github\.com\/\.extraheader' && git config --local --unset-all 'http.https://github.com/.extraheader' || :"
portable	Run actions/checkout@d23441a48e516b6c34aea4fa41551a30e30af803	2026-09-10T17:02:47.3637755Z Removing includeIf entries pointing to credentials config files
portable	Run actions/checkout@d23441a48e516b6c34aea4fa41551a30e30af803	2026-09-10T17:02:47.3642009Z [command]/usr/bin/git config --local --name-only --get-regexp ^includeIf\.gitdir:
portable	Run actions/checkout@d23441a48e516b6c34aea4fa41551a30e30af803	2026-09-10T17:02:47.3672745Z includeif.gitdir:/home/runner/work/di-bag/di-bag/.git.path
portable	Run actions/checkout@d23441a48e516b6c34aea4fa41551a30e30af803	2026-09-10T17:02:47.3673651Z includeif.gitdir:/home/runner/work/di-bag/di-bag/.git/worktrees/*.path
portable	Run actions/checkout@d23441a48e516b6c34aea4fa41551a30e30af803	2026-09-10T17:02:47.3674310Z includeif.gitdir:/github/workspace/.git.path
portable	Run actions/checkout@d23441a48e516b6c34aea4fa41551a30e30af803	2026-09-10T17:02:47.3674885Z includeif.gitdir:/github/workspace/.git/worktrees/*.path
portable	Run actions/checkout@d23441a48e516b6c34aea4fa41551a30e30af803	2026-09-10T17:02:47.3682487Z [command]/usr/bin/git config --local --get-all includeif.gitdir:/home/runner/work/di-bag/di-bag/.git.path
portable	Run actions/checkout@d23441a48e516b6c34aea4fa41551a30e30af803	2026-09-10T17:02:47.3708257Z /home/runner/work/_temp/git-credentials-98cbb85a-7380-40fd-80b6-c2764706897d.config
portable	Run actions/checkout@d23441a48e516b6c34aea4fa41551a30e30af803	2026-09-10T17:02:47.3718453Z [command]/usr/bin/git config --local --unset includeif.gitdir:/home/runner/work/di-bag/di-bag/.git.path /home/runner/work/_temp/git-credentials-98cbb85a-7380-40fd-80b6-c2764706897d.config
portable	Run actions/checkout@d23441a48e516b6c34aea4fa41551a30e30af803	2026-09-10T17:02:47.3756061Z [command]/usr/bin/git config --local --get-all includeif.gitdir:/home/runner/work/di-bag/di-bag/.git/worktrees/*.path
portable	Run actions/checkout@d23441a48e516b6c34aea4fa41551a30e30af803	2026-09-10T17:02:47.3785446Z /home/runner/work/_temp/git-credentials-98cbb85a-7380-40fd-80b6-c2764706897d.config
portable	Run actions/checkout@d23441a48e516b6c34aea4fa41551a30e30af803	2026-09-10T17:02:47.3795460Z [command]/usr/bin/git config --local --unset includeif.gitdir:/home/runner/work/di-bag/di-bag/.git/worktrees/*.path /home/runner/work/_temp/git-credentials-98cbb85a-7380-40fd-80b6-c2764706897d.config
portable	Run actions/checkout@d23441a48e516b6c34aea4fa41551a30e30af803	2026-09-10T17:02:47.3831009Z [command]/usr/bin/git config --local --get-all includeif.gitdir:/github/workspace/.git.path
portable	Run actions/checkout@d23441a48e516b6c34aea4fa41551a30e30af803	2026-09-10T17:02:47.3890464Z /github/runner_temp/git-credentials-98cbb85a-7380-40fd-80b6-c2764706897d.config
portable	Run actions/checkout@d23441a48e516b6c34aea4fa41551a30e30af803	2026-09-10T17:02:47.3898190Z [command]/usr/bin/git config --local --unset includeif.gitdir:/github/workspace/.git.path /github/runner_temp/git-credentials-98cbb85a-7380-40fd-80b6-c2764706897d.config
portable	Run actions/checkout@d23441a48e516b6c34aea4fa41551a30e30af803	2026-09-10T17:02:47.3931003Z [command]/usr/bin/git config --local --get-all includeif.gitdir:/github/workspace/.git/worktrees/*.path
portable	Run actions/checkout@d23441a48e516b6c34aea4fa41551a30e30af803	2026-09-10T17:02:47.3954489Z /github/runner_temp/git-credentials-98cbb85a-7380-40fd-80b6-c2764706897d.config
portable	Run actions/checkout@d23441a48e516b6c34aea4fa41551a30e30af803	2026-09-10T17:02:47.3963027Z [command]/usr/bin/git config --local --unset includeif.gitdir:/github/workspace/.git/worktrees/*.path /github/runner_temp/git-credentials-98cbb85a-7380-40fd-80b6-c2764706897d.config
portable	Run actions/checkout@d23441a48e516b6c34aea4fa41551a30e30af803	2026-09-10T17:02:47.3998014Z [command]/usr/bin/git submodule foreach --recursive git config --local --show-origin --name-only --get-regexp remote.origin.url
portable	Run actions/checkout@d23441a48e516b6c34aea4fa41551a30e30af803	2026-09-10T17:02:47.4218586Z Removing credentials config '/home/runner/work/_temp/git-credentials-98cbb85a-7380-40fd-80b6-c2764706897d.config'
portable	Run actions/checkout@d23441a48e516b6c34aea4fa41551a30e30af803	2026-09-10T17:02:47.4226735Z ##[endgroup]
portable	Run actions/setup-node@249970729cb0ef3589644e2896645e5dc5ba9c38	﻿2026-09-10T17:02:47.4470053Z ##[group]Run actions/setup-node@249970729cb0ef3589644e2896645e5dc5ba9c38
portable	Run actions/setup-node@249970729cb0ef3589644e2896645e5dc5ba9c38	2026-09-10T17:02:47.4470562Z with:
portable	Run actions/setup-node@249970729cb0ef3589644e2896645e5dc5ba9c38	2026-09-10T17:02:47.4470812Z   node-version: 24.20.0
portable	Run actions/setup-node@249970729cb0ef3589644e2896645e5dc5ba9c38	2026-09-10T17:02:47.4471087Z   cache: npm
portable	Run actions/setup-node@249970729cb0ef3589644e2896645e5dc5ba9c38	2026-09-10T17:02:47.4471481Z   cache-dependency-path: package-lock.json
portable	Run actions/setup-node@249970729cb0ef3589644e2896645e5dc5ba9c38	tools/platform/package-lock.json
portable	Run actions/setup-node@249970729cb0ef3589644e2896645e5dc5ba9c38	
portable	Run actions/setup-node@249970729cb0ef3589644e2896645e5dc5ba9c38	2026-09-10T17:02:47.4471958Z   check-latest: false
portable	Run actions/setup-node@249970729cb0ef3589644e2896645e5dc5ba9c38	2026-09-10T17:02:47.4474644Z   token: ***
portable	Run actions/setup-node@249970729cb0ef3589644e2896645e5dc5ba9c38	2026-09-10T17:02:47.4474917Z   package-manager-cache: true
portable	Run actions/setup-node@249970729cb0ef3589644e2896645e5dc5ba9c38	2026-09-10T17:02:47.4475217Z env:
portable	Run actions/setup-node@249970729cb0ef3589644e2896645e5dc5ba9c38	2026-09-10T17:02:47.4475607Z   PLAYWRIGHT_BROWSERS_PATH: /home/runner/work/di-bag/di-bag/tools/platform/.browsers
portable	Run actions/setup-node@249970729cb0ef3589644e2896645e5dc5ba9c38	2026-09-10T17:02:47.4476075Z ##[endgroup]
portable	Run actions/setup-node@249970729cb0ef3589644e2896645e5dc5ba9c38	2026-09-10T17:02:47.5816931Z Found in cache @ /opt/hostedtoolcache/node/24.20.0/x64
portable	Run actions/setup-node@249970729cb0ef3589644e2896645e5dc5ba9c38	2026-09-10T17:02:47.5820330Z ##[group]Environment details
portable	Run actions/setup-node@249970729cb0ef3589644e2896645e5dc5ba9c38	2026-09-10T17:02:49.9172558Z node: v24.20.0
portable	Run actions/setup-node@249970729cb0ef3589644e2896645e5dc5ba9c38	2026-09-10T17:02:49.9173089Z npm: 11.19.0
portable	Run actions/setup-node@249970729cb0ef3589644e2896645e5dc5ba9c38	2026-09-10T17:02:49.9173497Z yarn: 1.22.22
portable	Run actions/setup-node@249970729cb0ef3589644e2896645e5dc5ba9c38	2026-09-10T17:02:49.9174806Z ##[endgroup]
portable	Run actions/setup-node@249970729cb0ef3589644e2896645e5dc5ba9c38	2026-09-10T17:02:49.9191801Z [command]/opt/hostedtoolcache/node/24.20.0/x64/bin/npm config get cache
portable	Run actions/setup-node@249970729cb0ef3589644e2896645e5dc5ba9c38	2026-09-10T17:02:50.2207241Z /home/runner/.npm
portable	Run actions/setup-node@249970729cb0ef3589644e2896645e5dc5ba9c38	2026-09-10T17:02:50.3005928Z Cache hit for: node-cache-Linux-x64-npm-50f249763f04d7c000e9c8d3d8d1243617b8968d66f5ce679773d06363f39a60
portable	Run actions/setup-node@249970729cb0ef3589644e2896645e5dc5ba9c38	2026-09-10T17:02:50.7776591Z Received 70787107 of 70787107 (100.0%), 161.9 MBs/sec
portable	Run actions/setup-node@249970729cb0ef3589644e2896645e5dc5ba9c38	2026-09-10T17:02:50.7777309Z Cache Size: ~68 MB (70787107 B)
portable	Run actions/setup-node@249970729cb0ef3589644e2896645e5dc5ba9c38	2026-09-10T17:02:50.7885016Z [command]/usr/bin/tar -xf /home/runner/work/_temp/f40894a2-29a8-41c2-af18-9cfa2202c320/cache.tzst -P -C /home/runner/work/di-bag/di-bag --use-compress-program unzstd
portable	Run actions/setup-node@249970729cb0ef3589644e2896645e5dc5ba9c38	2026-09-10T17:02:50.9050846Z Cache restored successfully
portable	Run actions/setup-node@249970729cb0ef3589644e2896645e5dc5ba9c38	2026-09-10T17:02:50.9086760Z Cache restored from key: node-cache-Linux-x64-npm-50f249763f04d7c000e9c8d3d8d1243617b8968d66f5ce679773d06363f39a60
portable	Run oven-sh/setup-bun@0c5077e51419868618aeaa5fe8019c62421857d6	﻿2026-09-10T17:02:50.9324263Z ##[group]Run oven-sh/setup-bun@0c5077e51419868618aeaa5fe8019c62421857d6
portable	Run oven-sh/setup-bun@0c5077e51419868618aeaa5fe8019c62421857d6	2026-09-10T17:02:50.9324707Z with:
portable	Run oven-sh/setup-bun@0c5077e51419868618aeaa5fe8019c62421857d6	2026-09-10T17:02:50.9324931Z   bun-version: 1.4.0
portable	Run oven-sh/setup-bun@0c5077e51419868618aeaa5fe8019c62421857d6	2026-09-10T17:02:50.9325150Z   no-cache: false
portable	Run oven-sh/setup-bun@0c5077e51419868618aeaa5fe8019c62421857d6	2026-09-10T17:02:50.9327760Z   token: ***
portable	Run oven-sh/setup-bun@0c5077e51419868618aeaa5fe8019c62421857d6	2026-09-10T17:02:50.9327962Z env:
portable	Run oven-sh/setup-bun@0c5077e51419868618aeaa5fe8019c62421857d6	2026-09-10T17:02:50.9328307Z   PLAYWRIGHT_BROWSERS_PATH: /home/runner/work/di-bag/di-bag/tools/platform/.browsers
portable	Run oven-sh/setup-bun@0c5077e51419868618aeaa5fe8019c62421857d6	2026-09-10T17:02:50.9328744Z ##[endgroup]
portable	Run oven-sh/setup-bun@0c5077e51419868618aeaa5fe8019c62421857d6	2026-09-10T17:02:51.1781002Z Cache hit for: bun-tw6RmwqZSA0Bnj0yIUzvSupv0Nk=
portable	Run oven-sh/setup-bun@0c5077e51419868618aeaa5fe8019c62421857d6	2026-09-10T17:02:51.4910686Z Received 35658636 of 35658636 (100.0%), 127.4 MBs/sec
portable	Run oven-sh/setup-bun@0c5077e51419868618aeaa5fe8019c62421857d6	2026-09-10T17:02:51.4912022Z Cache Size: ~34 MB (35658636 B)
portable	Run oven-sh/setup-bun@0c5077e51419868618aeaa5fe8019c62421857d6	2026-09-10T17:02:51.4949749Z [command]/usr/bin/tar -xf /home/runner/work/_temp/6294ed34-ad10-47b6-ad4d-27c48fbd0c3a/cache.tzst -P -C /home/runner/work/di-bag/di-bag --use-compress-program unzstd
portable	Run oven-sh/setup-bun@0c5077e51419868618aeaa5fe8019c62421857d6	2026-09-10T17:02:51.6489924Z Cache restored successfully
portable	Run oven-sh/setup-bun@0c5077e51419868618aeaa5fe8019c62421857d6	2026-09-10T17:02:51.6520305Z [command]/home/runner/.bun/bin/bun --revision
portable	Run oven-sh/setup-bun@0c5077e51419868618aeaa5fe8019c62421857d6	2026-09-10T17:02:51.6573795Z 1.4.0+34cbb9a40
portable	Run oven-sh/setup-bun@0c5077e51419868618aeaa5fe8019c62421857d6	2026-09-10T17:02:51.6584132Z Using a cached version of Bun: 1.4.0+34cbb9a40
portable	Run npm install --global npm@11.19.0	﻿2026-09-10T17:02:51.6728854Z ##[group]Run npm install --global npm@11.19.0
portable	Run npm install --global npm@11.19.0	2026-09-10T17:02:51.6729600Z ^[[36;1mnpm install --global npm@11.19.0^[[0m
portable	Run npm install --global npm@11.19.0	2026-09-10T17:02:51.6818666Z shell: /usr/bin/bash -e {0}
portable	Run npm install --global npm@11.19.0	2026-09-10T17:02:51.6818981Z env:
portable	Run npm install --global npm@11.19.0	2026-09-10T17:02:51.6819647Z   PLAYWRIGHT_BROWSERS_PATH: /home/runner/work/di-bag/di-bag/tools/platform/.browsers
portable	Run npm install --global npm@11.19.0	2026-09-10T17:02:51.6820168Z ##[endgroup]
portable	Run npm install --global npm@11.19.0	2026-09-10T17:02:54.7955733Z 
portable	Run npm install --global npm@11.19.0	2026-09-10T17:02:54.7956599Z changed 10 packages in 3s
portable	Run npm install --global npm@11.19.0	2026-09-10T17:02:54.7957005Z 
portable	Run npm install --global npm@11.19.0	2026-09-10T17:02:54.7960761Z 15 packages are looking for funding
portable	Run npm install --global npm@11.19.0	2026-09-10T17:02:54.7972271Z   run `npm fund` for details
portable	Run npm ci --no-audit --no-fund	﻿2026-09-10T17:02:54.8489790Z ##[group]Run npm ci --no-audit --no-fund
portable	Run npm ci --no-audit --no-fund	2026-09-10T17:02:54.8490236Z ^[[36;1mnpm ci --no-audit --no-fund^[[0m
portable	Run npm ci --no-audit --no-fund	2026-09-10T17:02:54.8527282Z shell: /usr/bin/bash -e {0}
portable	Run npm ci --no-audit --no-fund	2026-09-10T17:02:54.8527556Z env:
portable	Run npm ci --no-audit --no-fund	2026-09-10T17:02:54.8527914Z   PLAYWRIGHT_BROWSERS_PATH: /home/runner/work/di-bag/di-bag/tools/platform/.browsers
portable	Run npm ci --no-audit --no-fund	2026-09-10T17:02:54.8528350Z ##[endgroup]
portable	Run npm ci --no-audit --no-fund	2026-09-10T17:02:55.7272652Z 
portable	Run npm ci --no-audit --no-fund	2026-09-10T17:02:55.7273476Z added 7 packages in 815ms
portable	Run npm ci --prefix tools/platform --no-audit --no-fund	﻿2026-09-10T17:02:55.7484716Z ##[group]Run npm ci --prefix tools/platform --no-audit --no-fund
portable	Run npm ci --prefix tools/platform --no-audit --no-fund	2026-09-10T17:02:55.7485261Z ^[[36;1mnpm ci --prefix tools/platform --no-audit --no-fund^[[0m
portable	Run npm ci --prefix tools/platform --no-audit --no-fund	2026-09-10T17:02:55.7523161Z shell: /usr/bin/bash -e {0}
portable	Run npm ci --prefix tools/platform --no-audit --no-fund	2026-09-10T17:02:55.7523433Z env:
portable	Run npm ci --prefix tools/platform --no-audit --no-fund	2026-09-10T17:02:55.7523799Z   PLAYWRIGHT_BROWSERS_PATH: /home/runner/work/di-bag/di-bag/tools/platform/.browsers
portable	Run npm ci --prefix tools/platform --no-audit --no-fund	2026-09-10T17:02:55.7524243Z ##[endgroup]
portable	Run npm ci --prefix tools/platform --no-audit --no-fund	2026-09-10T17:02:56.9823729Z 
portable	Run npm ci --prefix tools/platform --no-audit --no-fund	2026-09-10T17:02:56.9824661Z added 6 packages in 1s
portable	Run npm ci --prefix tools/platform --no-audit --no-fund	2026-09-10T17:02:56.9838579Z npm warn install-scripts 2 packages have install scripts not yet covered by allowScripts:
portable	Run npm ci --prefix tools/platform --no-audit --no-fund	2026-09-10T17:02:56.9840043Z npm warn install-scripts   deno@2.9.6 (postinstall: node ./install.cjs)
portable	Run npm ci --prefix tools/platform --no-audit --no-fund	2026-09-10T17:02:56.9841349Z npm warn install-scripts   esbuild@0.28.2 (postinstall: node install.js)
portable	Run npm ci --prefix tools/platform --no-audit --no-fund	2026-09-10T17:02:56.9841958Z npm warn install-scripts
portable	Run npm ci --prefix tools/platform --no-audit --no-fund	2026-09-10T17:02:56.9842815Z npm warn install-scripts Run `npm install-scripts ls` to review, or `npm install-scripts approve <pkg>` to allow.
portable	Run node tools/platform/node_modules/playwright/cli.js install --with-deps chromium	﻿2026-09-10T17:02:57.0054842Z ##[group]Run node tools/platform/node_modules/playwright/cli.js install --with-deps chromium
portable	Run node tools/platform/node_modules/playwright/cli.js install --with-deps chromium	2026-09-10T17:02:57.0055557Z ^[[36;1mnode tools/platform/node_modules/playwright/cli.js install --with-deps chromium^[[0m
portable	Run node tools/platform/node_modules/playwright/cli.js install --with-deps chromium	2026-09-10T17:02:57.0092701Z shell: /usr/bin/bash -e {0}
portable	Run node tools/platform/node_modules/playwright/cli.js install --with-deps chromium	2026-09-10T17:02:57.0092970Z env:
portable	Run node tools/platform/node_modules/playwright/cli.js install --with-deps chromium	2026-09-10T17:02:57.0093339Z   PLAYWRIGHT_BROWSERS_PATH: /home/runner/work/di-bag/di-bag/tools/platform/.browsers
portable	Run node tools/platform/node_modules/playwright/cli.js install --with-deps chromium	2026-09-10T17:02:57.0093788Z ##[endgroup]
portable	Run node tools/platform/node_modules/playwright/cli.js install --with-deps chromium	2026-09-10T17:02:57.5489240Z Installing dependencies...
portable	Run node tools/platform/node_modules/playwright/cli.js install --with-deps chromium	2026-09-10T17:02:57.5573369Z Switching to root user to install dependencies...
portable	Run node tools/platform/node_modules/playwright/cli.js install --with-deps chromium	2026-09-10T17:02:57.6510949Z Get:1 file:/etc/apt/apt-mirrors.txt Mirrorlist [144 B]
portable	Run node tools/platform/node_modules/playwright/cli.js install --with-deps chromium	2026-09-10T17:02:57.6930862Z Hit:2 http://azure.archive.ubuntu.com/ubuntu noble InRelease
portable	Run node tools/platform/node_modules/playwright/cli.js install --with-deps chromium	2026-09-10T17:02:57.6980349Z Get:6 https://packages.microsoft.com/ubuntu/24.04/prod noble InRelease [3600 B]
portable	Run node tools/platform/node_modules/playwright/cli.js install --with-deps chromium	2026-09-10T17:02:57.7028686Z Get:3 http://azure.archive.ubuntu.com/ubuntu noble-updates InRelease [126 kB]
portable	Run node tools/platform/node_modules/playwright/cli.js install --with-deps chromium	2026-09-10T17:02:57.7089583Z Get:4 http://azure.archive.ubuntu.com/ubuntu noble-backports InRelease [126 kB]
portable	Run node tools/platform/node_modules/playwright/cli.js install --with-deps chromium	2026-09-10T17:02:57.7092065Z Get:5 http://azure.archive.ubuntu.com/ubuntu noble-security InRelease [126 kB]
portable	Run node tools/platform/node_modules/playwright/cli.js install --with-deps chromium	2026-09-10T17:02:57.7118464Z Get:7 https://dl.google.com/linux/chrome-stable/deb stable InRelease [2548 B]
portable	Run node tools/platform/node_modules/playwright/cli.js install --with-deps chromium	2026-09-10T17:02:57.8158026Z Get:8 https://packages.microsoft.com/ubuntu/24.04/prod noble/main arm64 Packages [411 kB]
portable	Run node tools/platform/node_modules/playwright/cli.js install --with-deps chromium	2026-09-10T17:02:57.8280312Z Get:9 https://packages.microsoft.com/ubuntu/24.04/prod noble/main amd64 Packages [459 kB]
portable	Run node tools/platform/node_modules/playwright/cli.js install --with-deps chromium	2026-09-10T17:02:57.8635121Z Get:10 http://azure.archive.ubuntu.com/ubuntu noble-updates/main amd64 Packages [1262 kB]
portable	Run node tools/platform/node_modules/playwright/cli.js install --with-deps chromium	2026-09-10T17:02:57.8720998Z Get:11 http://azure.archive.ubuntu.com/ubuntu noble-updates/main Translation-en [292 kB]
portable	Run node tools/platform/node_modules/playwright/cli.js install --with-deps chromium	2026-09-10T17:02:57.8731861Z Get:12 http://azure.archive.ubuntu.com/ubuntu noble-updates/main amd64 Components [180 kB]
portable	Run node tools/platform/node_modules/playwright/cli.js install --with-deps chromium	2026-09-10T17:02:57.8740487Z Get:13 http://azure.archive.ubuntu.com/ubuntu noble-updates/universe amd64 Packages [1690 kB]
portable	Run node tools/platform/node_modules/playwright/cli.js install --with-deps chromium	2026-09-10T17:02:57.8832437Z Get:14 http://azure.archive.ubuntu.com/ubuntu noble-updates/universe amd64 Components [388 kB]
portable	Run node tools/platform/node_modules/playwright/cli.js install --with-deps chromium	2026-09-10T17:02:57.8860592Z Get:15 http://azure.archive.ubuntu.com/ubuntu noble-updates/restricted amd64 Packages [1540 kB]
portable	Run node tools/platform/node_modules/playwright/cli.js install --with-deps chromium	2026-09-10T17:02:57.8963439Z Get:16 http://azure.archive.ubuntu.com/ubuntu noble-updates/restricted Translation-en [353 kB]
portable	Run node tools/platform/node_modules/playwright/cli.js install --with-deps chromium	2026-09-10T17:02:57.9001316Z Get:17 http://azure.archive.ubuntu.com/ubuntu noble-updates/multiverse amd64 Components [940 B]
portable	Run node tools/platform/node_modules/playwright/cli.js install --with-deps chromium	2026-09-10T17:02:57.9245721Z Get:18 http://azure.archive.ubuntu.com/ubuntu noble-backports/main amd64 Components [5784 B]
portable	Run node tools/platform/node_modules/playwright/cli.js install --with-deps chromium	2026-09-10T17:02:57.9276175Z Get:19 http://azure.archive.ubuntu.com/ubuntu noble-backports/universe amd64 Components [12.6 kB]
portable	Run node tools/platform/node_modules/playwright/cli.js install --with-deps chromium	2026-09-10T17:02:58.0210275Z Get:20 http://azure.archive.ubuntu.com/ubuntu noble-security/main amd64 Packages [1005 kB]
portable	Run node tools/platform/node_modules/playwright/cli.js install --with-deps chromium	2026-09-10T17:02:58.0274327Z Get:21 http://azure.archive.ubuntu.com/ubuntu noble-security/main Translation-en [213 kB]
portable	Run node tools/platform/node_modules/playwright/cli.js install --with-deps chromium	2026-09-10T17:02:58.0291086Z Get:22 http://azure.archive.ubuntu.com/ubuntu noble-security/main amd64 Components [46.4 kB]
portable	Run node tools/platform/node_modules/playwright/cli.js install --with-deps chromium	2026-09-10T17:02:58.0302916Z Get:23 http://azure.archive.ubuntu.com/ubuntu noble-security/universe amd64 Packages [1206 kB]
portable	Run node tools/platform/node_modules/playwright/cli.js install --with-deps chromium	2026-09-10T17:02:58.0358612Z Get:24 http://azure.archive.ubuntu.com/ubuntu noble-security/universe amd64 Components [76.2 kB]
portable	Run node tools/platform/node_modules/playwright/cli.js install --with-deps chromium	2026-09-10T17:02:58.0369866Z Get:25 http://azure.archive.ubuntu.com/ubuntu noble-security/restricted amd64 Packages [1441 kB]
portable	Run node tools/platform/node_modules/playwright/cli.js install --with-deps chromium	2026-09-10T17:02:58.0402363Z Get:27 https://dl.google.com/linux/chrome-stable/deb stable/main amd64 Packages [1409 B]
portable	Run node tools/platform/node_modules/playwright/cli.js install --with-deps chromium	2026-09-10T17:02:58.0436320Z Get:26 http://azure.archive.ubuntu.com/ubuntu noble-security/restricted Translation-en [334 kB]
portable	Run node tools/platform/node_modules/playwright/cli.js install --with-deps chromium	2026-09-10T17:03:02.0500468Z Fetched 11.3 MB in 1s (9021 kB/s)
portable	Run node tools/platform/node_modules/playwright/cli.js install --with-deps chromium	2026-09-10T17:03:02.8225564Z Reading package lists...
portable	Run node tools/platform/node_modules/playwright/cli.js install --with-deps chromium	2026-09-10T17:03:02.8474565Z Reading package lists...
portable	Run node tools/platform/node_modules/playwright/cli.js install --with-deps chromium	2026-09-10T17:03:03.0141131Z Building dependency tree...
portable	Run node tools/platform/node_modules/playwright/cli.js install --with-deps chromium	2026-09-10T17:03:03.0148953Z Reading state information...
portable	Run node tools/platform/node_modules/playwright/cli.js install --with-deps chromium	2026-09-10T17:03:03.1498385Z libasound2t64 is already the newest version (1.2.11-1ubuntu0.3).
portable	Run node tools/platform/node_modules/playwright/cli.js install --with-deps chromium	2026-09-10T17:03:03.1500528Z libasound2t64 set to manually installed.
portable	Run node tools/platform/node_modules/playwright/cli.js install --with-deps chromium	2026-09-10T17:03:03.1501162Z libatk-bridge2.0-0t64 is already the newest version (2.52.0-1build1).
portable	Run node tools/platform/node_modules/playwright/cli.js install --with-deps chromium	2026-09-10T17:03:03.1501747Z libatk-bridge2.0-0t64 set to manually installed.
portable	Run node tools/platform/node_modules/playwright/cli.js install --with-deps chromium	2026-09-10T17:03:03.1502493Z libatk1.0-0t64 is already the newest version (2.52.0-1build1).
portable	Run node tools/platform/node_modules/playwright/cli.js install --with-deps chromium	2026-09-10T17:03:03.1503004Z libatk1.0-0t64 set to manually installed.
portable	Run node tools/platform/node_modules/playwright/cli.js install --with-deps chromium	2026-09-10T17:03:03.1503540Z libatspi2.0-0t64 is already the newest version (2.52.0-1build1).
portable	Run node tools/platform/node_modules/playwright/cli.js install --with-deps chromium	2026-09-10T17:03:03.1504074Z libatspi2.0-0t64 set to manually installed.
portable	Run node tools/platform/node_modules/playwright/cli.js install --with-deps chromium	2026-09-10T17:03:03.1504577Z libcairo2 is already the newest version (1.18.0-3build1).
portable	Run node tools/platform/node_modules/playwright/cli.js install --with-deps chromium	2026-09-10T17:03:03.1505060Z libcairo2 set to manually installed.
portable	Run node tools/platform/node_modules/playwright/cli.js install --with-deps chromium	2026-09-10T17:03:03.1505643Z libcups2t64 is already the newest version (2.4.7-1.2ubuntu7.14).
portable	Run node tools/platform/node_modules/playwright/cli.js install --with-deps chromium	2026-09-10T17:03:03.1506154Z libcups2t64 set to manually installed.
portable	Run node tools/platform/node_modules/playwright/cli.js install --with-deps chromium	2026-09-10T17:03:03.1506687Z libdbus-1-3 is already the newest version (1.14.10-4ubuntu4.1).
portable	Run node tools/platform/node_modules/playwright/cli.js install --with-deps chromium	2026-09-10T17:03:03.1507190Z libdbus-1-3 set to manually installed.
portable	Run node tools/platform/node_modules/playwright/cli.js install --with-deps chromium	2026-09-10T17:03:03.1507717Z libdrm2 is already the newest version (2.4.125-1ubuntu0.1~24.04.2).
portable	Run node tools/platform/node_modules/playwright/cli.js install --with-deps chromium	2026-09-10T17:03:03.1508217Z libdrm2 set to manually installed.
portable	Run node tools/platform/node_modules/playwright/cli.js install --with-deps chromium	2026-09-10T17:03:03.1508715Z libgbm1 is already the newest version (25.2.8-0ubuntu0.24.04.2).
portable	Run node tools/platform/node_modules/playwright/cli.js install --with-deps chromium	2026-09-10T17:03:03.1509428Z libgbm1 set to manually installed.
portable	Run node tools/platform/node_modules/playwright/cli.js install --with-deps chromium	2026-09-10T17:03:03.1510059Z libglib2.0-0t64 is already the newest version (2.80.0-6ubuntu3.8).
portable	Run node tools/platform/node_modules/playwright/cli.js install --with-deps chromium	2026-09-10T17:03:03.1510619Z libglib2.0-0t64 set to manually installed.
portable	Run node tools/platform/node_modules/playwright/cli.js install --with-deps chromium	2026-09-10T17:03:03.1511316Z libnspr4 is already the newest version (2:4.35-1.1build1).
portable	Run node tools/platform/node_modules/playwright/cli.js install --with-deps chromium	2026-09-10T17:03:03.1511988Z libnspr4 set to manually installed.
portable	Run node tools/platform/node_modules/playwright/cli.js install --with-deps chromium	2026-09-10T17:03:03.1512677Z libnss3 is already the newest version (2:3.98-1ubuntu0.2).
portable	Run node tools/platform/node_modules/playwright/cli.js install --with-deps chromium	2026-09-10T17:03:03.1513343Z libnss3 set to manually installed.
portable	Run node tools/platform/node_modules/playwright/cli.js install --with-deps chromium	2026-09-10T17:03:03.1514127Z libpango-1.0-0 is already the newest version (1.52.1+ds-1build1).
portable	Run node tools/platform/node_modules/playwright/cli.js install --with-deps chromium	2026-09-10T17:03:03.1514852Z libpango-1.0-0 set to manually installed.
portable	Run node tools/platform/node_modules/playwright/cli.js install --with-deps chromium	2026-09-10T17:03:03.1515371Z libx11-6 is already the newest version (2:1.8.7-1build1).
portable	Run node tools/platform/node_modules/playwright/cli.js install --with-deps chromium	2026-09-10T17:03:03.1515866Z libx11-6 set to manually installed.
portable	Run node tools/platform/node_modules/playwright/cli.js install --with-deps chromium	2026-09-10T17:03:03.1516541Z libxcb1 is already the newest version (1.15-1ubuntu2).
portable	Run node tools/platform/node_modules/playwright/cli.js install --with-deps chromium	2026-09-10T17:03:03.1517218Z libxcb1 set to manually installed.
portable	Run node tools/platform/node_modules/playwright/cli.js install --with-deps chromium	2026-09-10T17:03:03.1517952Z libxcomposite1 is already the newest version (1:0.4.5-1build3).
portable	Run node tools/platform/node_modules/playwright/cli.js install --with-deps chromium	2026-09-10T17:03:03.1518429Z libxcomposite1 set to manually installed.
portable	Run node tools/platform/node_modules/playwright/cli.js install --with-deps chromium	2026-09-10T17:03:03.1518880Z libxdamage1 is already the newest version (1:1.1.6-1build1).
portable	Run node tools/platform/node_modules/playwright/cli.js install --with-deps chromium	2026-09-10T17:03:03.1519704Z libxdamage1 set to manually installed.
portable	Run node tools/platform/node_modules/playwright/cli.js install --with-deps chromium	2026-09-10T17:03:03.1520239Z libxext6 is already the newest version (2:1.3.4-1build2).
portable	Run node tools/platform/node_modules/playwright/cli.js install --with-deps chromium	2026-09-10T17:03:03.1520912Z libxext6 set to manually installed.
portable	Run node tools/platform/node_modules/playwright/cli.js install --with-deps chromium	2026-09-10T17:03:03.1521655Z libxfixes3 is already the newest version (1:6.0.0-2build1).
portable	Run node tools/platform/node_modules/playwright/cli.js install --with-deps chromium	2026-09-10T17:03:03.1522395Z libxfixes3 set to manually installed.
portable	Run node tools/platform/node_modules/playwright/cli.js install --with-deps chromium	2026-09-10T17:03:03.1523138Z libxkbcommon0 is already the newest version (1.6.0-1build1).
portable	Run node tools/platform/node_modules/playwright/cli.js install --with-deps chromium	2026-09-10T17:03:03.1523890Z libxkbcommon0 set to manually installed.
portable	Run node tools/platform/node_modules/playwright/cli.js install --with-deps chromium	2026-09-10T17:03:03.1524653Z libxrandr2 is already the newest version (2:1.5.2-2build1).
portable	Run node tools/platform/node_modules/playwright/cli.js install --with-deps chromium	2026-09-10T17:03:03.1525353Z libxrandr2 set to manually installed.
portable	Run node tools/platform/node_modules/playwright/cli.js install --with-deps chromium	2026-09-10T17:03:03.1526083Z xvfb is already the newest version (2:21.1.12-1ubuntu1.6).
portable	Run node tools/platform/node_modules/playwright/cli.js install --with-deps chromium	2026-09-10T17:03:03.1527060Z fonts-noto-color-emoji is already the newest version (2.047-0ubuntu0.24.04.1).
portable	Run node tools/platform/node_modules/playwright/cli.js install --with-deps chromium	2026-09-10T17:03:03.1528086Z libfontconfig1 is already the newest version (2.15.0-1.1ubuntu2).
portable	Run node tools/platform/node_modules/playwright/cli.js install --with-deps chromium	2026-09-10T17:03:03.1528855Z libfontconfig1 set to manually installed.
portable	Run node tools/platform/node_modules/playwright/cli.js install --with-deps chromium	2026-09-10T17:03:03.1529896Z libfreetype6 is already the newest version (2.13.2+dfsg-1ubuntu0.1).
portable	Run node tools/platform/node_modules/playwright/cli.js install --with-deps chromium	2026-09-10T17:03:03.1530666Z libfreetype6 set to manually installed.
portable	Run node tools/platform/node_modules/playwright/cli.js install --with-deps chromium	2026-09-10T17:03:03.1531419Z fonts-liberation is already the newest version (1:2.1.5-3).
portable	Run node tools/platform/node_modules/playwright/cli.js install --with-deps chromium	2026-09-10T17:03:03.1532161Z fonts-liberation set to manually installed.
portable	Run node tools/platform/node_modules/playwright/cli.js install --with-deps chromium	2026-09-10T17:03:03.1532902Z The following additional packages will be installed:
portable	Run node tools/platform/node_modules/playwright/cli.js install --with-deps chromium	2026-09-10T17:03:03.1533773Z   xfonts-encodings xfonts-utils
portable	Run node tools/platform/node_modules/playwright/cli.js install --with-deps chromium	2026-09-10T17:03:03.1534269Z Recommended packages:
portable	Run node tools/platform/node_modules/playwright/cli.js install --with-deps chromium	2026-09-10T17:03:03.1534762Z   fonts-ipafont-mincho fonts-tlwg-loma
portable	Run node tools/platform/node_modules/playwright/cli.js install --with-deps chromium	2026-09-10T17:03:03.1704381Z The following NEW packages will be installed:
portable	Run node tools/platform/node_modules/playwright/cli.js install --with-deps chromium	2026-09-10T17:03:03.1705446Z   fonts-freefont-ttf fonts-ipafont-gothic fonts-tlwg-loma-otf fonts-unifont
portable	Run node tools/platform/node_modules/playwright/cli.js install --with-deps chromium	2026-09-10T17:03:03.1711510Z   fonts-wqy-zenhei xfonts-cyrillic xfonts-encodings xfonts-scalable
portable	Run node tools/platform/node_modules/playwright/cli.js install --with-deps chromium	2026-09-10T17:03:03.1712221Z   xfonts-utils
portable	Run node tools/platform/node_modules/playwright/cli.js install --with-deps chromium	2026-09-10T17:03:03.1885451Z 0 upgraded, 9 newly installed, 0 to remove and 50 not upgraded.
portable	Run node tools/platform/node_modules/playwright/cli.js install --with-deps chromium	2026-09-10T17:03:03.1885969Z Need to get 21.1 MB of archives.
portable	Run node tools/platform/node_modules/playwright/cli.js install --with-deps chromium	2026-09-10T17:03:03.1886427Z After this operation, 79.5 MB of additional disk space will be used.
portable	Run node tools/platform/node_modules/playwright/cli.js install --with-deps chromium	2026-09-10T17:03:03.1887233Z Get:1 file:/etc/apt/apt-mirrors.txt Mirrorlist [144 B]
portable	Run node tools/platform/node_modules/playwright/cli.js install --with-deps chromium	2026-09-10T17:03:03.2122351Z Get:2 http://azure.archive.ubuntu.com/ubuntu noble/universe amd64 fonts-ipafont-gothic all 00303-21ubuntu1 [3513 kB]
portable	Run node tools/platform/node_modules/playwright/cli.js install --with-deps chromium	2026-09-10T17:03:03.3575638Z Get:3 http://azure.archive.ubuntu.com/ubuntu noble/main amd64 fonts-freefont-ttf all 20211204+svn4273-2 [5641 kB]
portable	Run node tools/platform/node_modules/playwright/cli.js install --with-deps chromium	2026-09-10T17:03:03.5824906Z Get:4 http://azure.archive.ubuntu.com/ubuntu noble/universe amd64 fonts-tlwg-loma-otf all 1:0.7.3-1 [107 kB]
portable	Run node tools/platform/node_modules/playwright/cli.js install --with-deps chromium	2026-09-10T17:03:03.5897029Z Get:5 http://azure.archive.ubuntu.com/ubuntu noble/universe amd64 fonts-unifont all 1:15.1.01-1build1 [2993 kB]
portable	Run node tools/platform/node_modules/playwright/cli.js install --with-deps chromium	2026-09-10T17:03:03.7101895Z Get:6 http://azure.archive.ubuntu.com/ubuntu noble/universe amd64 fonts-wqy-zenhei all 0.9.45-8 [7472 kB]
portable	Run node tools/platform/node_modules/playwright/cli.js install --with-deps chromium	2026-09-10T17:03:04.0057597Z Get:7 http://azure.archive.ubuntu.com/ubuntu noble/main amd64 xfonts-encodings all 1:1.0.5-0ubuntu2 [578 kB]
portable	Run node tools/platform/node_modules/playwright/cli.js install --with-deps chromium	2026-09-10T17:03:04.0296550Z Get:8 http://azure.archive.ubuntu.com/ubuntu noble/main amd64 xfonts-utils amd64 1:7.7+6build3 [94.4 kB]
portable	Run node tools/platform/node_modules/playwright/cli.js install --with-deps chromium	2026-09-10T17:03:04.0367189Z Get:9 http://azure.archive.ubuntu.com/ubuntu noble/universe amd64 xfonts-cyrillic all 1:1.0.5+nmu1 [384 kB]
portable	Run node tools/platform/node_modules/playwright/cli.js install --with-deps chromium	2026-09-10T17:03:04.0546530Z Get:10 http://azure.archive.ubuntu.com/ubuntu noble/main amd64 xfonts-scalable all 1:1.0.3-1.3 [304 kB]
portable	Run node tools/platform/node_modules/playwright/cli.js install --with-deps chromium	2026-09-10T17:03:04.3037162Z Fetched 21.1 MB in 1s (23.9 MB/s)
portable	Run node tools/platform/node_modules/playwright/cli.js install --with-deps chromium	2026-09-10T17:03:04.3265864Z Selecting previously unselected package fonts-ipafont-gothic.
portable	Run node tools/platform/node_modules/playwright/cli.js install --with-deps chromium	2026-09-10T17:03:04.3506302Z (Reading database ... 
portable	Run node tools/platform/node_modules/playwright/cli.js install --with-deps chromium	2026-09-10T17:03:04.3506725Z (Reading database ... 5%
portable	Run node tools/platform/node_modules/playwright/cli.js install --with-deps chromium	2026-09-10T17:03:04.3507090Z (Reading database ... 10%
portable	Run node tools/platform/node_modules/playwright/cli.js install --with-deps chromium	2026-09-10T17:03:04.3507438Z (Reading database ... 15%
portable	Run node tools/platform/node_modules/playwright/cli.js install --with-deps chromium	2026-09-10T17:03:04.3507775Z (Reading database ... 20%
portable	Run node tools/platform/node_modules/playwright/cli.js install --with-deps chromium	2026-09-10T17:03:04.3508225Z (Reading database ... 25%
portable	Run node tools/platform/node_modules/playwright/cli.js install --with-deps chromium	2026-09-10T17:03:04.3508550Z (Reading database ... 30%
portable	Run node tools/platform/node_modules/playwright/cli.js install --with-deps chromium	2026-09-10T17:03:04.3509642Z (Reading database ... 35%
portable	Run node tools/platform/node_modules/playwright/cli.js install --with-deps chromium	2026-09-10T17:03:04.3509991Z (Reading database ... 40%
portable	Run node tools/platform/node_modules/playwright/cli.js install --with-deps chromium	2026-09-10T17:03:04.3510377Z (Reading database ... 45%
portable	Run node tools/platform/node_modules/playwright/cli.js install --with-deps chromium	2026-09-10T17:03:04.3510711Z (Reading database ... 50%
portable	Run node tools/platform/node_modules/playwright/cli.js install --with-deps chromium	2026-09-10T17:03:04.3540724Z (Reading database ... 55%
portable	Run node tools/platform/node_modules/playwright/cli.js install --with-deps chromium	2026-09-10T17:03:04.5008084Z (Reading database ... 60%
portable	Run node tools/platform/node_modules/playwright/cli.js install --with-deps chromium	2026-09-10T17:03:04.6646274Z (Reading database ... 65%
portable	Run node tools/platform/node_modules/playwright/cli.js install --with-deps chromium	2026-09-10T17:03:04.8505490Z (Reading database ... 70%
portable	Run node tools/platform/node_modules/playwright/cli.js install --with-deps chromium	2026-09-10T17:03:05.0086526Z (Reading database ... 75%
portable	Run node tools/platform/node_modules/playwright/cli.js install --with-deps chromium	2026-09-10T17:03:05.1322956Z (Reading database ... 80%
portable	Run node tools/platform/node_modules/playwright/cli.js install --with-deps chromium	2026-09-10T17:03:05.3170750Z (Reading database ... 85%
portable	Run node tools/platform/node_modules/playwright/cli.js install --with-deps chromium	2026-09-10T17:03:05.4574708Z (Reading database ... 90%
portable	Run node tools/platform/node_modules/playwright/cli.js install --with-deps chromium	2026-09-10T17:03:05.5702770Z (Reading database ... 95%
portable	Run node tools/platform/node_modules/playwright/cli.js install --with-deps chromium	2026-09-10T17:03:05.5703581Z (Reading database ... 100%
portable	Run node tools/platform/node_modules/playwright/cli.js install --with-deps chromium	2026-09-10T17:03:05.5704695Z (Reading database ... 201818 files and directories currently installed.)
portable	Run node tools/platform/node_modules/playwright/cli.js install --with-deps chromium	2026-09-10T17:03:05.5747005Z Preparing to unpack .../0-fonts-ipafont-gothic_00303-21ubuntu1_all.deb ...
portable	Run node tools/platform/node_modules/playwright/cli.js install --with-deps chromium	2026-09-10T17:03:05.5839051Z Unpacking fonts-ipafont-gothic (00303-21ubuntu1) ...
portable	Run node tools/platform/node_modules/playwright/cli.js install --with-deps chromium	2026-09-10T17:03:05.8069513Z Selecting previously unselected package fonts-freefont-ttf.
portable	Run node tools/platform/node_modules/playwright/cli.js install --with-deps chromium	2026-09-10T17:03:05.8195374Z Preparing to unpack .../1-fonts-freefont-ttf_20211204+svn4273-2_all.deb ...
portable	Run node tools/platform/node_modules/playwright/cli.js install --with-deps chromium	2026-09-10T17:03:05.8209333Z Unpacking fonts-freefont-ttf (20211204+svn4273-2) ...
portable	Run node tools/platform/node_modules/playwright/cli.js install --with-deps chromium	2026-09-10T17:03:05.9030969Z Selecting previously unselected package fonts-tlwg-loma-otf.
portable	Run node tools/platform/node_modules/playwright/cli.js install --with-deps chromium	2026-09-10T17:03:05.9162350Z Preparing to unpack .../2-fonts-tlwg-loma-otf_1%3a0.7.3-1_all.deb ...
portable	Run node tools/platform/node_modules/playwright/cli.js install --with-deps chromium	2026-09-10T17:03:05.9172881Z Unpacking fonts-tlwg-loma-otf (1:0.7.3-1) ...
portable	Run node tools/platform/node_modules/playwright/cli.js install --with-deps chromium	2026-09-10T17:03:05.9389352Z Selecting previously unselected package fonts-unifont.
portable	Run node tools/platform/node_modules/playwright/cli.js install --with-deps chromium	2026-09-10T17:03:05.9518494Z Preparing to unpack .../3-fonts-unifont_1%3a15.1.01-1build1_all.deb ...
portable	Run node tools/platform/node_modules/playwright/cli.js install --with-deps chromium	2026-09-10T17:03:05.9529490Z Unpacking fonts-unifont (1:15.1.01-1build1) ...
portable	Run node tools/platform/node_modules/playwright/cli.js install --with-deps chromium	2026-09-10T17:03:06.0634665Z Selecting previously unselected package fonts-wqy-zenhei.
portable	Run node tools/platform/node_modules/playwright/cli.js install --with-deps chromium	2026-09-10T17:03:06.0766289Z Preparing to unpack .../4-fonts-wqy-zenhei_0.9.45-8_all.deb ...
portable	Run node tools/platform/node_modules/playwright/cli.js install --with-deps chromium	2026-09-10T17:03:06.0868441Z Unpacking fonts-wqy-zenhei (0.9.45-8) ...
portable	Run node tools/platform/node_modules/playwright/cli.js install --with-deps chromium	2026-09-10T17:03:06.5400243Z Selecting previously unselected package xfonts-encodings.
portable	Run node tools/platform/node_modules/playwright/cli.js install --with-deps chromium	2026-09-10T17:03:06.5539827Z Preparing to unpack .../5-xfonts-encodings_1%3a1.0.5-0ubuntu2_all.deb ...
portable	Run node tools/platform/node_modules/playwright/cli.js install --with-deps chromium	2026-09-10T17:03:06.5548900Z Unpacking xfonts-encodings (1:1.0.5-0ubuntu2) ...
portable	Run node tools/platform/node_modules/playwright/cli.js install --with-deps chromium	2026-09-10T17:03:06.5860228Z Selecting previously unselected package xfonts-utils.
portable	Run node tools/platform/node_modules/playwright/cli.js install --with-deps chromium	2026-09-10T17:03:06.5994524Z Preparing to unpack .../6-xfonts-utils_1%3a7.7+6build3_amd64.deb ...
portable	Run node tools/platform/node_modules/playwright/cli.js install --with-deps chromium	2026-09-10T17:03:06.6004438Z Unpacking xfonts-utils (1:7.7+6build3) ...
portable	Run node tools/platform/node_modules/playwright/cli.js install --with-deps chromium	2026-09-10T17:03:06.6388069Z Selecting previously unselected package xfonts-cyrillic.
portable	Run node tools/platform/node_modules/playwright/cli.js install --with-deps chromium	2026-09-10T17:03:06.6517592Z Preparing to unpack .../7-xfonts-cyrillic_1%3a1.0.5+nmu1_all.deb ...
portable	Run node tools/platform/node_modules/playwright/cli.js install --with-deps chromium	2026-09-10T17:03:06.6527857Z Unpacking xfonts-cyrillic (1:1.0.5+nmu1) ...
portable	Run node tools/platform/node_modules/playwright/cli.js install --with-deps chromium	2026-09-10T17:03:06.6871641Z Selecting previously unselected package xfonts-scalable.
portable	Run node tools/platform/node_modules/playwright/cli.js install --with-deps chromium	2026-09-10T17:03:06.7001788Z Preparing to unpack .../8-xfonts-scalable_1%3a1.0.3-1.3_all.deb ...
portable	Run node tools/platform/node_modules/playwright/cli.js install --with-deps chromium	2026-09-10T17:03:06.7012956Z Unpacking xfonts-scalable (1:1.0.3-1.3) ...
portable	Run node tools/platform/node_modules/playwright/cli.js install --with-deps chromium	2026-09-10T17:03:06.7420352Z Setting up fonts-wqy-zenhei (0.9.45-8) ...
portable	Run node tools/platform/node_modules/playwright/cli.js install --with-deps chromium	2026-09-10T17:03:06.7554220Z Setting up fonts-freefont-ttf (20211204+svn4273-2) ...
portable	Run node tools/platform/node_modules/playwright/cli.js install --with-deps chromium	2026-09-10T17:03:06.7595453Z Setting up fonts-tlwg-loma-otf (1:0.7.3-1) ...
portable	Run node tools/platform/node_modules/playwright/cli.js install --with-deps chromium	2026-09-10T17:03:06.7621703Z Setting up xfonts-encodings (1:1.0.5-0ubuntu2) ...
portable	Run node tools/platform/node_modules/playwright/cli.js install --with-deps chromium	2026-09-10T17:03:06.7649308Z Setting up fonts-ipafont-gothic (00303-21ubuntu1) ...
portable	Run node tools/platform/node_modules/playwright/cli.js install --with-deps chromium	2026-09-10T17:03:06.7721889Z update-alternatives: using /usr/share/fonts/opentype/ipafont-gothic/ipag.ttf to provide /usr/share/fonts/truetype/fonts-japanese-gothic.ttf (fonts-japanese-gothic.ttf) in auto mode
portable	Run node tools/platform/node_modules/playwright/cli.js install --with-deps chromium	2026-09-10T17:03:06.7741575Z Setting up fonts-unifont (1:15.1.01-1build1) ...
portable	Run node tools/platform/node_modules/playwright/cli.js install --with-deps chromium	2026-09-10T17:03:06.7768881Z Setting up xfonts-utils (1:7.7+6build3) ...
portable	Run node tools/platform/node_modules/playwright/cli.js install --with-deps chromium	2026-09-10T17:03:06.7817436Z Setting up xfonts-cyrillic (1:1.0.5+nmu1) ...
portable	Run node tools/platform/node_modules/playwright/cli.js install --with-deps chromium	2026-09-10T17:03:06.8110090Z Setting up xfonts-scalable (1:1.0.3-1.3) ...
portable	Run node tools/platform/node_modules/playwright/cli.js install --with-deps chromium	2026-09-10T17:03:06.8387250Z Processing triggers for man-db (2.12.0-4build2) ...
portable	Run node tools/platform/node_modules/playwright/cli.js install --with-deps chromium	2026-09-10T17:03:06.8408800Z Not building database; man-db/auto-update is not 'true'.
portable	Run node tools/platform/node_modules/playwright/cli.js install --with-deps chromium	2026-09-10T17:03:06.8424946Z Processing triggers for fontconfig (2.15.0-1.1ubuntu2) ...
portable	Run node tools/platform/node_modules/playwright/cli.js install --with-deps chromium	2026-09-10T17:03:07.5426901Z 
portable	Run node tools/platform/node_modules/playwright/cli.js install --with-deps chromium	2026-09-10T17:03:07.5427697Z Running kernel seems to be up-to-date.
portable	Run node tools/platform/node_modules/playwright/cli.js install --with-deps chromium	2026-09-10T17:03:07.5428216Z 
portable	Run node tools/platform/node_modules/playwright/cli.js install --with-deps chromium	2026-09-10T17:03:07.5428563Z No services need to be restarted.
portable	Run node tools/platform/node_modules/playwright/cli.js install --with-deps chromium	2026-09-10T17:03:07.5429002Z 
portable	Run node tools/platform/node_modules/playwright/cli.js install --with-deps chromium	2026-09-10T17:03:07.5429605Z No containers need to be restarted.
portable	Run node tools/platform/node_modules/playwright/cli.js install --with-deps chromium	2026-09-10T17:03:07.5430042Z 
portable	Run node tools/platform/node_modules/playwright/cli.js install --with-deps chromium	2026-09-10T17:03:07.5430442Z No user sessions are running outdated binaries.
portable	Run node tools/platform/node_modules/playwright/cli.js install --with-deps chromium	2026-09-10T17:03:07.5430914Z 
portable	Run node tools/platform/node_modules/playwright/cli.js install --with-deps chromium	2026-09-10T17:03:07.5431559Z No VM guests are running outdated hypervisor (qemu) binaries on this host.
portable	Run node tools/platform/node_modules/playwright/cli.js install --with-deps chromium	2026-09-10T17:03:08.3504108Z Downloading Chrome for Testing 153.0.8010.12 (playwright chromium v1243) from https://cdn.playwright.dev/builds/cft/153.0.8010.12/linux64/chrome-linux64.zip
portable	Run node tools/platform/node_modules/playwright/cli.js install --with-deps chromium	2026-09-10T17:03:08.7424053Z |                                                                                |   0% of 186.8 MiB
portable	Run node tools/platform/node_modules/playwright/cli.js install --with-deps chromium	2026-09-10T17:03:08.9187945Z |■■■■■■■■                                                                        |  10% of 186.8 MiB
portable	Run node tools/platform/node_modules/playwright/cli.js install --with-deps chromium	2026-09-10T17:03:09.0058895Z |■■■■■■■■■■■■■■■■                                                                |  20% of 186.8 MiB
portable	Run node tools/platform/node_modules/playwright/cli.js install --with-deps chromium	2026-09-10T17:03:09.1051574Z |■■■■■■■■■■■■■■■■■■■■■■■■                                                        |  30% of 186.8 MiB
portable	Run node tools/platform/node_modules/playwright/cli.js install --with-deps chromium	2026-09-10T17:03:09.1626843Z |■■■■■■■■■■■■■■■■■■■■■■■■■■■■■■■■                                                |  40% of 186.8 MiB
portable	Run node tools/platform/node_modules/playwright/cli.js install --with-deps chromium	2026-09-10T17:03:09.2431685Z |■■■■■■■■■■■■■■■■■■■■■■■■■■■■■■■■■■■■■■■■                                        |  50% of 186.8 MiB
portable	Run node tools/platform/node_modules/playwright/cli.js install --with-deps chromium	2026-09-10T17:03:09.3078090Z |■■■■■■■■■■■■■■■■■■■■■■■■■■■■■■■■■■■■■■■■■■■■■■■■                                |  60% of 186.8 MiB
portable	Run node tools/platform/node_modules/playwright/cli.js install --with-deps chromium	2026-09-10T17:03:09.3886892Z |■■■■■■■■■■■■■■■■■■■■■■■■■■■■■■■■■■■■■■■■■■■■■■■■■■■■■■■■                        |  70% of 186.8 MiB
portable	Run node tools/platform/node_modules/playwright/cli.js install --with-deps chromium	2026-09-10T17:03:09.4684630Z |■■■■■■■■■■■■■■■■■■■■■■■■■■■■■■■■■■■■■■■■■■■■■■■■■■■■■■■■■■■■■■■■                |  80% of 186.8 MiB
portable	Run node tools/platform/node_modules/playwright/cli.js install --with-deps chromium	2026-09-10T17:03:09.5430361Z |■■■■■■■■■■■■■■■■■■■■■■■■■■■■■■■■■■■■■■■■■■■■■■■■■■■■■■■■■■■■■■■■■■■■■■■■        |  90% of 186.8 MiB
portable	Run node tools/platform/node_modules/playwright/cli.js install --with-deps chromium	2026-09-10T17:03:09.6314467Z |■■■■■■■■■■■■■■■■■■■■■■■■■■■■■■■■■■■■■■■■■■■■■■■■■■■■■■■■■■■■■■■■■■■■■■■■■■■■■■■■| 100% of 186.8 MiB
portable	Run node tools/platform/node_modules/playwright/cli.js install --with-deps chromium	2026-09-10T17:03:12.6521812Z Chrome for Testing 153.0.8010.12 (playwright chromium v1243) downloaded to /home/runner/work/di-bag/di-bag/tools/platform/.browsers/chromium-1243
portable	Run node tools/platform/node_modules/playwright/cli.js install --with-deps chromium	2026-09-10T17:03:12.6526004Z Downloading FFmpeg (playwright ffmpeg v1011) from https://cdn.playwright.dev/dbazure/download/playwright/builds/ffmpeg/1011/ffmpeg-linux.zip
portable	Run node tools/platform/node_modules/playwright/cli.js install --with-deps chromium	2026-09-10T17:03:12.9890576Z |                                                                                |   0% of 2.3 MiB
portable	Run node tools/platform/node_modules/playwright/cli.js install --with-deps chromium	2026-09-10T17:03:12.9964840Z |■■■■■■■■                                                                        |  10% of 2.3 MiB
portable	Run node tools/platform/node_modules/playwright/cli.js install --with-deps chromium	2026-09-10T17:03:12.9990936Z |■■■■■■■■■■■■■■■■                                                                |  20% of 2.3 MiB
portable	Run node tools/platform/node_modules/playwright/cli.js install --with-deps chromium	2026-09-10T17:03:13.0007394Z |■■■■■■■■■■■■■■■■■■■■■■■■                                                        |  30% of 2.3 MiB
portable	Run node tools/platform/node_modules/playwright/cli.js install --with-deps chromium	2026-09-10T17:03:13.0022366Z |■■■■■■■■■■■■■■■■■■■■■■■■■■■■■■■■                                                |  40% of 2.3 MiB
portable	Run node tools/platform/node_modules/playwright/cli.js install --with-deps chromium	2026-09-10T17:03:13.0036374Z |■■■■■■■■■■■■■■■■■■■■■■■■■■■■■■■■■■■■■■■■                                        |  50% of 2.3 MiB
portable	Run node tools/platform/node_modules/playwright/cli.js install --with-deps chromium	2026-09-10T17:03:13.0055121Z |■■■■■■■■■■■■■■■■■■■■■■■■■■■■■■■■■■■■■■■■■■■■■■■■                                |  60% of 2.3 MiB
portable	Run node tools/platform/node_modules/playwright/cli.js install --with-deps chromium	2026-09-10T17:03:13.0068886Z |■■■■■■■■■■■■■■■■■■■■■■■■■■■■■■■■■■■■■■■■■■■■■■■■■■■■■■■■                        |  70% of 2.3 MiB
portable	Run node tools/platform/node_modules/playwright/cli.js install --with-deps chromium	2026-09-10T17:03:13.0093595Z |■■■■■■■■■■■■■■■■■■■■■■■■■■■■■■■■■■■■■■■■■■■■■■■■■■■■■■■■■■■■■■■■                |  80% of 2.3 MiB
portable	Run node tools/platform/node_modules/playwright/cli.js install --with-deps chromium	2026-09-10T17:03:13.0100257Z |■■■■■■■■■■■■■■■■■■■■■■■■■■■■■■■■■■■■■■■■■■■■■■■■■■■■■■■■■■■■■■■■■■■■■■■■        |  90% of 2.3 MiB
portable	Run node tools/platform/node_modules/playwright/cli.js install --with-deps chromium	2026-09-10T17:03:13.0113073Z |■■■■■■■■■■■■■■■■■■■■■■■■■■■■■■■■■■■■■■■■■■■■■■■■■■■■■■■■■■■■■■■■■■■■■■■■■■■■■■■■| 100% of 2.3 MiB
portable	Run node tools/platform/node_modules/playwright/cli.js install --with-deps chromium	2026-09-10T17:03:13.0704448Z FFmpeg (playwright ffmpeg v1011) downloaded to /home/runner/work/di-bag/di-bag/tools/platform/.browsers/ffmpeg-1011
portable	Run node tools/platform/node_modules/playwright/cli.js install --with-deps chromium	2026-09-10T17:03:13.0708566Z Downloading Chrome Headless Shell 153.0.8010.12 (playwright chromium-headless-shell v1243) from https://cdn.playwright.dev/builds/cft/153.0.8010.12/linux64/chrome-headless-shell-linux64.zip
portable	Run node tools/platform/node_modules/playwright/cli.js install --with-deps chromium	2026-09-10T17:03:13.4477523Z |                                                                                |   0% of 114.3 MiB
portable	Run node tools/platform/node_modules/playwright/cli.js install --with-deps chromium	2026-09-10T17:03:13.7129919Z |■■■■■■■■                                                                        |  10% of 114.3 MiB
portable	Run node tools/platform/node_modules/playwright/cli.js install --with-deps chromium	2026-09-10T17:03:13.8124471Z |■■■■■■■■■■■■■■■■                                                                |  20% of 114.3 MiB
portable	Run node tools/platform/node_modules/playwright/cli.js install --with-deps chromium	2026-09-10T17:03:13.8655839Z |■■■■■■■■■■■■■■■■■■■■■■■■                                                        |  30% of 114.3 MiB
portable	Run node tools/platform/node_modules/playwright/cli.js install --with-deps chromium	2026-09-10T17:03:13.9239690Z |■■■■■■■■■■■■■■■■■■■■■■■■■■■■■■■■                                                |  40% of 114.3 MiB
portable	Run node tools/platform/node_modules/playwright/cli.js install --with-deps chromium	2026-09-10T17:03:13.9848492Z |■■■■■■■■■■■■■■■■■■■■■■■■■■■■■■■■■■■■■■■■                                        |  50% of 114.3 MiB
portable	Run node tools/platform/node_modules/playwright/cli.js install --with-deps chromium	2026-09-10T17:03:14.0222518Z |■■■■■■■■■■■■■■■■■■■■■■■■■■■■■■■■■■■■■■■■■■■■■■■■                                |  60% of 114.3 MiB
portable	Run node tools/platform/node_modules/playwright/cli.js install --with-deps chromium	2026-09-10T17:03:14.0611056Z |■■■■■■■■■■■■■■■■■■■■■■■■■■■■■■■■■■■■■■■■■■■■■■■■■■■■■■■■                        |  70% of 114.3 MiB
portable	Run node tools/platform/node_modules/playwright/cli.js install --with-deps chromium	2026-09-10T17:03:14.1171678Z |■■■■■■■■■■■■■■■■■■■■■■■■■■■■■■■■■■■■■■■■■■■■■■■■■■■■■■■■■■■■■■■■                |  80% of 114.3 MiB
portable	Run node tools/platform/node_modules/playwright/cli.js install --with-deps chromium	2026-09-10T17:03:14.1555549Z |■■■■■■■■■■■■■■■■■■■■■■■■■■■■■■■■■■■■■■■■■■■■■■■■■■■■■■■■■■■■■■■■■■■■■■■■        |  90% of 114.3 MiB
portable	Run node tools/platform/node_modules/playwright/cli.js install --with-deps chromium	2026-09-10T17:03:14.1934966Z |■■■■■■■■■■■■■■■■■■■■■■■■■■■■■■■■■■■■■■■■■■■■■■■■■■■■■■■■■■■■■■■■■■■■■■■■■■■■■■■■| 100% of 114.3 MiB
portable	Run node tools/platform/node_modules/playwright/cli.js install --with-deps chromium	2026-09-10T17:03:16.3398380Z Chrome Headless Shell 153.0.8010.12 (playwright chromium-headless-shell v1243) downloaded to /home/runner/work/di-bag/di-bag/tools/platform/.browsers/chromium_headless_shell-1243
portable	Run npm run platform:pin -- --all	﻿2026-09-10T17:03:16.3606650Z ##[group]Run npm run platform:pin -- --all
portable	Run npm run platform:pin -- --all	2026-09-10T17:03:16.3607037Z ^[[36;1mnpm run platform:pin -- --all^[[0m
portable	Run npm run platform:pin -- --all	2026-09-10T17:03:16.3643035Z shell: /usr/bin/bash -e {0}
portable	Run npm run platform:pin -- --all	2026-09-10T17:03:16.3643301Z env:
portable	Run npm run platform:pin -- --all	2026-09-10T17:03:16.3643663Z   PLAYWRIGHT_BROWSERS_PATH: /home/runner/work/di-bag/di-bag/tools/platform/.browsers
portable	Run npm run platform:pin -- --all	2026-09-10T17:03:16.3644089Z ##[endgroup]
portable	Run npm run platform:pin -- --all	2026-09-10T17:03:16.4649940Z 
portable	Run npm run platform:pin -- --all	2026-09-10T17:03:16.4650319Z > di-bag@0.1.0 platform:pin
portable	Run npm run platform:pin -- --all	2026-09-10T17:03:16.4651622Z > node --disable-warning=MODULE_TYPELESS_PACKAGE_JSON scripts/pin-platform-tools.ts --all
portable	Run npm run platform:pin -- --all	2026-09-10T17:03:16.4652469Z 
portable	Run npm run platform:pin -- --all	2026-09-10T17:03:18.9141058Z node: 24.20.0
portable	Run npm run platform:pin -- --all	2026-09-10T17:03:18.9142583Z npm: 11.19.0
portable	Run npm run platform:pin -- --all	2026-09-10T17:03:18.9142991Z classic6: 6.0.3
portable	Run npm run platform:pin -- --all	2026-09-10T17:03:18.9143348Z bun: 1.4.0
portable	Run npm run platform:pin -- --all	2026-09-10T17:03:18.9143684Z deno: 2.9.6
portable	Run npm run platform:pin -- --all	2026-09-10T17:03:18.9144031Z esbuild: 0.28.2
portable	Run npm run platform:pin -- --all	2026-09-10T17:03:18.9144459Z playwright: 1.63.0
portable	Run npm run platform:pin -- --all	2026-09-10T17:03:18.9144940Z chromium: 153.0.8010.12
portable	Run npm run check:platform	﻿2026-09-10T17:03:18.9444263Z ##[group]Run npm run check:platform
portable	Run npm run check:platform	2026-09-10T17:03:18.9444623Z ^[[36;1mnpm run check:platform^[[0m
portable	Run npm run check:platform	2026-09-10T17:03:18.9480623Z shell: /usr/bin/bash -e {0}
portable	Run npm run check:platform	2026-09-10T17:03:18.9480887Z env:
portable	Run npm run check:platform	2026-09-10T17:03:18.9481249Z   PLAYWRIGHT_BROWSERS_PATH: /home/runner/work/di-bag/di-bag/tools/platform/.browsers
portable	Run npm run check:platform	2026-09-10T17:03:18.9481676Z ##[endgroup]
portable	Run npm run check:platform	2026-09-10T17:03:19.0455575Z 
portable	Run npm run check:platform	2026-09-10T17:03:19.0456124Z > di-bag@0.1.0 check:platform
portable	Run npm run check:platform	2026-09-10T17:03:19.0456951Z > node --disable-warning=MODULE_TYPELESS_PACKAGE_JSON scripts/platform-evidence.ts --required
portable	Run npm run check:platform	2026-09-10T17:03:19.0457455Z 
portable	Run npm run check:platform	2026-09-10T17:03:25.4539679Z {"archive":{"files":["LICENSE","README.md","dist/acquisition-context.d.ts","dist/acquisition-context.js","dist/acquisition-family.d.ts","dist/acquisition-family.js","dist/acquisition-mode.d.ts","dist/acquisition-mode.js","dist/acquisition.d.ts","dist/acquisition.js","dist/alias-types.d.ts","dist/alias-types.js","dist/aliases.d.ts","dist/aliases.js","dist/composition.d.ts","dist/composition.js","dist/contribution-types.d.ts","dist/contribution-types.js","dist/contributions.d.ts","dist/contributions.js","dist/dependency-references.d.ts","dist/dependency-references.js","dist/di-bag.d.ts","dist/di-bag.js","dist/errors.d.ts","dist/errors.js","dist/index.d.ts","dist/index.js","dist/inspection.d.ts","dist/inspection.js","dist/lifetime-types.d.ts","dist/lifetime-types.js","dist/lifetime.d.ts","dist/lifetime.js","dist/module-types.d.ts","dist/module-types.js","dist/module.d.ts","dist/module.js","dist/node.d.ts","dist/node.js","dist/observers.d.ts","dist/observers.js","dist/persistent-map.d.ts","dist/persistent-map.js","dist/persistent-sequence.d.ts","dist/persistent-sequence.js","dist/plugins.d.ts","dist/plugins.js","dist/provider-execution.d.ts","dist/provider-execution.js","dist/provider-operations.d.ts","dist/provider-operations.js","dist/provider.d.ts","dist/provider.js","dist/registration.d.ts","dist/registration.js","dist/replacement-types.d.ts","dist/replacement-types.js","dist/runtime.d.ts","dist/runtime.js","dist/scope-selection.d.ts","dist/scope-selection.js","dist/scope-types.d.ts","dist/scope-types.js","dist/startup.d.ts","dist/startup.js","dist/token-types.d.ts","dist/token-types.js","dist/tokens.d.ts","dist/tokens.js","dist/types.d.ts","dist/types.js","package.json"],"sha256":"978f3bf285a86278e865ebd28535d964675e0d4559a80083c441874673e0f832"},"commands":{"build":{"argv":["/opt/hostedtoolcache/node/24.20.0/x64/bin/node","/home/runner/work/di-bag/di-bag/node_modules/typescript/bin/tsc6","-p","tsconfig.build.json"],"cwd":"/tmp/di-bag-platform-Npzpok","elapsedMs":1724.396817,"signal":null,"status":0,"stderrSha256":"e3b0c44298fc1c149afbf4c8996fb92427ae41e4649b934ca495991b7852b855","stdoutSha256":"e3b0c44298fc1c149afbf4c8996fb92427ae41e4649b934ca495991b7852b855"},"pack":{"argv":["/opt/hostedtoolcache/node/24.20.0/x64/bin/node","/opt/hostedtoolcache/node/24.20.0/x64/lib/node_modules/npm/bin/npm-cli.js","pack","--ignore-scripts","--json"],"cwd":"/tmp/di-bag-platform-Npzpok","elapsedMs":341.690419,"signal":null,"status":0,"stderrSha256":"e3b0c44298fc1c149afbf4c8996fb92427ae41e4649b934ca495991b7852b855","stdoutSha256":"f934a5c84087afb4d2a7ac4800f51dd3e0ff641f3f18720ca38e50f2dd276f4b"}},"executionEnvironment":{"architecture":"x64","node":"v24.20.0","operatingSystem":"linux","operatingSystemRelease":"6.17.0-1022-azure"},"git":{"dirty":false,"sha":"681270e3574ef938cec45ba413b00e16a2309087"},"lane":"archive","schema":1,"source":{"lockfileSha256":"a68e095582633c5b4d58b6fd01a26d982b9e932c4072db94473210dfc89fc4eb","platformLockfileSha256":"edcdbef1566dd3de24d0a61f282088bf7b11126f71cfa64e788af2c18e776b8b","srcSha256":"f3cbb2539fab64bc92e5309de2b3a70faf8963db76d70803800f352a65948099"},"status":"pass","tools":{"bun":{"argv":["/home/runner/.bun/bin/bun"],"hashScope":"version-probe-entry","sha256":"33d56b070be6a9e3da0ab013038b43d1645d0534ca811ecdba4472599117eb4b","status":"pinned","version":"1.4.0","versionArgv":["/home/runner/.bun/bin/bun","--version"],"versionText":"1.4.0\n"},"classic6":{"argv":["/opt/hostedtoolcache/node/24.20.0/x64/bin/node","/home/runner/work/di-bag/di-bag/node_modules/typescript/bin/tsc6"],"hashScope":"version-probe-entry","sha256":"8d5fa5bd883fec0979fc2004f1fe1d99aef40570155d550eadc0b03b55513bf0","status":"pinned","version":"6.0.3","versionArgv":["/opt/hostedtoolcache/node/24.20.0/x64/bin/node","/home/runner/work/di-bag/di-bag/node_modules/typescript/bin/tsc6","--version"],"versionText":"Version 6.0.3\n"},"node":{"argv":["/opt/hostedtoolcache/node/24.20.0/x64/bin/node"],"hashScope":"version-probe-entry","sha256":"89af8424dd53e560b1933f87ba650d8bf57c83ca5a04600eefb31f416aabbae7","status":"pinned","version":"24.20.0","versionArgv":["/opt/hostedtoolcache/node/24.20.0/x64/bin/node","--version"],"versionText":"v24.20.0\n"},"npm":{"argv":["/opt/hostedtoolcache/node/24.20.0/x64/bin/node","/opt/hostedtoolcache/node/24.20.0/x64/lib/node_modules/npm/bin/npm-cli.js"],"hashScope":"version-probe-entry","sha256":"8e5f6f3429f8cdbe693cdc29904e9d5a7b127a494bd15c804bd54c7403bfcbe7","status":"pinned","version":"11.19.0","versionArgv":["/opt/hostedtoolcache/node/24.20.0/x64/bin/node","/opt/hostedtoolcache/node/24.20.0/x64/lib/node_modules/npm/bin/npm-cli.js","--version"],"versionText":"11.19.0\n"}},"utc":"2026-09-10T17:03:20.315Z"}
portable	Run npm run check:platform	2026-09-10T17:03:25.4580134Z {"archiveSha256":"978f3bf285a86278e865ebd28535d964675e0d4559a80083c441874673e0f832","command":["/home/runner/work/di-bag/di-bag/tools/platform/node_modules/deno/deno","run","--node-modules-dir=manual","--allow-read","deno-consumer.ts"],"executionEnvironment":{"architecture":"x64","node":"v24.20.0","operatingSystem":"linux","operatingSystemRelease":"6.17.0-1022-azure"},"git":{"dirty":false,"sha":"681270e3574ef938cec45ba413b00e16a2309087"},"lane":"deno-root","resolvedDiBag":"file:///tmp/di-bag-deno-consumer-Jy7g1f/node_modules/di-bag/dist/index.js","result":{"aliasCanonical":true,"cleanupLog":["scoped","transient-2","transient-1","root"],"inspectionFrozen":true,"metadataFrozen":true,"rawDisposerIdentity":true,"rawPromiseIdentity":true,"rootOnce":true,"scopedOnce":true,"transientDistinct":true},"schema":1,"status":"pass","tools":{"deno":{"argv":["/home/runner/work/di-bag/di-bag/tools/platform/node_modules/deno/deno"],"hashScope":"version-probe-entry","sha256":"bceb5b6a6239b0b010418406d8c77a508f67cf4337d94288f1c19fe71304aab0","status":"pinned","version":"2.9.6","versionArgv":["/home/runner/work/di-bag/di-bag/tools/platform/node_modules/deno/deno","--version"],"versionText":"deno 2.9.6 (stable, release, x86_64-unknown-linux-gnu)\nv8 15.0.245.2-rusty\ntypescript 6.0.3\n"}},"utc":"2026-09-10T17:03:20.315Z"}
portable	Run npm run check:platform	2026-09-10T17:03:25.4607920Z {"archiveSha256":"978f3bf285a86278e865ebd28535d964675e0d4559a80083c441874673e0f832","bundleSha256":"148625b353b0502f4469fb762554155430a19512753a5a68b290ae6c1b6050e1","bytes":62841,"executionEnvironment":{"architecture":"x64","node":"v24.20.0","operatingSystem":"linux","operatingSystemRelease":"6.17.0-1022-azure"},"git":{"dirty":false,"sha":"681270e3574ef938cec45ba413b00e16a2309087"},"gzipBytes":17380,"gzipSha256":"2add93f8ec5228d62435d803192aca2f46885f2922e92492a40d8bfa6649b54a","lane":"browser-worker-minified","metafileSha256":"fd033d582a3fd6aa8c9a7dd2b1ddb68d6bf81a770b9ffe2902ea4ff2dae45baf","resolvedDiBag":"/tmp/di-bag-browser-consumer-qrxqnp/node_modules/di-bag/dist/index.js","result":{"aliasCanonical":true,"cleanupLog":["scoped","transient-2","transient-1","root"],"inspectionFrozen":true,"metadataFrozen":true,"rawDisposerIdentity":true,"rawPromiseIdentity":true,"rootOnce":true,"scopedOnce":true,"transientDistinct":true},"schema":1,"status":"pass","tools":{"chromium":{"argv":["/home/runner/work/di-bag/di-bag/tools/platform/.browsers/chromium-1243/chrome-linux64/chrome"],"hashScope":"version-probe-entry","sha256":"8c599d43aec53f2460a31ae2f4af6bd863f8258b34ff519564bc5d4726bfaa1e","status":"pinned","version":"153.0.8010.12","versionArgv":["/home/runner/work/di-bag/di-bag/tools/platform/.browsers/chromium-1243/chrome-linux64/chrome","--version"],"versionText":"Google Chrome for Testing 153.0.8010.12 \n"},"esbuild":{"argv":["/home/runner/work/di-bag/di-bag/tools/platform/node_modules/esbuild/bin/esbuild"],"hashScope":"version-probe-entry","sha256":"e1698a3d5c6c0798fee4fd3b5cc816651f460c63d390a7a26ea4beb0b1884100","status":"pinned","version":"0.28.2","versionArgv":["/home/runner/work/di-bag/di-bag/tools/platform/node_modules/esbuild/bin/esbuild","--version"],"versionText":"0.28.2\n"},"playwright":{"argv":["/opt/hostedtoolcache/node/24.20.0/x64/bin/node","/home/runner/work/di-bag/di-bag/tools/platform/node_modules/playwright/cli.js"],"hashScope":"version-probe-entry","sha256":"5e79302a6aad7d835d92d5ae6b4244c91cf61b28e94d7917279090e6c231f7a1","status":"pinned","version":"1.63.0","versionArgv":["/opt/hostedtoolcache/node/24.20.0/x64/bin/node","/home/runner/work/di-bag/di-bag/tools/platform/node_modules/playwright/cli.js","--version"],"versionText":"Version 1.63.0\n"}},"utc":"2026-09-10T17:03:20.315Z"}
portable	Exercise platform failure oracles	﻿2026-09-10T17:03:25.4805348Z ##[group]Run bun test tests/platform-evidence.test.ts tests/platform-tools.test.ts tests/platform-deno.test.ts tests/platform/browser-worker.test.ts
portable	Exercise platform failure oracles	2026-09-10T17:03:25.4806539Z ^[[36;1mbun test tests/platform-evidence.test.ts tests/platform-tools.test.ts tests/platform-deno.test.ts tests/platform/browser-worker.test.ts^[[0m
portable	Exercise platform failure oracles	2026-09-10T17:03:25.4844352Z shell: /usr/bin/bash -e {0}
portable	Exercise platform failure oracles	2026-09-10T17:03:25.4844639Z env:
portable	Exercise platform failure oracles	2026-09-10T17:03:25.4844998Z   PLAYWRIGHT_BROWSERS_PATH: /home/runner/work/di-bag/di-bag/tools/platform/.browsers
portable	Exercise platform failure oracles	2026-09-10T17:03:25.4845442Z ##[endgroup]
portable	Exercise platform failure oracles	2026-09-10T17:03:25.4920539Z bun test v1.4.0 (34cbb9a40)
portable	Exercise platform failure oracles	2026-09-10T17:03:25.5094662Z 
portable	Exercise platform failure oracles	2026-09-10T17:03:25.5095567Z ##[group]tests/platform-deno.test.ts:
portable	Exercise platform failure oracles	2026-09-10T17:03:25.5422715Z (pass) portable root contract has host-independent semantics [7.44ms]
portable	Exercise platform failure oracles	2026-09-10T17:03:25.5424030Z (pass) portable inspection proof rejects nonobjects and inexact or unfrozen metadata [0.16ms]
portable	Exercise platform failure oracles	2026-09-10T17:03:25.5439187Z (pass) Deno child validation requires canonical output from the local installed archive [1.47ms]
portable	Exercise platform failure oracles	2026-09-10T17:03:25.5442152Z (pass) Deno child validation fails closed when the expected installation is absent [0.31ms]
portable	Exercise platform failure oracles	2026-09-10T17:03:25.5601242Z (pass) an unprovisioned Deno pin yields an explicit unavailable row without touching the archive [15.85ms]
portable	Exercise platform failure oracles	2026-09-10T17:03:25.5601776Z 
portable	Exercise platform failure oracles	2026-09-10T17:03:25.5602123Z ##[endgroup]
portable	Exercise platform failure oracles	2026-09-10T17:03:25.5602261Z 
portable	Exercise platform failure oracles	2026-09-10T17:03:25.5602541Z ##[group]tests/platform-tools.test.ts:
portable	Exercise platform failure oracles	2026-09-10T17:03:25.5681896Z (pass) tool capture binds the actual artifact and exact observed version output [7.05ms]
portable	Exercise platform failure oracles	2026-09-10T17:03:25.6120425Z (pass) tool capture rejects wrong versions, substring matches and unsuccessful probes [43.78ms]
portable	Exercise platform failure oracles	2026-09-10T17:03:25.6120916Z 
portable	Exercise platform failure oracles	2026-09-10T17:03:25.6121270Z ##[endgroup]
portable	Exercise platform failure oracles	2026-09-10T17:03:25.6121410Z 
portable	Exercise platform failure oracles	2026-09-10T17:03:25.6121690Z ##[group]tests/platform-evidence.test.ts:
portable	Exercise platform failure oracles	2026-09-10T17:03:25.6142626Z (pass) required platform evidence rejects incomplete or unavailable matrices [0.35ms]
portable	Exercise platform failure oracles	2026-09-10T17:03:25.6151637Z (pass) local platform identity takes precedence and invalid local identity never falls back [0.87ms]
portable	Exercise platform failure oracles	2026-09-10T17:03:25.6155733Z (pass) child evidence rejects noncanonical output, stderr, process failures and the wrong lane [0.42ms]
portable	Exercise platform failure oracles	2026-09-10T17:03:25.6368193Z (pass) tool verification rejects explicit unavailability, version drift and hash drift [21.16ms]
portable	Exercise platform failure oracles	2026-09-10T17:03:25.6378029Z (pass) tool verification rejects malformed pins and unavailable executables before a lane starts [1.07ms]
portable	Exercise platform failure oracles	2026-09-10T17:03:25.6393955Z (pass) pack output requires exactly one archive and empty stderr [1.60ms]
portable	Exercise platform failure oracles	2026-09-10T17:03:25.6437691Z (pass) pack output rejects every missing declared export and package document [4.36ms]
portable	Exercise platform failure oracles	2026-09-10T17:03:25.6577548Z (pass) packed archive validation catches a missing archive, changed bytes and stale file inventory [13.92ms]
portable	Exercise platform failure oracles	2026-09-10T17:03:25.6754733Z (pass) archive inventory is an exact allowlist and package documents match isolated inputs byte-for-byte [17.69ms]
portable	Exercise platform failure oracles	2026-09-10T17:03:26.5770402Z (pass) repository manifest verifies every provisioned identity and retains absent tools as unavailable [901.45ms]
portable	Exercise platform failure oracles	2026-09-10T17:03:28.9210500Z (pass) isolated classic pack contains only freshly built declared exports and rechecks its hash [2343.96ms]
portable	Exercise platform failure oracles	2026-09-10T17:03:28.9223982Z (pass) evidence writer appends stable sorted JSONL under the source/date directory [1.48ms]
portable	Exercise platform failure oracles	2026-09-10T17:03:35.0508617Z (pass) platform command writes one sorted matrix and executes every provisioned lane [6128.37ms]
portable	Exercise platform failure oracles	2026-09-10T17:03:35.3390255Z (pass) platform evidence module imports under the pinned Node ESM loader [288.18ms]
portable	Exercise platform failure oracles	2026-09-10T17:03:36.2847369Z (pass) platform command retains archive failure rows and makes required failures nonzero [945.61ms]
portable	Exercise platform failure oracles	2026-09-10T17:03:36.2849750Z (pass) browser metafile parser rejects malformed shapes before resolving inputs [0.35ms]
portable	Exercise platform failure oracles	2026-09-10T17:03:36.2850726Z 
portable	Exercise platform failure oracles	2026-09-10T17:03:36.2851385Z ##[endgroup]
portable	Exercise platform failure oracles	2026-09-10T17:03:36.2851602Z 
portable	Exercise platform failure oracles	2026-09-10T17:03:36.2852062Z ##[group]tests/platform/browser-worker.test.ts:
portable	Exercise platform failure oracles	2026-09-10T17:03:36.2893749Z (pass) browser metafile accepts only the installed root export and package-local dependencies [2.78ms]
portable	Exercise platform failure oracles	2026-09-10T17:03:36.2949855Z (pass) browser bundle validation rejects stale bytes, sizes, gzip size, metafile and root identity [5.59ms]
portable	Exercise platform failure oracles	2026-09-10T17:03:36.2953257Z (pass) Worker protocol accepts exactly one structured portable result and rejects hostile transcripts [0.36ms]
portable	Exercise platform failure oracles	2026-09-10T17:03:36.4291609Z (pass) browser Worker lane rechecks the artifact before execution and maps protocol failures [133.81ms]
portable	Exercise platform failure oracles	2026-09-10T17:03:36.4735530Z (pass) explicitly unprovisioned browser tools stay unavailable without archive or bundle fallback [44.44ms]
portable	Exercise platform failure oracles	2026-09-10T17:03:47.1988660Z (pass) provisioned browser tools execute the real packed archive lane [10725.17ms]
portable	Exercise platform failure oracles	2026-09-10T17:03:47.1989676Z 
portable	Exercise platform failure oracles	2026-09-10T17:03:47.1990266Z ##[endgroup]
portable	Exercise platform failure oracles	2026-09-10T17:03:47.1990629Z 
portable	Exercise platform failure oracles	2026-09-10T17:03:47.2000023Z  29 pass
portable	Exercise platform failure oracles	2026-09-10T17:03:47.2000418Z  0 fail
portable	Exercise platform failure oracles	2026-09-10T17:03:47.2000793Z  222 expect() calls
portable	Exercise platform failure oracles	2026-09-10T17:03:47.2001441Z Ran 29 tests across 4 files. [21.71s]
portable	Run actions/upload-artifact@b7c566a772e6b6bfb58ed0dc250532a479d7789f	﻿2026-09-10T17:03:47.2176836Z ##[group]Run actions/upload-artifact@b7c566a772e6b6bfb58ed0dc250532a479d7789f
portable	Run actions/upload-artifact@b7c566a772e6b6bfb58ed0dc250532a479d7789f	2026-09-10T17:03:47.2177274Z with:
portable	Run actions/upload-artifact@b7c566a772e6b6bfb58ed0dc250532a479d7789f	2026-09-10T17:03:47.2177605Z   name: platform-evidence-681270e3574ef938cec45ba413b00e16a2309087
portable	Run actions/upload-artifact@b7c566a772e6b6bfb58ed0dc250532a479d7789f	2026-09-10T17:03:47.2177992Z   path: docs/benchmarks/results/
portable	Run actions/upload-artifact@b7c566a772e6b6bfb58ed0dc250532a479d7789f	2026-09-10T17:03:47.2178268Z   if-no-files-found: error
portable	Run actions/upload-artifact@b7c566a772e6b6bfb58ed0dc250532a479d7789f	2026-09-10T17:03:47.2178517Z   compression-level: 6
portable	Run actions/upload-artifact@b7c566a772e6b6bfb58ed0dc250532a479d7789f	2026-09-10T17:03:47.2178749Z   overwrite: false
portable	Run actions/upload-artifact@b7c566a772e6b6bfb58ed0dc250532a479d7789f	2026-09-10T17:03:47.2178982Z   include-hidden-files: false
portable	Run actions/upload-artifact@b7c566a772e6b6bfb58ed0dc250532a479d7789f	2026-09-10T17:03:47.2179722Z env:
portable	Run actions/upload-artifact@b7c566a772e6b6bfb58ed0dc250532a479d7789f	2026-09-10T17:03:47.2180073Z   PLAYWRIGHT_BROWSERS_PATH: /home/runner/work/di-bag/di-bag/tools/platform/.browsers
portable	Run actions/upload-artifact@b7c566a772e6b6bfb58ed0dc250532a479d7789f	2026-09-10T17:03:47.2180501Z ##[endgroup]
portable	Run actions/upload-artifact@b7c566a772e6b6bfb58ed0dc250532a479d7789f	2026-09-10T17:03:47.9331133Z With the provided path, there will be 3845 files uploaded
portable	Run actions/upload-artifact@b7c566a772e6b6bfb58ed0dc250532a479d7789f	2026-09-10T17:03:47.9336469Z Artifact name is valid!
portable	Run actions/upload-artifact@b7c566a772e6b6bfb58ed0dc250532a479d7789f	2026-09-10T17:03:47.9337037Z Root directory input is valid!
portable	Run actions/upload-artifact@b7c566a772e6b6bfb58ed0dc250532a479d7789f	2026-09-10T17:03:48.1667819Z Beginning upload of artifact content to blob storage
portable	Run actions/upload-artifact@b7c566a772e6b6bfb58ed0dc250532a479d7789f	2026-09-10T17:03:50.1226144Z Uploaded bytes 8388608
portable	Run actions/upload-artifact@b7c566a772e6b6bfb58ed0dc250532a479d7789f	2026-09-10T17:03:50.6832001Z Uploaded bytes 11067937
portable	Run actions/upload-artifact@b7c566a772e6b6bfb58ed0dc250532a479d7789f	2026-09-10T17:03:50.7010170Z Finished uploading artifact content to blob storage!
portable	Run actions/upload-artifact@b7c566a772e6b6bfb58ed0dc250532a479d7789f	2026-09-10T17:03:50.7014016Z SHA256 digest of uploaded artifact zip is 0745c7a40eaabf48617c65f6b39f93cc41678de49e6c2166776abe3c96943a7e
portable	Run actions/upload-artifact@b7c566a772e6b6bfb58ed0dc250532a479d7789f	2026-09-10T17:03:50.7015882Z Finalizing artifact upload
portable	Run actions/upload-artifact@b7c566a772e6b6bfb58ed0dc250532a479d7789f	2026-09-10T17:03:51.0289638Z Artifact platform-evidence-681270e3574ef938cec45ba413b00e16a2309087.zip successfully finalized. Artifact ID 10163775739
portable	Run actions/upload-artifact@b7c566a772e6b6bfb58ed0dc250532a479d7789f	2026-09-10T17:03:51.0291824Z Artifact platform-evidence-681270e3574ef938cec45ba413b00e16a2309087 has been successfully uploaded! Final size is 11067937 bytes. Artifact ID is 10163775739
portable	Run actions/upload-artifact@b7c566a772e6b6bfb58ed0dc250532a479d7789f	2026-09-10T17:03:51.0297379Z Artifact download URL: https://github.com/dany-fedorov/di-bag/actions/runs/34505780726/artifacts/10163775739
portable	Post Run oven-sh/setup-bun@0c5077e51419868618aeaa5fe8019c62421857d6	﻿2026-09-10T17:03:51.0634586Z Post job cleanup.
portable	Post Run actions/setup-node@249970729cb0ef3589644e2896645e5dc5ba9c38	﻿2026-09-10T17:03:51.2426184Z Post job cleanup.
portable	Post Run actions/setup-node@249970729cb0ef3589644e2896645e5dc5ba9c38	2026-09-10T17:03:51.3650081Z Cache hit occurred on the primary key node-cache-Linux-x64-npm-50f249763f04d7c000e9c8d3d8d1243617b8968d66f5ce679773d06363f39a60, not saving cache.
portable	Post Run actions/checkout@d23441a48e516b6c34aea4fa41551a30e30af803	﻿2026-09-10T17:03:51.3815858Z Post job cleanup.
portable	Post Run actions/checkout@d23441a48e516b6c34aea4fa41551a30e30af803	2026-09-10T17:03:51.4669327Z [command]/usr/bin/git version
portable	Post Run actions/checkout@d23441a48e516b6c34aea4fa41551a30e30af803	2026-09-10T17:03:51.4712668Z git version 2.55.0
portable	Post Run actions/checkout@d23441a48e516b6c34aea4fa41551a30e30af803	2026-09-10T17:03:51.4752495Z Temporarily overriding HOME='/home/runner/work/_temp/917620d5-8e7a-4e4c-85f8-c69575ed189a' before making global git config changes
portable	Post Run actions/checkout@d23441a48e516b6c34aea4fa41551a30e30af803	2026-09-10T17:03:51.4754106Z Adding repository directory to the temporary git global config as a safe directory
portable	Post Run actions/checkout@d23441a48e516b6c34aea4fa41551a30e30af803	2026-09-10T17:03:51.4758524Z [command]/usr/bin/git config --global --add safe.directory /home/runner/work/di-bag/di-bag
portable	Post Run actions/checkout@d23441a48e516b6c34aea4fa41551a30e30af803	2026-09-10T17:03:51.4788561Z Removing SSH command configuration
portable	Post Run actions/checkout@d23441a48e516b6c34aea4fa41551a30e30af803	2026-09-10T17:03:51.4795804Z [command]/usr/bin/git config --local --name-only --get-regexp core\.sshCommand
portable	Post Run actions/checkout@d23441a48e516b6c34aea4fa41551a30e30af803	2026-09-10T17:03:51.4831385Z [command]/usr/bin/git submodule foreach --recursive sh -c "git config --local --name-only --get-regexp 'core\.sshCommand' && git config --local --unset-all 'core.sshCommand' || :"
portable	Post Run actions/checkout@d23441a48e516b6c34aea4fa41551a30e30af803	2026-09-10T17:03:51.5101460Z Removing HTTP extra header
portable	Post Run actions/checkout@d23441a48e516b6c34aea4fa41551a30e30af803	2026-09-10T17:03:51.5108319Z [command]/usr/bin/git config --local --name-only --get-regexp http\.https\:\/\/github\.com\/\.extraheader
portable	Post Run actions/checkout@d23441a48e516b6c34aea4fa41551a30e30af803	2026-09-10T17:03:51.5146161Z [command]/usr/bin/git submodule foreach --recursive sh -c "git config --local --name-only --get-regexp 'http\.https\:\/\/github\.com\/\.extraheader' && git config --local --unset-all 'http.https://github.com/.extraheader' || :"
portable	Post Run actions/checkout@d23441a48e516b6c34aea4fa41551a30e30af803	2026-09-10T17:03:51.5400826Z Removing includeIf entries pointing to credentials config files
portable	Post Run actions/checkout@d23441a48e516b6c34aea4fa41551a30e30af803	2026-09-10T17:03:51.5408844Z [command]/usr/bin/git config --local --name-only --get-regexp ^includeIf\.gitdir:
portable	Post Run actions/checkout@d23441a48e516b6c34aea4fa41551a30e30af803	2026-09-10T17:03:51.5445254Z [command]/usr/bin/git submodule foreach --recursive git config --local --show-origin --name-only --get-regexp remote.origin.url
portable	Complete job	﻿2026-09-10T17:03:51.5851462Z Cleaning up orphan processes
contracts	Set up job	﻿2026-09-10T17:02:44.9375638Z Current runner version: '2.337.0'
contracts	Set up job	2026-09-10T17:02:44.9412384Z ##[group]Runner Image Provisioner
contracts	Set up job	2026-09-10T17:02:44.9413959Z Hosted Compute Agent
contracts	Set up job	2026-09-10T17:02:44.9414955Z Version: 20260828.587
contracts	Set up job	2026-09-10T17:02:44.9416046Z Commit: abac92662cab4cc7352de4f9f9d2e2419aad9c29
contracts	Set up job	2026-09-10T17:02:44.9417359Z Build Date: 2026-08-28T16:44:25Z
contracts	Set up job	2026-09-10T17:02:44.9418501Z Worker ID: {ccf577b1-4cb2-4efd-9e39-a6d94117d8f9}
contracts	Set up job	2026-09-10T17:02:44.9419782Z Azure Region: eastus2
contracts	Set up job	2026-09-10T17:02:44.9420744Z ##[endgroup]
contracts	Set up job	2026-09-10T17:02:44.9422791Z ##[group]Operating System
contracts	Set up job	2026-09-10T17:02:44.9424216Z Ubuntu
contracts	Set up job	2026-09-10T17:02:44.9425112Z 24.04.5
contracts	Set up job	2026-09-10T17:02:44.9425888Z LTS
contracts	Set up job	2026-09-10T17:02:44.9426910Z ##[endgroup]
contracts	Set up job	2026-09-10T17:02:44.9427859Z ##[group]Runner Image
contracts	Set up job	2026-09-10T17:02:44.9428925Z Image: ubuntu-24.04
contracts	Set up job	2026-09-10T17:02:44.9429869Z Version: 20260907.300.1
contracts	Set up job	2026-09-10T17:02:44.9431543Z Included Software: https://github.com/actions/runner-images/blob/ubuntu24/20260907.300/images/ubuntu/Ubuntu2404-Readme.md
contracts	Set up job	2026-09-10T17:02:44.9434777Z Image Release: https://github.com/actions/runner-images/releases/tag/ubuntu24%2F20260907.300
contracts	Set up job	2026-09-10T17:02:44.9436431Z ##[endgroup]
contracts	Set up job	2026-09-10T17:02:44.9437696Z ##[group]GITHUB_TOKEN Permissions
contracts	Set up job	2026-09-10T17:02:44.9441046Z Contents: read
contracts	Set up job	2026-09-10T17:02:44.9441986Z Metadata: read
contracts	Set up job	2026-09-10T17:02:44.9442840Z ##[endgroup]
contracts	Set up job	2026-09-10T17:02:44.9445909Z Secret source: Actions
contracts	Set up job	2026-09-10T17:02:44.9447408Z Cache mode: write
contracts	Set up job	2026-09-10T17:02:44.9449463Z Prepare workflow directory
contracts	Set up job	2026-09-10T17:02:44.9885217Z Prepare all required actions
contracts	Set up job	2026-09-10T17:02:44.9953431Z Getting action download info
contracts	Set up job	2026-09-10T17:02:45.2296233Z Download action repository 'actions/checkout@d23441a48e516b6c34aea4fa41551a30e30af803' (SHA:d23441a48e516b6c34aea4fa41551a30e30af803)
contracts	Set up job	2026-09-10T17:02:45.3776243Z Download action repository 'actions/setup-node@249970729cb0ef3589644e2896645e5dc5ba9c38' (SHA:249970729cb0ef3589644e2896645e5dc5ba9c38)
contracts	Set up job	2026-09-10T17:02:45.4981443Z Download action repository 'oven-sh/setup-bun@0c5077e51419868618aeaa5fe8019c62421857d6' (SHA:0c5077e51419868618aeaa5fe8019c62421857d6)
contracts	Set up job	2026-09-10T17:02:45.8133524Z Complete job name: contracts
contracts	Run actions/checkout@d23441a48e516b6c34aea4fa41551a30e30af803	﻿2026-09-10T17:02:45.8922016Z ##[group]Run actions/checkout@d23441a48e516b6c34aea4fa41551a30e30af803
contracts	Run actions/checkout@d23441a48e516b6c34aea4fa41551a30e30af803	2026-09-10T17:02:45.8923042Z with:
contracts	Run actions/checkout@d23441a48e516b6c34aea4fa41551a30e30af803	2026-09-10T17:02:45.8923781Z   fetch-depth: 0
contracts	Run actions/checkout@d23441a48e516b6c34aea4fa41551a30e30af803	2026-09-10T17:02:45.8924257Z   persist-credentials: false
contracts	Run actions/checkout@d23441a48e516b6c34aea4fa41551a30e30af803	2026-09-10T17:02:45.8924796Z   repository: dany-fedorov/di-bag
contracts	Run actions/checkout@d23441a48e516b6c34aea4fa41551a30e30af803	2026-09-10T17:02:45.8928985Z   token: ***
contracts	Run actions/checkout@d23441a48e516b6c34aea4fa41551a30e30af803	2026-09-10T17:02:45.8929469Z   ssh-strict: true
contracts	Run actions/checkout@d23441a48e516b6c34aea4fa41551a30e30af803	2026-09-10T17:02:45.8929912Z   ssh-user: git
contracts	Run actions/checkout@d23441a48e516b6c34aea4fa41551a30e30af803	2026-09-10T17:02:45.8930332Z   clean: true
contracts	Run actions/checkout@d23441a48e516b6c34aea4fa41551a30e30af803	2026-09-10T17:02:45.8930781Z   sparse-checkout-cone-mode: true
contracts	Run actions/checkout@d23441a48e516b6c34aea4fa41551a30e30af803	2026-09-10T17:02:45.8931305Z   fetch-tags: false
contracts	Run actions/checkout@d23441a48e516b6c34aea4fa41551a30e30af803	2026-09-10T17:02:45.8931756Z   show-progress: true
contracts	Run actions/checkout@d23441a48e516b6c34aea4fa41551a30e30af803	2026-09-10T17:02:45.8932196Z   lfs: false
contracts	Run actions/checkout@d23441a48e516b6c34aea4fa41551a30e30af803	2026-09-10T17:02:45.8932603Z   submodules: false
contracts	Run actions/checkout@d23441a48e516b6c34aea4fa41551a30e30af803	2026-09-10T17:02:45.8933047Z   set-safe-directory: true
contracts	Run actions/checkout@d23441a48e516b6c34aea4fa41551a30e30af803	2026-09-10T17:02:45.8933684Z   allow-unsafe-pr-checkout: false
contracts	Run actions/checkout@d23441a48e516b6c34aea4fa41551a30e30af803	2026-09-10T17:02:45.8934465Z ##[endgroup]
contracts	Run actions/checkout@d23441a48e516b6c34aea4fa41551a30e30af803	2026-09-10T17:02:46.0123685Z Syncing repository: dany-fedorov/di-bag
contracts	Run actions/checkout@d23441a48e516b6c34aea4fa41551a30e30af803	2026-09-10T17:02:46.0125991Z ##[group]Getting Git version info
contracts	Run actions/checkout@d23441a48e516b6c34aea4fa41551a30e30af803	2026-09-10T17:02:46.0126843Z Working directory is '/home/runner/work/di-bag/di-bag'
contracts	Run actions/checkout@d23441a48e516b6c34aea4fa41551a30e30af803	2026-09-10T17:02:46.0127855Z [command]/usr/bin/git version
contracts	Run actions/checkout@d23441a48e516b6c34aea4fa41551a30e30af803	2026-09-10T17:02:46.0204697Z git version 2.55.0
contracts	Run actions/checkout@d23441a48e516b6c34aea4fa41551a30e30af803	2026-09-10T17:02:46.0233696Z ##[endgroup]
contracts	Run actions/checkout@d23441a48e516b6c34aea4fa41551a30e30af803	2026-09-10T17:02:46.0252892Z Temporarily overriding HOME='/home/runner/work/_temp/2f03b66b-747e-4c57-8ddf-76b39f011797' before making global git config changes
contracts	Run actions/checkout@d23441a48e516b6c34aea4fa41551a30e30af803	2026-09-10T17:02:46.0255570Z Adding repository directory to the temporary git global config as a safe directory
contracts	Run actions/checkout@d23441a48e516b6c34aea4fa41551a30e30af803	2026-09-10T17:02:46.0260039Z [command]/usr/bin/git config --global --add safe.directory /home/runner/work/di-bag/di-bag
contracts	Run actions/checkout@d23441a48e516b6c34aea4fa41551a30e30af803	2026-09-10T17:02:46.0326428Z Deleting the contents of '/home/runner/work/di-bag/di-bag'
contracts	Run actions/checkout@d23441a48e516b6c34aea4fa41551a30e30af803	2026-09-10T17:02:46.0331982Z ##[group]Determining repository object format
contracts	Run actions/checkout@d23441a48e516b6c34aea4fa41551a30e30af803	2026-09-10T17:02:46.0335122Z ##[endgroup]
contracts	Run actions/checkout@d23441a48e516b6c34aea4fa41551a30e30af803	2026-09-10T17:02:46.0336345Z ##[group]Initializing the repository
contracts	Run actions/checkout@d23441a48e516b6c34aea4fa41551a30e30af803	2026-09-10T17:02:46.0340981Z [command]/usr/bin/git init /home/runner/work/di-bag/di-bag
contracts	Run actions/checkout@d23441a48e516b6c34aea4fa41551a30e30af803	2026-09-10T17:02:46.0461749Z hint: Using 'master' as the name for the initial branch. This default branch name
contracts	Run actions/checkout@d23441a48e516b6c34aea4fa41551a30e30af803	2026-09-10T17:02:46.0463757Z hint: will change to "main" in Git 3.0. To configure the initial branch name
contracts	Run actions/checkout@d23441a48e516b6c34aea4fa41551a30e30af803	2026-09-10T17:02:46.0465386Z hint: to use in all of your new repositories, which will suppress this warning,
contracts	Run actions/checkout@d23441a48e516b6c34aea4fa41551a30e30af803	2026-09-10T17:02:46.0466659Z hint: call:
contracts	Run actions/checkout@d23441a48e516b6c34aea4fa41551a30e30af803	2026-09-10T17:02:46.0467403Z hint:
contracts	Run actions/checkout@d23441a48e516b6c34aea4fa41551a30e30af803	2026-09-10T17:02:46.0468322Z hint: 	git config --global init.defaultBranch <name>
contracts	Run actions/checkout@d23441a48e516b6c34aea4fa41551a30e30af803	2026-09-10T17:02:46.0469428Z hint:
contracts	Run actions/checkout@d23441a48e516b6c34aea4fa41551a30e30af803	2026-09-10T17:02:46.0470452Z hint: Names commonly chosen instead of 'master' are 'main', 'trunk' and
contracts	Run actions/checkout@d23441a48e516b6c34aea4fa41551a30e30af803	2026-09-10T17:02:46.0472087Z hint: 'development'. The just-created branch can be renamed via this command:
contracts	Run actions/checkout@d23441a48e516b6c34aea4fa41551a30e30af803	2026-09-10T17:02:46.0473704Z hint:
contracts	Run actions/checkout@d23441a48e516b6c34aea4fa41551a30e30af803	2026-09-10T17:02:46.0474505Z hint: 	git branch -m <name>
contracts	Run actions/checkout@d23441a48e516b6c34aea4fa41551a30e30af803	2026-09-10T17:02:46.0475376Z hint:
contracts	Run actions/checkout@d23441a48e516b6c34aea4fa41551a30e30af803	2026-09-10T17:02:46.0476461Z hint: Disable this message with "git config set advice.defaultBranchName false"
contracts	Run actions/checkout@d23441a48e516b6c34aea4fa41551a30e30af803	2026-09-10T17:02:46.0478223Z Initialized empty Git repository in /home/runner/work/di-bag/di-bag/.git/
contracts	Run actions/checkout@d23441a48e516b6c34aea4fa41551a30e30af803	2026-09-10T17:02:46.0484378Z [command]/usr/bin/git remote add origin https://github.com/dany-fedorov/di-bag
contracts	Run actions/checkout@d23441a48e516b6c34aea4fa41551a30e30af803	2026-09-10T17:02:46.0545517Z ##[endgroup]
contracts	Run actions/checkout@d23441a48e516b6c34aea4fa41551a30e30af803	2026-09-10T17:02:46.0546834Z ##[group]Disabling automatic garbage collection
contracts	Run actions/checkout@d23441a48e516b6c34aea4fa41551a30e30af803	2026-09-10T17:02:46.0554358Z [command]/usr/bin/git config --local gc.auto 0
contracts	Run actions/checkout@d23441a48e516b6c34aea4fa41551a30e30af803	2026-09-10T17:02:46.0593042Z ##[endgroup]
contracts	Run actions/checkout@d23441a48e516b6c34aea4fa41551a30e30af803	2026-09-10T17:02:46.0594668Z ##[group]Setting up auth
contracts	Run actions/checkout@d23441a48e516b6c34aea4fa41551a30e30af803	2026-09-10T17:02:46.0595706Z Removing SSH command configuration
contracts	Run actions/checkout@d23441a48e516b6c34aea4fa41551a30e30af803	2026-09-10T17:02:46.0601515Z [command]/usr/bin/git config --local --name-only --get-regexp core\.sshCommand
contracts	Run actions/checkout@d23441a48e516b6c34aea4fa41551a30e30af803	2026-09-10T17:02:46.0639689Z [command]/usr/bin/git submodule foreach --recursive sh -c "git config --local --name-only --get-regexp 'core\.sshCommand' && git config --local --unset-all 'core.sshCommand' || :"
contracts	Run actions/checkout@d23441a48e516b6c34aea4fa41551a30e30af803	2026-09-10T17:02:46.1036114Z Removing HTTP extra header
contracts	Run actions/checkout@d23441a48e516b6c34aea4fa41551a30e30af803	2026-09-10T17:02:46.1044172Z [command]/usr/bin/git config --local --name-only --get-regexp http\.https\:\/\/github\.com\/\.extraheader
contracts	Run actions/checkout@d23441a48e516b6c34aea4fa41551a30e30af803	2026-09-10T17:02:46.1089530Z [command]/usr/bin/git submodule foreach --recursive sh -c "git config --local --name-only --get-regexp 'http\.https\:\/\/github\.com\/\.extraheader' && git config --local --unset-all 'http.https://github.com/.extraheader' || :"
contracts	Run actions/checkout@d23441a48e516b6c34aea4fa41551a30e30af803	2026-09-10T17:02:46.1328289Z Removing includeIf entries pointing to credentials config files
contracts	Run actions/checkout@d23441a48e516b6c34aea4fa41551a30e30af803	2026-09-10T17:02:46.1335003Z [command]/usr/bin/git config --local --name-only --get-regexp ^includeIf\.gitdir:
contracts	Run actions/checkout@d23441a48e516b6c34aea4fa41551a30e30af803	2026-09-10T17:02:46.1374213Z [command]/usr/bin/git submodule foreach --recursive git config --local --show-origin --name-only --get-regexp remote.origin.url
contracts	Run actions/checkout@d23441a48e516b6c34aea4fa41551a30e30af803	2026-09-10T17:02:46.1618269Z [command]/usr/bin/git config --file /home/runner/work/_temp/git-credentials-04396fa6-6f9e-4be1-80c2-3bc74b9d0a5d.config http.https://github.com/.extraheader AUTHORIZATION: basic ***
contracts	Run actions/checkout@d23441a48e516b6c34aea4fa41551a30e30af803	2026-09-10T17:02:46.1661951Z [command]/usr/bin/git config --local includeIf.gitdir:/home/runner/work/di-bag/di-bag/.git.path /home/runner/work/_temp/git-credentials-04396fa6-6f9e-4be1-80c2-3bc74b9d0a5d.config
contracts	Run actions/checkout@d23441a48e516b6c34aea4fa41551a30e30af803	2026-09-10T17:02:46.1697340Z [command]/usr/bin/git config --local includeIf.gitdir:/home/runner/work/di-bag/di-bag/.git/worktrees/*.path /home/runner/work/_temp/git-credentials-04396fa6-6f9e-4be1-80c2-3bc74b9d0a5d.config
contracts	Run actions/checkout@d23441a48e516b6c34aea4fa41551a30e30af803	2026-09-10T17:02:46.1741976Z [command]/usr/bin/git config --local includeIf.gitdir:/github/workspace/.git.path /github/runner_temp/git-credentials-04396fa6-6f9e-4be1-80c2-3bc74b9d0a5d.config
contracts	Run actions/checkout@d23441a48e516b6c34aea4fa41551a30e30af803	2026-09-10T17:02:46.1781182Z [command]/usr/bin/git config --local includeIf.gitdir:/github/workspace/.git/worktrees/*.path /github/runner_temp/git-credentials-04396fa6-6f9e-4be1-80c2-3bc74b9d0a5d.config
contracts	Run actions/checkout@d23441a48e516b6c34aea4fa41551a30e30af803	2026-09-10T17:02:46.1818851Z ##[endgroup]
contracts	Run actions/checkout@d23441a48e516b6c34aea4fa41551a30e30af803	2026-09-10T17:02:46.1826995Z ##[group]Fetching the repository
contracts	Run actions/checkout@d23441a48e516b6c34aea4fa41551a30e30af803	2026-09-10T17:02:46.1828249Z [command]/usr/bin/git -c protocol.version=2 fetch --no-tags --prune --no-recurse-submodules origin +refs/heads/*:refs/remotes/origin/* +refs/tags/*:refs/tags/*
contracts	Run actions/checkout@d23441a48e516b6c34aea4fa41551a30e30af803	2026-09-10T17:02:47.1999396Z From https://github.com/dany-fedorov/di-bag
contracts	Run actions/checkout@d23441a48e516b6c34aea4fa41551a30e30af803	2026-09-10T17:02:47.2025713Z  * [new branch]      docs/classic-expression-depth-evidence -> origin/docs/classic-expression-depth-evidence
contracts	Run actions/checkout@d23441a48e516b6c34aea4fa41551a30e30af803	2026-09-10T17:02:47.2027703Z  * [new branch]      feat/v0.1               -> origin/feat/v0.1
contracts	Run actions/checkout@d23441a48e516b6c34aea4fa41551a30e30af803	2026-09-10T17:02:47.2029308Z  * [new branch]      fix/acquisition-performance -> origin/fix/acquisition-performance
contracts	Run actions/checkout@d23441a48e516b6c34aea4fa41551a30e30af803	2026-09-10T17:02:47.2030978Z  * [new branch]      fix/builder-key-membership -> origin/fix/builder-key-membership
contracts	Run actions/checkout@d23441a48e516b6c34aea4fa41551a30e30af803	2026-09-10T17:02:47.2032690Z  * [new branch]      fix/completion-token-projection -> origin/fix/completion-token-projection
contracts	Run actions/checkout@d23441a48e516b6c34aea4fa41551a30e30af803	2026-09-10T17:02:47.2034923Z  * [new branch]      fix/incremental-dependency-checks -> origin/fix/incremental-dependency-checks
contracts	Run actions/checkout@d23441a48e516b6c34aea4fa41551a30e30af803	2026-09-10T17:02:47.2037388Z  * [new branch]      fix/kernel-exit-regression-tests -> origin/fix/kernel-exit-regression-tests
contracts	Run actions/checkout@d23441a48e516b6c34aea4fa41551a30e30af803	2026-09-10T17:02:47.2039786Z  * [new branch]      fix/persistent-graph-performance -> origin/fix/persistent-graph-performance
contracts	Run actions/checkout@d23441a48e516b6c34aea4fa41551a30e30af803	2026-09-10T17:02:47.2042428Z  * [new branch]      fix/replacement-constraint-projection -> origin/fix/replacement-constraint-projection
contracts	Run actions/checkout@d23441a48e516b6c34aea4fa41551a30e30af803	2026-09-10T17:02:47.2045223Z  * [new branch]      fix/replacement-output-inference -> origin/fix/replacement-output-inference
contracts	Run actions/checkout@d23441a48e516b6c34aea4fa41551a30e30af803	2026-09-10T17:02:47.2047321Z  * [new branch]      fix/runtime-performance -> origin/fix/runtime-performance
contracts	Run actions/checkout@d23441a48e516b6c34aea4fa41551a30e30af803	2026-09-10T17:02:47.2049054Z  * [new branch]      fix/synthetic-factory-output -> origin/fix/synthetic-factory-output
contracts	Run actions/checkout@d23441a48e516b6c34aea4fa41551a30e30af803	2026-09-10T17:02:47.2050177Z  * [new branch]      main                    -> origin/main
contracts	Run actions/checkout@d23441a48e516b6c34aea4fa41551a30e30af803	2026-09-10T17:02:47.2051532Z  * [new branch]      refactor/api-renaming   -> origin/refactor/api-renaming
contracts	Run actions/checkout@d23441a48e516b6c34aea4fa41551a30e30af803	2026-09-10T17:02:47.2053786Z  * [new branch]      refactor/native-provider-metadata -> origin/refactor/native-provider-metadata
contracts	Run actions/checkout@d23441a48e516b6c34aea4fa41551a30e30af803	2026-09-10T17:02:47.2055347Z  * [new branch]      refactor/remove-box-adapters -> origin/refactor/remove-box-adapters
contracts	Run actions/checkout@d23441a48e516b6c34aea4fa41551a30e30af803	2026-09-10T17:02:47.2057594Z [command]/usr/bin/git branch --list --remote origin/main
contracts	Run actions/checkout@d23441a48e516b6c34aea4fa41551a30e30af803	2026-09-10T17:02:47.2058570Z   origin/main
contracts	Run actions/checkout@d23441a48e516b6c34aea4fa41551a30e30af803	2026-09-10T17:02:47.2072178Z [command]/usr/bin/git rev-parse refs/remotes/origin/main
contracts	Run actions/checkout@d23441a48e516b6c34aea4fa41551a30e30af803	2026-09-10T17:02:47.2090925Z 681270e3574ef938cec45ba413b00e16a2309087
contracts	Run actions/checkout@d23441a48e516b6c34aea4fa41551a30e30af803	2026-09-10T17:02:47.2103542Z ##[endgroup]
contracts	Run actions/checkout@d23441a48e516b6c34aea4fa41551a30e30af803	2026-09-10T17:02:47.2104906Z ##[group]Determining the checkout info
contracts	Run actions/checkout@d23441a48e516b6c34aea4fa41551a30e30af803	2026-09-10T17:02:47.2106440Z ##[endgroup]
contracts	Run actions/checkout@d23441a48e516b6c34aea4fa41551a30e30af803	2026-09-10T17:02:47.2108976Z [command]/usr/bin/git sparse-checkout disable
contracts	Run actions/checkout@d23441a48e516b6c34aea4fa41551a30e30af803	2026-09-10T17:02:47.2174451Z [command]/usr/bin/git config --local --unset-all extensions.worktreeConfig
contracts	Run actions/checkout@d23441a48e516b6c34aea4fa41551a30e30af803	2026-09-10T17:02:47.2199982Z ##[group]Checking out the ref
contracts	Run actions/checkout@d23441a48e516b6c34aea4fa41551a30e30af803	2026-09-10T17:02:47.2204511Z [command]/usr/bin/git checkout --progress --force -B main refs/remotes/origin/main
contracts	Run actions/checkout@d23441a48e516b6c34aea4fa41551a30e30af803	2026-09-10T17:02:47.5028529Z Switched to a new branch 'main'
contracts	Run actions/checkout@d23441a48e516b6c34aea4fa41551a30e30af803	2026-09-10T17:02:47.5031862Z branch 'main' set up to track 'origin/main'.
contracts	Run actions/checkout@d23441a48e516b6c34aea4fa41551a30e30af803	2026-09-10T17:02:47.5146823Z ##[endgroup]
contracts	Run actions/checkout@d23441a48e516b6c34aea4fa41551a30e30af803	2026-09-10T17:02:47.5149562Z [command]/usr/bin/git log -1 --format=%H
contracts	Run actions/checkout@d23441a48e516b6c34aea4fa41551a30e30af803	2026-09-10T17:02:47.5152118Z 681270e3574ef938cec45ba413b00e16a2309087
contracts	Run actions/checkout@d23441a48e516b6c34aea4fa41551a30e30af803	2026-09-10T17:02:47.5166786Z ##[group]Removing auth
contracts	Run actions/checkout@d23441a48e516b6c34aea4fa41551a30e30af803	2026-09-10T17:02:47.5167852Z Removing SSH command configuration
contracts	Run actions/checkout@d23441a48e516b6c34aea4fa41551a30e30af803	2026-09-10T17:02:47.5169052Z [command]/usr/bin/git config --local --name-only --get-regexp core\.sshCommand
contracts	Run actions/checkout@d23441a48e516b6c34aea4fa41551a30e30af803	2026-09-10T17:02:47.5206879Z [command]/usr/bin/git submodule foreach --recursive sh -c "git config --local --name-only --get-regexp 'core\.sshCommand' && git config --local --unset-all 'core.sshCommand' || :"
contracts	Run actions/checkout@d23441a48e516b6c34aea4fa41551a30e30af803	2026-09-10T17:02:47.5457362Z Removing HTTP extra header
contracts	Run actions/checkout@d23441a48e516b6c34aea4fa41551a30e30af803	2026-09-10T17:02:47.5461432Z [command]/usr/bin/git config --local --name-only --get-regexp http\.https\:\/\/github\.com\/\.extraheader
contracts	Run actions/checkout@d23441a48e516b6c34aea4fa41551a30e30af803	2026-09-10T17:02:47.5499964Z [command]/usr/bin/git submodule foreach --recursive sh -c "git config --local --name-only --get-regexp 'http\.https\:\/\/github\.com\/\.extraheader' && git config --local --unset-all 'http.https://github.com/.extraheader' || :"
contracts	Run actions/checkout@d23441a48e516b6c34aea4fa41551a30e30af803	2026-09-10T17:02:47.5746760Z Removing includeIf entries pointing to credentials config files
contracts	Run actions/checkout@d23441a48e516b6c34aea4fa41551a30e30af803	2026-09-10T17:02:47.5749276Z [command]/usr/bin/git config --local --name-only --get-regexp ^includeIf\.gitdir:
contracts	Run actions/checkout@d23441a48e516b6c34aea4fa41551a30e30af803	2026-09-10T17:02:47.5778790Z includeif.gitdir:/home/runner/work/di-bag/di-bag/.git.path
contracts	Run actions/checkout@d23441a48e516b6c34aea4fa41551a30e30af803	2026-09-10T17:02:47.5781425Z includeif.gitdir:/home/runner/work/di-bag/di-bag/.git/worktrees/*.path
contracts	Run actions/checkout@d23441a48e516b6c34aea4fa41551a30e30af803	2026-09-10T17:02:47.5784103Z includeif.gitdir:/github/workspace/.git.path
contracts	Run actions/checkout@d23441a48e516b6c34aea4fa41551a30e30af803	2026-09-10T17:02:47.5786824Z includeif.gitdir:/github/workspace/.git/worktrees/*.path
contracts	Run actions/checkout@d23441a48e516b6c34aea4fa41551a30e30af803	2026-09-10T17:02:47.5796122Z [command]/usr/bin/git config --local --get-all includeif.gitdir:/home/runner/work/di-bag/di-bag/.git.path
contracts	Run actions/checkout@d23441a48e516b6c34aea4fa41551a30e30af803	2026-09-10T17:02:47.5824379Z /home/runner/work/_temp/git-credentials-04396fa6-6f9e-4be1-80c2-3bc74b9d0a5d.config
contracts	Run actions/checkout@d23441a48e516b6c34aea4fa41551a30e30af803	2026-09-10T17:02:47.5845236Z [command]/usr/bin/git config --local --unset includeif.gitdir:/home/runner/work/di-bag/di-bag/.git.path /home/runner/work/_temp/git-credentials-04396fa6-6f9e-4be1-80c2-3bc74b9d0a5d.config
contracts	Run actions/checkout@d23441a48e516b6c34aea4fa41551a30e30af803	2026-09-10T17:02:47.5875314Z [command]/usr/bin/git config --local --get-all includeif.gitdir:/home/runner/work/di-bag/di-bag/.git/worktrees/*.path
contracts	Run actions/checkout@d23441a48e516b6c34aea4fa41551a30e30af803	2026-09-10T17:02:47.5902592Z /home/runner/work/_temp/git-credentials-04396fa6-6f9e-4be1-80c2-3bc74b9d0a5d.config
contracts	Run actions/checkout@d23441a48e516b6c34aea4fa41551a30e30af803	2026-09-10T17:02:47.5914089Z [command]/usr/bin/git config --local --unset includeif.gitdir:/home/runner/work/di-bag/di-bag/.git/worktrees/*.path /home/runner/work/_temp/git-credentials-04396fa6-6f9e-4be1-80c2-3bc74b9d0a5d.config
contracts	Run actions/checkout@d23441a48e516b6c34aea4fa41551a30e30af803	2026-09-10T17:02:47.5954598Z [command]/usr/bin/git config --local --get-all includeif.gitdir:/github/workspace/.git.path
contracts	Run actions/checkout@d23441a48e516b6c34aea4fa41551a30e30af803	2026-09-10T17:02:47.5985332Z /github/runner_temp/git-credentials-04396fa6-6f9e-4be1-80c2-3bc74b9d0a5d.config
contracts	Run actions/checkout@d23441a48e516b6c34aea4fa41551a30e30af803	2026-09-10T17:02:47.5996174Z [command]/usr/bin/git config --local --unset includeif.gitdir:/github/workspace/.git.path /github/runner_temp/git-credentials-04396fa6-6f9e-4be1-80c2-3bc74b9d0a5d.config
contracts	Run actions/checkout@d23441a48e516b6c34aea4fa41551a30e30af803	2026-09-10T17:02:47.6042863Z [command]/usr/bin/git config --local --get-all includeif.gitdir:/github/workspace/.git/worktrees/*.path
contracts	Run actions/checkout@d23441a48e516b6c34aea4fa41551a30e30af803	2026-09-10T17:02:47.6073489Z /github/runner_temp/git-credentials-04396fa6-6f9e-4be1-80c2-3bc74b9d0a5d.config
contracts	Run actions/checkout@d23441a48e516b6c34aea4fa41551a30e30af803	2026-09-10T17:02:47.6081469Z [command]/usr/bin/git config --local --unset includeif.gitdir:/github/workspace/.git/worktrees/*.path /github/runner_temp/git-credentials-04396fa6-6f9e-4be1-80c2-3bc74b9d0a5d.config
contracts	Run actions/checkout@d23441a48e516b6c34aea4fa41551a30e30af803	2026-09-10T17:02:47.6119642Z [command]/usr/bin/git submodule foreach --recursive git config --local --show-origin --name-only --get-regexp remote.origin.url
contracts	Run actions/checkout@d23441a48e516b6c34aea4fa41551a30e30af803	2026-09-10T17:02:47.6386354Z Removing credentials config '/home/runner/work/_temp/git-credentials-04396fa6-6f9e-4be1-80c2-3bc74b9d0a5d.config'
contracts	Run actions/checkout@d23441a48e516b6c34aea4fa41551a30e30af803	2026-09-10T17:02:47.6394110Z ##[endgroup]
contracts	Run actions/setup-node@249970729cb0ef3589644e2896645e5dc5ba9c38	﻿2026-09-10T17:02:47.6754612Z ##[group]Run actions/setup-node@249970729cb0ef3589644e2896645e5dc5ba9c38
contracts	Run actions/setup-node@249970729cb0ef3589644e2896645e5dc5ba9c38	2026-09-10T17:02:47.6756250Z with:
contracts	Run actions/setup-node@249970729cb0ef3589644e2896645e5dc5ba9c38	2026-09-10T17:02:47.6757147Z   node-version: 24.20.0
contracts	Run actions/setup-node@249970729cb0ef3589644e2896645e5dc5ba9c38	2026-09-10T17:02:47.6758143Z   cache: npm
contracts	Run actions/setup-node@249970729cb0ef3589644e2896645e5dc5ba9c38	2026-09-10T17:02:47.6759059Z   check-latest: false
contracts	Run actions/setup-node@249970729cb0ef3589644e2896645e5dc5ba9c38	2026-09-10T17:02:47.6769327Z   token: ***
contracts	Run actions/setup-node@249970729cb0ef3589644e2896645e5dc5ba9c38	2026-09-10T17:02:47.6770313Z   package-manager-cache: true
contracts	Run actions/setup-node@249970729cb0ef3589644e2896645e5dc5ba9c38	2026-09-10T17:02:47.6771416Z ##[endgroup]
contracts	Run actions/setup-node@249970729cb0ef3589644e2896645e5dc5ba9c38	2026-09-10T17:02:47.8256417Z Found in cache @ /opt/hostedtoolcache/node/24.20.0/x64
contracts	Run actions/setup-node@249970729cb0ef3589644e2896645e5dc5ba9c38	2026-09-10T17:02:47.8258648Z ##[group]Environment details
contracts	Run actions/setup-node@249970729cb0ef3589644e2896645e5dc5ba9c38	2026-09-10T17:02:50.0919948Z node: v24.20.0
contracts	Run actions/setup-node@249970729cb0ef3589644e2896645e5dc5ba9c38	2026-09-10T17:02:50.0920425Z npm: 11.19.0
contracts	Run actions/setup-node@249970729cb0ef3589644e2896645e5dc5ba9c38	2026-09-10T17:02:50.0920702Z yarn: 1.22.22
contracts	Run actions/setup-node@249970729cb0ef3589644e2896645e5dc5ba9c38	2026-09-10T17:02:50.0922735Z ##[endgroup]
contracts	Run actions/setup-node@249970729cb0ef3589644e2896645e5dc5ba9c38	2026-09-10T17:02:50.0942008Z [command]/opt/hostedtoolcache/node/24.20.0/x64/bin/npm config get cache
contracts	Run actions/setup-node@249970729cb0ef3589644e2896645e5dc5ba9c38	2026-09-10T17:02:50.3442177Z /home/runner/.npm
contracts	Run actions/setup-node@249970729cb0ef3589644e2896645e5dc5ba9c38	2026-09-10T17:02:50.4674531Z Cache hit for: node-cache-Linux-x64-npm-d1ff0830c881faca23170b3d7b3f4f65532aa7ad6ebcc7b1a0db2283afa5b9ad
contracts	Run actions/setup-node@249970729cb0ef3589644e2896645e5dc5ba9c38	2026-09-10T17:02:50.6930965Z Received 19863849 of 19863849 (100.0%), 107.6 MBs/sec
contracts	Run actions/setup-node@249970729cb0ef3589644e2896645e5dc5ba9c38	2026-09-10T17:02:50.6931874Z Cache Size: ~19 MB (19863849 B)
contracts	Run actions/setup-node@249970729cb0ef3589644e2896645e5dc5ba9c38	2026-09-10T17:02:50.7047282Z [command]/usr/bin/tar -xf /home/runner/work/_temp/c27e050c-ea11-4893-bf89-efae3a6f3e49/cache.tzst -P -C /home/runner/work/di-bag/di-bag --use-compress-program unzstd
contracts	Run actions/setup-node@249970729cb0ef3589644e2896645e5dc5ba9c38	2026-09-10T17:02:50.7921525Z Cache restored successfully
contracts	Run actions/setup-node@249970729cb0ef3589644e2896645e5dc5ba9c38	2026-09-10T17:02:50.7936054Z Cache restored from key: node-cache-Linux-x64-npm-d1ff0830c881faca23170b3d7b3f4f65532aa7ad6ebcc7b1a0db2283afa5b9ad
contracts	Run oven-sh/setup-bun@0c5077e51419868618aeaa5fe8019c62421857d6	﻿2026-09-10T17:02:50.8132553Z ##[group]Run oven-sh/setup-bun@0c5077e51419868618aeaa5fe8019c62421857d6
contracts	Run oven-sh/setup-bun@0c5077e51419868618aeaa5fe8019c62421857d6	2026-09-10T17:02:50.8132965Z with:
contracts	Run oven-sh/setup-bun@0c5077e51419868618aeaa5fe8019c62421857d6	2026-09-10T17:02:50.8133470Z   bun-version: 1.4.0
contracts	Run oven-sh/setup-bun@0c5077e51419868618aeaa5fe8019c62421857d6	2026-09-10T17:02:50.8133712Z   no-cache: false
contracts	Run oven-sh/setup-bun@0c5077e51419868618aeaa5fe8019c62421857d6	2026-09-10T17:02:50.8136379Z   token: ***
contracts	Run oven-sh/setup-bun@0c5077e51419868618aeaa5fe8019c62421857d6	2026-09-10T17:02:50.8136607Z ##[endgroup]
contracts	Run oven-sh/setup-bun@0c5077e51419868618aeaa5fe8019c62421857d6	2026-09-10T17:02:51.0699812Z Cache hit for: bun-tw6RmwqZSA0Bnj0yIUzvSupv0Nk=
contracts	Run oven-sh/setup-bun@0c5077e51419868618aeaa5fe8019c62421857d6	2026-09-10T17:02:51.5097471Z Received 35658636 of 35658636 (100.0%), 96.1 MBs/sec
contracts	Run oven-sh/setup-bun@0c5077e51419868618aeaa5fe8019c62421857d6	2026-09-10T17:02:51.5098294Z Cache Size: ~34 MB (35658636 B)
contracts	Run oven-sh/setup-bun@0c5077e51419868618aeaa5fe8019c62421857d6	2026-09-10T17:02:51.5131113Z [command]/usr/bin/tar -xf /home/runner/work/_temp/e9f67585-e154-4283-8a55-12bef6b7fe8d/cache.tzst -P -C /home/runner/work/di-bag/di-bag --use-compress-program unzstd
contracts	Run oven-sh/setup-bun@0c5077e51419868618aeaa5fe8019c62421857d6	2026-09-10T17:02:51.6585013Z Cache restored successfully
contracts	Run oven-sh/setup-bun@0c5077e51419868618aeaa5fe8019c62421857d6	2026-09-10T17:02:51.6617335Z [command]/home/runner/.bun/bin/bun --revision
contracts	Run oven-sh/setup-bun@0c5077e51419868618aeaa5fe8019c62421857d6	2026-09-10T17:02:51.6677199Z 1.4.0+34cbb9a40
contracts	Run oven-sh/setup-bun@0c5077e51419868618aeaa5fe8019c62421857d6	2026-09-10T17:02:51.6682903Z Using a cached version of Bun: 1.4.0+34cbb9a40
contracts	Run npm install --global npm@11.19.0	﻿2026-09-10T17:02:51.6864895Z ##[group]Run npm install --global npm@11.19.0
contracts	Run npm install --global npm@11.19.0	2026-09-10T17:02:51.6865535Z ^[[36;1mnpm install --global npm@11.19.0^[[0m
contracts	Run npm install --global npm@11.19.0	2026-09-10T17:02:51.6973900Z shell: /usr/bin/bash -e {0}
contracts	Run npm install --global npm@11.19.0	2026-09-10T17:02:51.6974250Z ##[endgroup]
contracts	Run npm install --global npm@11.19.0	2026-09-10T17:02:54.3747040Z 
contracts	Run npm install --global npm@11.19.0	2026-09-10T17:02:54.3748059Z changed 10 packages in 3s
contracts	Run npm install --global npm@11.19.0	2026-09-10T17:02:54.3748380Z 
contracts	Run npm install --global npm@11.19.0	2026-09-10T17:02:54.3748657Z 15 packages are looking for funding
contracts	Run npm install --global npm@11.19.0	2026-09-10T17:02:54.3754673Z   run `npm fund` for details
contracts	Run npm ci --no-audit --no-fund	﻿2026-09-10T17:02:54.4292637Z ##[group]Run npm ci --no-audit --no-fund
contracts	Run npm ci --no-audit --no-fund	2026-09-10T17:02:54.4293050Z ^[[36;1mnpm ci --no-audit --no-fund^[[0m
contracts	Run npm ci --no-audit --no-fund	2026-09-10T17:02:54.4335708Z shell: /usr/bin/bash -e {0}
contracts	Run npm ci --no-audit --no-fund	2026-09-10T17:02:54.4335987Z ##[endgroup]
contracts	Run npm ci --no-audit --no-fund	2026-09-10T17:02:55.2468960Z 
contracts	Run npm ci --no-audit --no-fund	2026-09-10T17:02:55.2469908Z added 7 packages in 752ms
contracts	Run npm run platform:pin	﻿2026-09-10T17:02:55.2674654Z ##[group]Run npm run platform:pin
contracts	Run npm run platform:pin	2026-09-10T17:02:55.2675216Z ^[[36;1mnpm run platform:pin^[[0m
contracts	Run npm run platform:pin	2026-09-10T17:02:55.2716658Z shell: /usr/bin/bash -e {0}
contracts	Run npm run platform:pin	2026-09-10T17:02:55.2716978Z ##[endgroup]
contracts	Run npm run platform:pin	2026-09-10T17:02:55.3851586Z 
contracts	Run npm run platform:pin	2026-09-10T17:02:55.3852724Z > di-bag@0.1.0 platform:pin
contracts	Run npm run platform:pin	2026-09-10T17:02:55.3856185Z > node --disable-warning=MODULE_TYPELESS_PACKAGE_JSON scripts/pin-platform-tools.ts
contracts	Run npm run platform:pin	2026-09-10T17:02:55.3857196Z 
contracts	Run npm run platform:pin	2026-09-10T17:02:56.6582078Z node: 24.20.0
contracts	Run npm run platform:pin	2026-09-10T17:02:56.6585103Z npm: 11.19.0
contracts	Run npm run platform:pin	2026-09-10T17:02:56.6585389Z classic6: 6.0.3
contracts	Run npm run platform:pin	2026-09-10T17:02:56.6585649Z bun: 1.4.0
contracts	Run npm run platform:pin	2026-09-10T17:02:56.6585909Z deno: not-provisioned
contracts	Run npm run platform:pin	2026-09-10T17:02:56.6586208Z esbuild: not-provisioned
contracts	Run npm run platform:pin	2026-09-10T17:02:56.6586511Z playwright: not-provisioned
contracts	Run npm run platform:pin	2026-09-10T17:02:56.6586805Z chromium: not-provisioned
contracts	Run npm run check	﻿2026-09-10T17:02:56.6799654Z ##[group]Run npm run check
contracts	Run npm run check	2026-09-10T17:02:56.6800000Z ^[[36;1mnpm run check^[[0m
contracts	Run npm run check	2026-09-10T17:02:56.6842188Z shell: /usr/bin/bash -e {0}
contracts	Run npm run check	2026-09-10T17:02:56.6842494Z ##[endgroup]
contracts	Run npm run check	2026-09-10T17:02:56.7860126Z 
contracts	Run npm run check	2026-09-10T17:02:56.7860816Z > di-bag@0.1.0 check
contracts	Run npm run check	2026-09-10T17:02:56.7861532Z > npm run typecheck && npm test && npm run build
contracts	Run npm run check	2026-09-10T17:02:56.7861964Z 
contracts	Run npm run check	2026-09-10T17:02:56.8835047Z 
contracts	Run npm run check	2026-09-10T17:02:56.8835792Z > di-bag@0.1.0 typecheck
contracts	Run npm run check	2026-09-10T17:02:56.8836371Z > tsc6 -p tsconfig.json
contracts	Run npm run check	2026-09-10T17:02:56.8836636Z 
contracts	Run npm run check	2026-09-10T17:03:06.7334239Z 
contracts	Run npm run check	2026-09-10T17:03:06.7334977Z > di-bag@0.1.0 test
contracts	Run npm run check	2026-09-10T17:03:06.7335429Z > bun test tests
contracts	Run npm run check	2026-09-10T17:03:06.7335642Z 
contracts	Run npm run check	2026-09-10T17:03:06.7412217Z bun test v1.4.0 (34cbb9a40)
contracts	Run npm run check	2026-09-10T17:03:06.7579362Z 
contracts	Run npm run check	2026-09-10T17:03:06.7580342Z ##[group]tests/native-replacement-diagnostics.test.ts:
contracts	Run npm run check	2026-09-10T17:03:08.6580456Z (pass) native replacement diagnostics retain every useful primary and supplemental message [1888.25ms]
contracts	Run npm run check	2026-09-10T17:03:08.6584073Z (pass) strict replacement audit requires useful primary text at its own region [0.41ms]
contracts	Run npm run check	2026-09-10T17:03:08.6587675Z (pass) strict replacement audit requires exact supplemental code and text [0.39ms]
contracts	Run npm run check	2026-09-10T17:03:08.6588808Z (pass) replacement audit keeps its ten source fixtures independent of native gap comments [0.10ms]
contracts	Run npm run check	2026-09-10T17:03:08.6590328Z (pass) replacement audit rejects a fixture when its marker and invalid expression both disappear [0.16ms]
contracts	Run npm run check	2026-09-10T17:03:08.6591435Z 
contracts	Run npm run check	2026-09-10T17:03:08.6592002Z ##[endgroup]
contracts	Run npm run check	2026-09-10T17:03:08.6592409Z 
contracts	Run npm run check	2026-09-10T17:03:08.6592988Z ##[group]tests/platform-deno.test.ts:
contracts	Run npm run check	2026-09-10T17:03:08.6804900Z (pass) portable root contract has host-independent semantics [6.50ms]
contracts	Run npm run check	2026-09-10T17:03:08.6805888Z (pass) portable inspection proof rejects nonobjects and inexact or unfrozen metadata [0.15ms]
contracts	Run npm run check	2026-09-10T17:03:08.6818121Z (pass) Deno child validation requires canonical output from the local installed archive [1.20ms]
contracts	Run npm run check	2026-09-10T17:03:08.6821283Z (pass) Deno child validation fails closed when the expected installation is absent [0.31ms]
contracts	Run npm run check	2026-09-10T17:03:08.9305448Z (pass) an unprovisioned Deno pin yields an explicit unavailable row without touching the archive [248.22ms]
contracts	Run npm run check	2026-09-10T17:03:08.9306572Z 
contracts	Run npm run check	2026-09-10T17:03:08.9307443Z ##[endgroup]
contracts	Run npm run check	2026-09-10T17:03:08.9307854Z 
contracts	Run npm run check	2026-09-10T17:03:08.9308659Z ##[group]tests/final-adversarial-integration.test.ts:
contracts	Run npm run check	2026-09-10T17:03:08.9614064Z (pass) I1 preserves its deterministic adversarial source oracle [24.00ms]
contracts	Run npm run check	2026-09-10T17:03:08.9735318Z (pass) I2 preserves its deterministic adversarial source oracle [12.15ms]
contracts	Run npm run check	2026-09-10T17:03:08.9851397Z (pass) I3 preserves its deterministic adversarial source oracle [11.58ms]
contracts	Run npm run check	2026-09-10T17:03:08.9954240Z (pass) I4 preserves its deterministic adversarial source oracle [10.25ms]
contracts	Run npm run check	2026-09-10T17:03:09.0046786Z (pass) I5 preserves its deterministic adversarial source oracle [9.28ms]
contracts	Run npm run check	2026-09-10T17:03:09.0142860Z (pass) I6 preserves its deterministic adversarial source oracle [9.56ms]
contracts	Run npm run check	2026-09-10T17:03:09.0232093Z (pass) I7 preserves its deterministic adversarial source oracle [8.91ms]
contracts	Run npm run check	2026-09-10T17:03:09.0329214Z (pass) I8 preserves its deterministic adversarial source oracle [9.71ms]
contracts	Run npm run check	2026-09-10T17:03:09.0406048Z (pass) I9 preserves its deterministic adversarial source oracle [7.70ms]
contracts	Run npm run check	2026-09-10T17:03:09.0481020Z (pass) I10 preserves its deterministic adversarial source oracle [7.47ms]
contracts	Run npm run check	2026-09-10T17:03:09.0557789Z (pass) I11 preserves its deterministic adversarial source oracle [7.65ms]
contracts	Run npm run check	2026-09-10T17:03:09.0635928Z (pass) I13 preserves its deterministic adversarial source oracle [7.80ms]
contracts	Run npm run check	2026-09-10T17:03:09.0715365Z (pass) I12 disposes accepted late ownership before independent immediate ownership [7.95ms]
contracts	Run npm run check	2026-09-10T17:03:09.0716254Z 
contracts	Run npm run check	2026-09-10T17:03:09.0716984Z ##[endgroup]
contracts	Run npm run check	2026-09-10T17:03:09.0717390Z 
contracts	Run npm run check	2026-09-10T17:03:09.0718097Z ##[group]tests/token-scale.test.ts:
contracts	Run npm run check	2026-09-10T17:03:12.0807685Z (pass) token scale: 100 bindings valid [3008.32ms]
contracts	Run npm run check	2026-09-10T17:03:15.0228708Z (pass) token scale: 100 bindings missing-final-token [2942.05ms]
contracts	Run npm run check	2026-09-10T17:03:18.0498249Z (pass) token scale: 100 bindings mismatched-invariant-service [3026.94ms]
contracts	Run npm run check	2026-09-10T17:03:21.7356688Z (pass) token scale: 100 modules valid [3685.62ms]
contracts	Run npm run check	2026-09-10T17:03:25.4241279Z (pass) token scale: 100 modules missing-final-token [3688.65ms]
contracts	Run npm run check	2026-09-10T17:03:29.0889091Z (pass) token scale: 100 modules mismatched-invariant-service [3664.82ms]
contracts	Run npm run check	2026-09-10T17:03:29.0889703Z 
contracts	Run npm run check	2026-09-10T17:03:29.0890307Z ##[endgroup]
contracts	Run npm run check	2026-09-10T17:03:29.0890501Z 
contracts	Run npm run check	2026-09-10T17:03:29.0890904Z ##[group]tests/plugins.test.ts:
contracts	Run npm run check	2026-09-10T17:03:29.0947996Z (pass) plugin validation retains raw source ownership on success and failure [0.91ms]
contracts	Run npm run check	2026-09-10T17:03:29.0950143Z (pass) plugin descriptor requires own protocol fields before factory effects [0.28ms]
contracts	Run npm run check	2026-09-10T17:03:29.0952173Z (pass) plugin preflight validates dependencies and options before descriptor reads [0.19ms]
contracts	Run npm run check	2026-09-10T17:03:29.0955926Z (pass) plugin descriptor preflight preserves accessor errors and ignores extra getters [0.32ms]
contracts	Run npm run check	2026-09-10T17:03:29.0961378Z (pass) plugin snapshots dependencies, options and callbacks before later mutation [0.55ms]
contracts	Run npm run check	2026-09-10T17:03:29.0966622Z (pass) plugin routes required optional lazy and all dependency references positionally [0.55ms]
contracts	Run npm run check	2026-09-10T17:03:29.0973920Z (pass) raw plugin validation does not assimilate values or validator results [0.72ms]
contracts	Run npm run check	2026-09-10T17:03:29.0977658Z (pass) native plugin validates fulfilled values, caches final output and releases source ownership [0.33ms]
contracts	Run npm run check	2026-09-10T17:03:29.0983289Z (pass) native plugin rejection and output validation preserve causes and ownership [0.47ms]
contracts	Run npm run check	2026-09-10T17:03:29.0985279Z (pass) native plugins require a genuine Promise source [0.27ms]
contracts	Run npm run check	2026-09-10T17:03:29.0991697Z (pass) startup rollback releases an accepted plugin source once [0.58ms]
contracts	Run npm run check	2026-09-10T17:03:29.0996598Z (pass) plugin callbacks use no receiver and preserve factory and validator failures [0.46ms]
contracts	Run npm run check	2026-09-10T17:03:29.1011281Z (pass) plugin composition retains module privacy, aliases, contributions and selected sharing [1.43ms]
contracts	Run npm run check	2026-09-10T17:03:29.1015273Z (pass) plugin observers retain the canonical acquisition and cleanup events [0.48ms]
contracts	Run npm run check	2026-09-10T17:03:29.1018748Z (pass) native plugin readiness waits for source validation [0.34ms]
contracts	Run npm run check	2026-09-10T17:03:29.1021822Z (pass) plugin close waits for accepted disposer cleanup exactly once [0.29ms]
contracts	Run npm run check	2026-09-10T17:03:29.1026819Z (pass) plugin validation errors survive one failed retirement cleanup [0.48ms]
contracts	Run npm run check	2026-09-10T17:03:29.1031516Z (pass) plugin observer lifecycle events identify its canonical acquisition [0.46ms]
contracts	Run npm run check	2026-09-10T17:03:29.1032064Z 
contracts	Run npm run check	2026-09-10T17:03:29.1033846Z ##[endgroup]
contracts	Run npm run check	2026-09-10T17:03:29.1034079Z 
contracts	Run npm run check	2026-09-10T17:03:29.1034527Z ##[group]tests/platform-tools.test.ts:
contracts	Run npm run check	2026-09-10T17:03:29.1125550Z (pass) tool capture binds the actual artifact and exact observed version output [8.00ms]
contracts	Run npm run check	2026-09-10T17:03:29.1615479Z (pass) tool capture rejects wrong versions, substring matches and unsuccessful probes [47.79ms]
contracts	Run npm run check	2026-09-10T17:03:29.1616930Z 
contracts	Run npm run check	2026-09-10T17:03:29.1617652Z ##[endgroup]
contracts	Run npm run check	2026-09-10T17:03:29.1618065Z 
contracts	Run npm run check	2026-09-10T17:03:29.1618654Z ##[group]tests/observers.test.ts:
contracts	Run npm run check	2026-09-10T17:03:29.1631039Z (pass) observers preserve raw identity and explicit ownership [0.82ms]
contracts	Run npm run check	2026-09-10T17:03:29.1637090Z (pass) ready follows the final native stage while retaining exposed identity [0.60ms]
contracts	Run npm run check	2026-09-10T17:03:29.1642177Z (pass) observer failure monitoring handles throws, rejection and throwing then without gating shutdown [0.50ms]
contracts	Run npm run check	2026-09-10T17:03:29.1650880Z (pass) configuration snapshots callbacks, appends in order and retains classification [0.84ms]
contracts	Run npm run check	2026-09-10T17:03:29.1654813Z (pass) reentrant observer resolution runs outside factory ancestry and respects published close [0.28ms]
contracts	Run npm run check	2026-09-10T17:03:29.1667245Z (pass) canonical owners distinguish shared roots, independent forks, contributions and transients [1.28ms]
contracts	Run npm run check	2026-09-10T17:03:29.1672892Z (pass) failed final projections retire accepted ownership once and preserve cleanup errors [0.58ms]
contracts	Run npm run check	2026-09-10T17:03:29.1675034Z (pass) intermediate native failure bypassed by raw projection is not final failure [0.25ms]
contracts	Run npm run check	2026-09-10T17:03:29.1682172Z (pass) private module frames are immutable snapshots without freezing application metadata [0.65ms]
contracts	Run npm run check	2026-09-10T17:03:29.1687562Z (pass) startup rollback observes accepted cleanup while preserving the startup cause [0.53ms]
contracts	Run npm run check	2026-09-10T17:03:29.1696418Z (pass) cancellation observes late accepted resources and final failure without awaiting telemetry [0.86ms]
contracts	Run npm run check	2026-09-10T17:03:29.1698531Z (pass) throwing-then error sink results are consumed and appending duplicates keeps every callback [0.25ms]
contracts	Run npm run check	2026-09-10T17:03:29.1701220Z (pass) delivery keeps emission order across immutable appended facade configurations [0.24ms]
contracts	Run npm run check	2026-09-10T17:03:29.1701810Z 
contracts	Run npm run check	2026-09-10T17:03:29.1702290Z ##[endgroup]
contracts	Run npm run check	2026-09-10T17:03:29.1702486Z 
contracts	Run npm run check	2026-09-10T17:03:29.1702913Z ##[group]tests/performance-baseline.test.ts:
contracts	Run npm run check	2026-09-10T17:03:29.2846821Z (pass) review requires median, p95 and paired interval regression predicates together [108.40ms]
contracts	Run npm run check	2026-09-10T17:03:29.3001826Z (pass) ordinary hosts remain informational even when every review threshold is met [15.55ms]
contracts	Run npm run check	2026-09-10T17:03:29.3004511Z (pass) paired verdict validates the exact 31-sample protocol and unsigned seed [0.32ms]
contracts	Run npm run check	2026-09-10T17:03:29.3008160Z (pass) seeded execution order is reproducible, balanced and alternates pair orientation [0.36ms]
contracts	Run npm run check	2026-09-10T17:03:29.3033836Z (pass) paired collection runs serial warmups and retains samples in pair index order [2.52ms]
contracts	Run npm run check	2026-09-10T17:03:29.3036560Z (pass) paired collection journals a rejected execution before validation stops the run [0.30ms]
contracts	Run npm run check	2026-09-10T17:03:29.3039481Z (pass) comparison command accepts an exact pinned baseline and unsigned seed only [0.29ms]
contracts	Run npm run check	2026-09-10T17:03:29.3400631Z (pass) comparison row validation rejects incomplete, unsafe and unpaired evidence [36.06ms]
contracts	Run npm run check	2026-09-10T17:03:29.3402311Z (pass) journaling retains unavailable and failed terminal rows as well as validated summaries [0.20ms]
contracts	Run npm run check	2026-09-10T17:03:31.7881635Z (pass) baseline archive is built from the exact commit with retained source and tool identities [2447.02ms]
contracts	Run npm run check	2026-09-10T17:03:31.7882448Z 
contracts	Run npm run check	2026-09-10T17:03:31.7883324Z ##[endgroup]
contracts	Run npm run check	2026-09-10T17:03:31.7883766Z 
contracts	Run npm run check	2026-09-10T17:03:31.7884441Z ##[group]tests/token-package.test.ts:
contracts	Run npm run check	2026-09-10T17:03:34.9228116Z (pass) installed node cjs facade shares core tokens, modes and acquisition metadata [45.37ms]
contracts	Run npm run check	2026-09-10T17:03:34.9721744Z (pass) installed node mjs facade shares core tokens, modes and acquisition metadata [49.33ms]
contracts	Run npm run check	2026-09-10T17:03:34.9982922Z (pass) installed bun cjs facade shares core tokens, modes and acquisition metadata [26.11ms]
contracts	Run npm run check	2026-09-10T17:03:35.0195631Z (pass) installed bun mjs facade shares core tokens, modes and acquisition metadata [21.29ms]
contracts	Run npm run check	2026-09-10T17:03:35.0673042Z (pass) installed token composition crosses Node commonjs and the other loader [47.67ms]
contracts	Run npm run check	2026-09-10T17:03:38.7679161Z (pass) installed commonjs token-modules declaration survives emission and unchanged consumption [3700.50ms]
contracts	Run npm run check	2026-09-10T17:03:41.2648819Z (pass) installed commonjs incremental-modules declaration survives emission and unchanged consumption [2497.05ms]
contracts	Run npm run check	2026-09-10T17:03:44.9050055Z (pass) installed commonjs replacement-reflection declaration survives emission and unchanged consumption [3640.06ms]
contracts	Run npm run check	2026-09-10T17:03:44.9784780Z (pass) installed token composition crosses Node module and the other loader [73.49ms]
contracts	Run npm run check	2026-09-10T17:03:48.1692156Z (pass) installed module token-modules declaration survives emission and unchanged consumption [3190.48ms]
contracts	Run npm run check	2026-09-10T17:03:51.0423985Z (pass) installed module incremental-modules declaration survives emission and unchanged consumption [2873.34ms]
contracts	Run npm run check	2026-09-10T17:03:53.7358477Z (pass) installed module replacement-reflection declaration survives emission and unchanged consumption [2693.44ms]
contracts	Run npm run check	2026-09-10T17:03:53.7396164Z 
contracts	Run npm run check	2026-09-10T17:03:53.7396880Z ##[endgroup]
contracts	Run npm run check	2026-09-10T17:03:53.7397103Z 
contracts	Run npm run check	2026-09-10T17:03:53.7397524Z ##[group]tests/boundaries.test.ts:
contracts	Run npm run check	2026-09-10T17:03:53.7586926Z (pass) fork changes only the selected key hidden behind a narrowed override map [0.93ms]
contracts	Run npm run check	2026-09-10T17:03:53.7614088Z (pass) unselected override values and getters never participate [0.31ms]
contracts	Run npm run check	2026-09-10T17:03:53.7642150Z (pass) hidden duplicate additions throw atomically and leave builders reusable [0.36ms]
contracts	Run npm run check	2026-09-10T17:03:53.7643373Z (pass) hidden new keys cannot later silently replace visible registrations [0.18ms]
contracts	Run npm run check	2026-09-10T17:03:53.7644315Z (pass) add snapshots every own entry and validates before producing a builder [0.45ms]
contracts	Run npm run check	2026-09-10T17:03:53.7645281Z (pass) replacement writes its explicit key and preserves earlier builders [0.31ms]
contracts	Run npm run check	2026-09-10T17:03:53.7646198Z (pass) fork requires selected own entries before reading any selected getter [0.40ms]
contracts	Run npm run check	2026-09-10T17:03:53.7647130Z (pass) fork snapshots selection before an override getter mutates the caller tuple [0.18ms]
contracts	Run npm run check	2026-09-10T17:03:53.7648049Z (pass) fork selects indexed tuple entries even when its iterator omits a key [0.14ms]
contracts	Run npm run check	2026-09-10T17:03:53.7649020Z (pass) fork batches selected replacements without using the single-binding graph path [0.31ms]
contracts	Run npm run check	2026-09-10T17:03:53.7650064Z (pass) empty forks reuse the graph without reading unselected values and retain fresh ownership [0.90ms]
contracts	Run npm run check	2026-09-10T17:03:53.7651094Z (pass) selected overrides can depend on richer capabilities of other selected services [0.51ms]
contracts	Run npm run check	2026-09-10T17:03:53.7652378Z (pass) runtime registration validation rejects cloned and forged owned handles [0.24ms]
contracts	Run npm run check	2026-09-10T17:03:53.7653438Z (pass) normalization does not expose mutable ownership registry metadata [0.23ms]
contracts	Run npm run check	2026-09-10T17:03:53.7654373Z (pass) unchecked source Bag construction is not exported [0.02ms]
contracts	Run npm run check	2026-09-10T17:03:53.7655280Z (pass) plain registration maps from another realm retain their own factories [0.86ms]
contracts	Run npm run check	2026-09-10T17:03:53.7655824Z 
contracts	Run npm run check	2026-09-10T17:03:53.7656356Z ##[endgroup]
contracts	Run npm run check	2026-09-10T17:03:53.7656542Z 
contracts	Run npm run check	2026-09-10T17:03:53.7656952Z ##[group]tests/wbs-scope.test.ts:
contracts	Run npm run check	2026-09-10T17:03:53.7801585Z (pass) WBS scopes borrow infrastructure and recreate stores, collectors and services [4.81ms]
contracts	Run npm run check	2026-09-10T17:03:53.7828230Z (pass) an explicitly shared WBS service keeps its original stores and broadcaster [0.71ms]
contracts	Run npm run check	2026-09-10T17:03:53.7838018Z (pass) closing the root disposes its resources but leaves the startup-owned source usable [0.49ms]
contracts	Run npm run check	2026-09-10T17:03:53.7842860Z (pass) startup cleans every owner and discards held announcements when batch work fails [0.69ms]
contracts	Run npm run check	2026-09-10T17:03:53.7844186Z (pass) startup still closes later bags and its source when multiple disposers fail [1.09ms]
contracts	Run npm run check	2026-09-10T17:03:53.7845338Z (pass) a factory cleans partial acquisition before throwing; the bag does not dispose it twice [0.60ms]
contracts	Run npm run check	2026-09-10T17:03:53.7846434Z (pass) the runnable example reports published work and complete shutdown [0.75ms]
contracts	Run npm run check	2026-09-10T17:03:53.7846942Z 
contracts	Run npm run check	2026-09-10T17:03:53.7847607Z ##[endgroup]
contracts	Run npm run check	2026-09-10T17:03:53.7847810Z 
contracts	Run npm run check	2026-09-10T17:03:53.7848217Z ##[group]tests/runtime-scale.test.ts:
contracts	Run npm run check	2026-09-10T17:03:54.0624981Z (pass) closing a deep graph disposes every dependent before its dependency exactly once [278.44ms]
contracts	Run npm run check	2026-09-10T17:03:54.0647433Z (pass) retiring an acquisition touches only its actual incoming consumers [2.27ms]
contracts	Run npm run check	2026-09-10T17:03:54.0659202Z (pass) repeated reads of an existing edge do not traverse the downstream graph again [1.24ms]
contracts	Run npm run check	2026-09-10T17:03:54.1054095Z (pass) late edges across a deep ready graph find cycles without overflowing the stack [39.31ms]
contracts	Run npm run check	2026-09-10T17:03:54.1064522Z (pass) one module lexical map is snapshotted once while external mutations stay isolated [1.16ms]
contracts	Run npm run check	2026-09-10T17:03:54.1066480Z (pass) releasing a consumer removes its reverse incoming entries without retiring live peers [0.25ms]
contracts	Run npm run check	2026-09-10T17:03:54.1068878Z (pass) a branching late cycle reports the first dependency-order path and leaves its rejected edge absent [0.22ms]
contracts	Run npm run check	2026-09-10T17:03:54.1069599Z 
contracts	Run npm run check	2026-09-10T17:03:54.1070139Z ##[endgroup]
contracts	Run npm run check	2026-09-10T17:03:54.1070439Z 
contracts	Run npm run check	2026-09-10T17:03:54.1070872Z ##[group]tests/startup.test.ts:
contracts	Run npm run check	2026-09-10T17:03:54.1103882Z (pass) contexts follow acquisition owners through child-first roots and independent forks [0.87ms]
contracts	Run npm run check	2026-09-10T17:03:54.1107396Z (pass) abort listeners cannot reenter any closing scope admission gate [0.39ms]
contracts	Run npm run check	2026-09-10T17:03:54.1113916Z (pass) startup waits for selected native acquisition while leaving unrelated providers lazy [0.62ms]
contracts	Run npm run check	2026-09-10T17:03:54.1119673Z (pass) startup uses native observation with shadowed then and treats raw promises as ready [0.57ms]
contracts	Run npm run check	2026-09-10T17:03:54.1124132Z (pass) a ready native projection starts while its source remains pending until shutdown [0.43ms]
contracts	Run npm run check	2026-09-10T17:03:54.1130522Z (pass) failed native projection aborts a cooperative pending source before cleanup [0.63ms]
contracts	Run npm run check	2026-09-10T17:03:54.1133776Z (pass) sequential startup waits before invoking the next selection [0.31ms]
contracts	Run npm run check	2026-09-10T17:03:54.1138424Z (pass) startup selects genuine tokens and keeps separate owned transient attempts [0.45ms]
contracts	Run npm run check	2026-09-10T17:03:54.1143363Z (pass) late contextual dependencies receive an already aborted owner signal [0.48ms]
contracts	Run npm run check	2026-09-10T17:03:54.1147375Z (pass) startup removes its abort listener on success [0.44ms]
contracts	Run npm run check	2026-09-10T17:03:54.1149031Z (pass) startup removes its abort listener on failure [0.18ms]
contracts	Run npm run check	2026-09-10T17:03:54.1154515Z (pass) startup removes its abort listener on aborted [0.19ms]
contracts	Run npm run check	2026-09-10T17:03:54.1204549Z (pass) startup removes its abort listener on timeout [5.32ms]
contracts	Run npm run check	2026-09-10T17:03:54.1207737Z (pass) startup snapshots option getters once after snapshotting all selected keys [0.31ms]
contracts	Run npm run check	2026-09-10T17:03:54.1215568Z (pass) sequential startup stops after failure and waits for cleanup with original causes [0.77ms]
contracts	Run npm run check	2026-09-10T17:03:54.1218652Z (pass) parallel startup starts later selections after synchronous failure and cleans pending ownership [0.31ms]
contracts	Run npm run check	2026-09-10T17:03:54.1228641Z (pass) aborted rejects before late ownership and exposes eventual cleanup failure [0.97ms]
contracts	Run npm run check	2026-09-10T17:03:54.1282174Z (pass) timeout rejects before late ownership and exposes eventual cleanup failure [5.33ms]
contracts	Run npm run check	2026-09-10T17:03:54.1284715Z (pass) already aborted startup does not invoke any factories [0.27ms]
contracts	Run npm run check	2026-09-10T17:03:54.1288481Z (pass) cancellation can interrupt cleanup after ordinary startup failure [0.36ms]
contracts	Run npm run check	2026-09-10T17:03:54.1291575Z (pass) successful startup removes external cancellation and snapshots indexed selections [0.29ms]
contracts	Run npm run check	2026-09-10T17:03:54.1296939Z (pass) invalid startup inputs reject before factory or unsupported option getter effects [0.53ms]
contracts	Run npm run check	2026-09-10T17:03:54.1301422Z (pass) numeric startup 1 bounds selected readiness and preserves promise identity [0.44ms]
contracts	Run npm run check	2026-09-10T17:03:54.1303079Z (pass) numeric startup 2 bounds selected readiness and preserves promise identity [0.17ms]
contracts	Run npm run check	2026-09-10T17:03:54.1305182Z (pass) numeric startup 20 bounds selected readiness and preserves promise identity [0.17ms]
contracts	Run npm run check	2026-09-10T17:03:54.1309101Z (pass) numeric startup 1 snapshots options and retains duplicate selected lifetimes [0.35ms]
contracts	Run npm run check	2026-09-10T17:03:54.1310054Z (pass) numeric startup 2 snapshots options and retains duplicate selected lifetimes [0.14ms]
contracts	Run npm run check	2026-09-10T17:03:54.1314333Z (pass) numeric startup uses final raw readiness while owned sources remain pending [0.41ms]
contracts	Run npm run check	2026-09-10T17:03:54.1321102Z (pass) bounded startup stops dequeuing after failure and cleans started work [0.66ms]
contracts	Run npm run check	2026-09-10T17:03:54.1324304Z (pass) bounded startup stops dequeuing after aborted and cleans started work [0.27ms]
contracts	Run npm run check	2026-09-10T17:03:54.1378302Z (pass) bounded startup stops dequeuing after timeout and cleans started work [5.37ms]
contracts	Run npm run check	2026-09-10T17:03:54.1383426Z (pass) numeric startup rejects invalid bounds before factories [0.50ms]
contracts	Run npm run check	2026-09-10T17:03:54.1387527Z (pass) numeric startup stops initial worker admission when a factory aborts synchronously [0.42ms]
contracts	Run npm run check	2026-09-10T17:03:54.1388008Z 
contracts	Run npm run check	2026-09-10T17:03:54.1388407Z ##[endgroup]
contracts	Run npm run check	2026-09-10T17:03:54.1388939Z 
contracts	Run npm run check	2026-09-10T17:03:54.1389280Z ##[group]tests/projections.test.ts:
contracts	Run npm run check	2026-09-10T17:03:54.1410597Z (pass) a projected service does not replace its source disposer argument [0.55ms]
contracts	Run npm run check	2026-09-10T17:03:54.1414381Z (pass) an ownership operation on a metadata provider retains earlier ownership [0.37ms]
contracts	Run npm run check	2026-09-10T17:03:54.1416640Z (pass) direct transformService receives and returns exact Promise identities [0.22ms]
contracts	Run npm run check	2026-09-10T17:03:54.1419692Z (pass) awaited transformService rejects source and projector throws with their original values [0.29ms]
contracts	Run npm run check	2026-09-10T17:03:54.1422302Z (pass) awaited transformService awaits recursive projector thenables and source fulfillment [0.25ms]
contracts	Run npm run check	2026-09-10T17:03:54.1425720Z (pass) a failed sync projection releases late source ownership [0.33ms]
contracts	Run npm run check	2026-09-10T17:03:54.1431963Z (pass) a synchronous status projection stays cached after its raw Promise rejects [0.57ms]
contracts	Run npm run check	2026-09-10T17:03:54.1434432Z (pass) ready outer ownership closes before a raw stage accepted later [0.28ms]
contracts	Run npm run check	2026-09-10T17:03:54.1438272Z (pass) failed projections clean only their stages and preserve cached dependencies [0.36ms]
contracts	Run npm run check	2026-09-10T17:03:54.1441701Z (pass) sync failure starts asynchronous cleanup without waiting and close drains it [0.33ms]
contracts	Run npm run check	2026-09-10T17:03:54.1445114Z (pass) late old ownership cannot evict or dispose a successful retry [0.34ms]
contracts	Run npm run check	2026-09-10T17:03:54.1452399Z (pass) retired cleanup errors keep invocation order and original attempt identities [0.71ms]
contracts	Run npm run check	2026-09-10T17:03:54.1455995Z (pass) a pending source can read dependencies in close after an outer projection is ready [0.35ms]
contracts	Run npm run check	2026-09-10T17:03:54.1459491Z (pass) a pending source can finish dependencies after its outer projection failed [0.34ms]
contracts	Run npm run check	2026-09-10T17:03:54.1463910Z (pass) completed source proxies cannot borrow a pending projection or retry permission [0.41ms]
contracts	Run npm run check	2026-09-10T17:03:54.1466803Z (pass) mapped dependencies still reject genuine acquisition cycles [0.30ms]
contracts	Run npm run check	2026-09-10T17:03:54.1470179Z (pass) asynchronous mappings preserve post-await cycle detection [0.33ms]
contracts	Run npm run check	2026-09-10T17:03:54.1472732Z (pass) a completed source cannot use its still pending asynchronous projector permission [0.23ms]
contracts	Run npm run check	2026-09-10T17:03:54.1480780Z (pass) mapping and added finalizers run receiver-free across metadata operations [0.79ms]
contracts	Run npm run check	2026-09-10T17:03:54.1485242Z (pass) failed outer projections retain owned values until a pending projector finishes using them [0.43ms]
contracts	Run npm run check	2026-09-10T17:03:54.1489414Z (pass) failed exposed acquisition abandons incoming edges while its owned source can acquire the recovered parent [0.40ms]
contracts	Run npm run check	2026-09-10T17:03:54.1489879Z 
contracts	Run npm run check	2026-09-10T17:03:54.1490272Z ##[endgroup]
contracts	Run npm run check	2026-09-10T17:03:54.1490469Z 
contracts	Run npm run check	2026-09-10T17:03:54.1490782Z ##[group]tests/binding-graph.test.ts:
contracts	Run npm run check	2026-09-10T17:03:54.1511127Z (pass) private bindings with the same label have distinct memoized identities [0.77ms]
contracts	Run npm run check	2026-09-10T17:03:54.1518423Z (pass) an owned private dependency closes after its public dependent [0.69ms]
contracts	Run npm run check	2026-09-10T17:03:54.1521054Z (pass) private Promise-valued bindings preserve their original exposed identity [0.27ms]
contracts	Run npm run check	2026-09-10T17:03:54.1526834Z (pass) graph snapshots preserve lexical private refs while forks use replaced public slots [0.57ms]
contracts	Run npm run check	2026-09-10T17:03:54.1532056Z (pass) batch public bindings preserve ordered duplicates and retained private identities [0.52ms]
contracts	Run npm run check	2026-09-10T17:03:54.1532765Z (pass) an empty public binding batch preserves immutable graph identity [0.04ms]
contracts	Run npm run check	2026-09-10T17:03:54.1534468Z (pass) mutating graph input maps cannot change public lookup or binding descriptions [0.21ms]
contracts	Run npm run check	2026-09-10T17:03:54.1538100Z (pass) cycles through private aliases discovered after await show binding labels [0.33ms]
contracts	Run npm run check	2026-09-10T17:03:54.1538475Z 
contracts	Run npm run check	2026-09-10T17:03:54.1538773Z ##[endgroup]
contracts	Run npm run check	2026-09-10T17:03:54.1538909Z 
contracts	Run npm run check	2026-09-10T17:03:54.1539186Z ##[group]tests/performance-evidence.test.ts:
contracts	Run npm run check	2026-09-10T17:03:54.1568384Z (pass) validates one canonical runtime sample and preserves its provenance [0.76ms]
contracts	Run npm run check	2026-09-10T17:03:54.1574989Z (pass) rejects a correct duration with an incorrect workload checksum [0.64ms]
contracts	Run npm run check	2026-09-10T17:03:54.1582567Z (pass) rejects every semantic control mismatch [0.72ms]
contracts	Run npm run check	2026-09-10T17:03:54.1590973Z (pass) rejects invalid request provenance rather than attaching it to a valid child result [0.79ms]
contracts	Run npm run check	2026-09-10T17:03:54.1598513Z (pass) rejects invalid duration arithmetic and malformed result fields [0.75ms]
contracts	Run npm run check	2026-09-10T17:03:54.1609305Z (pass) requires the resolved public entry to stay inside the real installed package [1.05ms]
contracts	Run npm run check	2026-09-10T17:03:54.1619319Z (pass) rejects noncanonical package and entry paths even when they resolve inside the archive [0.98ms]
contracts	Run npm run check	2026-09-10T17:03:54.1627275Z (pass) parses only one canonical JSON object from a clean successful child [0.82ms]
contracts	Run npm run check	2026-09-10T17:03:54.1634688Z (pass) rejects child timeout, signal, status, stderr and unexpected schema keys [0.71ms]
contracts	Run npm run check	2026-09-10T17:03:54.1644197Z (pass) runtime runner validates the execution returned for the exact request [0.86ms]
contracts	Run npm run check	2026-09-10T17:03:54.1645276Z (pass) computes summary from every raw nanosecond without mutating input [0.21ms]
contracts	Run npm run check	2026-09-10T17:03:54.1646154Z (pass) summary rejects absent, nonpositive and unsafe samples instead of producing invalid arithmetic [0.11ms]
contracts	Run npm run check	2026-09-10T17:03:54.1937877Z (pass) paired bootstrap is seeded, paired and sensitive to seed mutations [29.07ms]
contracts	Run npm run check	2026-09-10T17:03:54.1939133Z (pass) paired bootstrap rejects length, seed, count and denominator errors [0.25ms]
contracts	Run npm run check	2026-09-10T17:03:54.1945185Z (pass) scenario execution awaits only runTimed between clock reads and verifies afterwards [0.58ms]
contracts	Run npm run check	2026-09-10T17:03:54.1947275Z (pass) scenario execution rejects a backwards or zero clock before accepting evidence [0.22ms]
contracts	Run npm run check	2026-09-10T17:03:54.1956859Z (pass) child protocol prepares before timing and emits request identity with verified work [0.90ms]
contracts	Run npm run check	2026-09-10T17:03:54.1984447Z (pass) current-only collection runs five warmups then retains 31 validated samples serially [2.76ms]
contracts	Run npm run check	2026-09-10T17:03:54.1992072Z (pass) collection journals every execution before validation so a late failure retains prior and rejected output [0.77ms]
contracts	Run npm run check	2026-09-10T17:03:54.1995260Z (pass) current evidence validation requires reproducible environment, tools, fixture and source identities [0.32ms]
contracts	Run npm run check	2026-09-10T17:03:54.2004163Z (pass) runtime journals use exclusive per-invocation paths and never truncate prior evidence [0.89ms]
contracts	Run npm run check	2026-09-10T17:03:54.2012257Z (pass) actual child printer writes one canonical newline-terminated object accepted by the parent [0.80ms]
contracts	Run npm run check	2026-09-10T17:03:54.2012677Z 
contracts	Run npm run check	2026-09-10T17:03:54.2013255Z ##[endgroup]
contracts	Run npm run check	2026-09-10T17:03:54.2014034Z 
contracts	Run npm run check	2026-09-10T17:03:54.2014406Z ##[group]tests/acquisition-metadata.test.ts:
contracts	Run npm run check	2026-09-10T17:03:54.2132237Z (pass) metadata is lazy, ordered, copied with hidden symbols, and retained after projection [0.76ms]
contracts	Run npm run check	2026-09-10T17:03:54.2136326Z (pass) immediate metadata retains raw Promise identity, policy, and outer disposer value [0.42ms]
contracts	Run npm run check	2026-09-10T17:03:54.2140476Z (pass) async metadata awaits raw thenables and exposes a native Promise [0.36ms]
contracts	Run npm run check	2026-09-10T17:03:54.2150850Z (pass) native acquisition remains pending and disposes fulfilled values after immediate annotation [0.95ms]
contracts	Run npm run check	2026-09-10T17:03:54.2155662Z (pass) annotation errors preserve original failures, cleanup, and independent retries and scopes [0.58ms]
contracts	Run npm run check	2026-09-10T17:03:54.2159978Z (pass) async annotation rejection cleans source ownership and skips failed sources [0.42ms]
contracts	Run npm run check	2026-09-10T17:03:54.2177262Z (pass) metadata callbacks and returned records reject malformed and asynchronous values [1.67ms]
contracts	Run npm run check	2026-09-10T17:03:54.2204160Z (pass) annotations retain present undefined values and add no ownership [0.52ms]
contracts	Run npm run check	2026-09-10T17:03:54.2217406Z (pass) rejecting accidentally async metadata observes its rejected Promise in both modes [2.30ms]
contracts	Run npm run check	2026-09-10T17:03:54.2218693Z (pass) metadata requires plain records and accepts records without a prototype [1.14ms]
contracts	Run npm run check	2026-09-10T17:03:54.2220227Z (pass) metadata getters are captured exactly once, including an ordinary then field [0.26ms]
contracts	Run npm run check	2026-09-10T17:03:54.2234431Z (pass) metadata retains typed token dependencies and root and transient lifetime caching [0.84ms]
contracts	Run npm run check	2026-09-10T17:03:54.2235126Z 
contracts	Run npm run check	2026-09-10T17:03:54.2235659Z ##[endgroup]
contracts	Run npm run check	2026-09-10T17:03:54.2236310Z 
contracts	Run npm run check	2026-09-10T17:03:54.2236745Z ##[group]tests/disposal.test.ts:
contracts	Run npm run check	2026-09-10T17:03:54.2261943Z (pass) disposal callbacks receive the owned value without a receiver [0.30ms]
contracts	Run npm run check	2026-09-10T17:03:54.2264187Z (pass) withDisposal exposes the value and closes each resolved instance once [0.31ms]
contracts	Run npm run check	2026-09-10T17:03:54.2266591Z (pass) ordinary values are borrowed even when they expose disposal methods [0.24ms]
contracts	Run npm run check	2026-09-10T17:03:54.2270034Z (pass) unresolved and failed factories have no disposal [0.28ms]
contracts	Run npm run check	2026-09-10T17:03:54.2279232Z (pass) throwing then inspection rejects each acquisition until a synchronous retry succeeds [0.90ms]
contracts	Run npm run check	2026-09-10T17:03:54.2282816Z (pass) a PromiseLike with a throwing then getter never reaches the fulfilled-value disposer [0.35ms]
contracts	Run npm run check	2026-09-10T17:03:54.2287275Z (pass) native Promise observer setup failures allow retry and preserve accepted Promise identity [0.43ms]
contracts	Run npm run check	2026-09-10T17:03:54.2289203Z (pass) native Promise ownership observation ignores an own then override [0.24ms]
contracts	Run npm run check	2026-09-10T17:03:54.2293000Z (pass) native Promise subclass ownership ignores an own then override [0.33ms]
contracts	Run npm run check	2026-09-10T17:03:54.2297717Z (pass) native constructor TypeError preserves the original failure and permits retry [0.44ms]
contracts	Run npm run check	2026-09-10T17:03:54.2298977Z (pass) native species TypeError preserves the original failure and permits retry [0.15ms]
contracts	Run npm run check	2026-09-10T17:03:54.2303612Z (pass) pending close observes native settlement without assimilating its species result [0.40ms]
contracts	Run npm run check	2026-09-10T17:03:54.2306711Z (pass) direct structural thenables reject without invoking then or accepting ownership [0.33ms]
contracts	Run npm run check	2026-09-10T17:03:54.2309483Z (pass) explicit structural conversion accepts fulfillment before a subsequent throw [0.27ms]
contracts	Run npm run check	2026-09-10T17:03:54.2312885Z (pass) explicit structural conversion retries rejection and disposes only the fulfilled retry [0.32ms]
contracts	Run npm run check	2026-09-10T17:03:54.2317959Z (pass) cleanup runs in reverse acquisition order through unmanaged intermediates [0.50ms]
contracts	Run npm run check	2026-09-10T17:03:54.2321548Z (pass) async disposers are awaited sequentially and receive fulfilled values [0.35ms]
contracts	Run npm run check	2026-09-10T17:03:54.2324593Z (pass) dependency ordering wins over async completion order [0.31ms]
contracts	Run npm run check	2026-09-10T17:03:54.2328756Z (pass) close drains pending factories and dependencies discovered after await [0.38ms]
contracts	Run npm run check	2026-09-10T17:03:54.2331559Z (pass) pending acquisition failure does not stop cleanup of other resources [0.29ms]
contracts	Run npm run check	2026-09-10T17:03:54.2341107Z (pass) every disposer runs and close aggregates the original cleanup failures [0.92ms]
contracts	Run npm run check	2026-09-10T17:03:54.2344839Z (pass) throwing undefined still rejects close and does not skip other disposers [0.35ms]
contracts	Run npm run check	2026-09-10T17:03:54.2347861Z (pass) reentrant close observes the same barrier even when its disposer rejects [0.31ms]
contracts	Run npm run check	2026-09-10T17:03:54.2351658Z (pass) parent and forks own independent instances and borrowed overrides stay borrowed [0.35ms]
contracts	Run npm run check	2026-09-10T17:03:54.2353904Z (pass) an owned override can replace an ordinary factory [0.24ms]
contracts	Run npm run check	2026-09-10T17:03:54.2357634Z (pass) pending factories can create a chain of synchronous dependencies during close [0.34ms]
contracts	Run npm run check	2026-09-10T17:03:54.2358337Z 
contracts	Run npm run check	2026-09-10T17:03:54.2358913Z ##[endgroup]
contracts	Run npm run check	2026-09-10T17:03:54.2359185Z 
contracts	Run npm run check	2026-09-10T17:03:54.2359737Z ##[group]tests/providers.test.ts:
contracts	Run npm run check	2026-09-10T17:03:54.2373428Z (pass) metadata is a snapshot and inspection never starts a factory [0.41ms]
contracts	Run npm run check	2026-09-10T17:03:54.2375388Z (pass) metadata preflight sees hidden collisions before reading any getters [0.27ms]
contracts	Run npm run check	2026-09-10T17:03:54.2377214Z (pass) metadata additions preserve symbol keys and snapshot accessors once [0.18ms]
contracts	Run npm run check	2026-09-10T17:03:54.2381385Z (pass) runtime rejects copied and forged provider registrations [0.36ms]
contracts	Run npm run check	2026-09-10T17:03:54.2386782Z (pass) inspection follows pending retries without retaining failed attempts or changing disposal [0.48ms]
contracts	Run npm run check	2026-09-10T17:03:54.2394101Z (pass) module rename and fork keep metadata with the actual binding [0.72ms]
contracts	Run npm run check	2026-09-10T17:03:54.2396117Z (pass) plain registrations expose empty metadata and frames, including creating snapshots [0.25ms]
contracts	Run npm run check	2026-09-10T17:03:54.2398986Z (pass) metadata preserves synchronous ownership and borrowed cleanup methods [0.29ms]
contracts	Run npm run check	2026-09-10T17:03:54.2401861Z (pass) provider execution captures projected values and acquisition frames [0.24ms]
contracts	Run npm run check	2026-09-10T17:03:54.2402444Z 
contracts	Run npm run check	2026-09-10T17:03:54.2402886Z ##[endgroup]
contracts	Run npm run check	2026-09-10T17:03:54.2403285Z 
contracts	Run npm run check	2026-09-10T17:03:54.2403716Z ##[group]tests/acquisition.test.ts:
contracts	Run npm run check	2026-09-10T17:03:54.2414094Z (pass) a retry does not inherit the identity of a caught failed attempt [0.21ms]
contracts	Run npm run check	2026-09-10T17:03:54.2419431Z (pass) a caught rejected attempt does not retarget its incoming edge to the retry [0.50ms]
contracts	Run npm run check	2026-09-10T17:03:54.2426931Z (pass) shutdown preserves every cleanup cause and its acquisition identity [0.75ms]
contracts	Run npm run check	2026-09-10T17:03:54.2428178Z (pass) cleanup diagnostics snapshot caller records without cloning the original cause [0.11ms]
contracts	Run npm run check	2026-09-10T17:03:54.2431705Z (pass) a failed attempt cannot borrow its pending retry permission to acquire during close [0.35ms]
contracts	Run npm run check	2026-09-10T17:03:54.2434997Z (pass) a completed factory cannot start late acquisitions while another factory drains [0.37ms]
contracts	Run npm run check	2026-09-10T17:03:54.2437591Z (pass) a retained failed proxy follows live dependencies without traversing removed attempts [0.26ms]
contracts	Run npm run check	2026-09-10T17:03:54.2438274Z 
contracts	Run npm run check	2026-09-10T17:03:54.2438687Z ##[endgroup]
contracts	Run npm run check	2026-09-10T17:03:54.2438901Z 
contracts	Run npm run check	2026-09-10T17:03:54.2439336Z ##[group]tests/composition-adapters.test.ts:
contracts	Run npm run check	2026-09-10T17:03:54.2459121Z (pass) class adapters construct lazily with private fields, inherited prototypes and new.target [0.54ms]
contracts	Run npm run check	2026-09-10T17:03:54.2460816Z (pass) constructor validation invokes neither the constructor nor its prototype getter [0.25ms]
contracts	Run npm run check	2026-09-10T17:03:54.2465420Z (pass) function adapters pass positional values exactly and support explicitly bound receivers [0.43ms]
contracts	Run npm run check	2026-09-10T17:03:54.2473579Z (pass) optional and rest function and constructor arguments follow selected positions [0.74ms]
contracts	Run npm run check	2026-09-10T17:03:54.2476731Z (pass) function adapters snapshot indexed tokens and ignore custom iterators [0.40ms]
contracts	Run npm run check	2026-09-10T17:03:54.2480284Z (pass) function adapters reject invalid declaration inputs before user effects [0.35ms]
contracts	Run npm run check	2026-09-10T17:03:54.2484245Z (pass) function acquisition failures retry and disposal is explicit [0.39ms]
contracts	Run npm run check	2026-09-10T17:03:54.2486039Z (pass) class adapters snapshot indexed tokens and ignore custom iterators [0.17ms]
contracts	Run npm run check	2026-09-10T17:03:54.2487676Z (pass) class adapters reject invalid declaration inputs before user effects [0.15ms]
contracts	Run npm run check	2026-09-10T17:03:54.2488913Z (pass) class acquisition failures retry and disposal is explicit [0.13ms]
contracts	Run npm run check	2026-09-10T17:03:54.2492498Z (pass) raw and native adapters retain Promise identity and select the disposal value [0.33ms]
contracts	Run npm run check	2026-09-10T17:03:54.2496100Z (pass) raw class adapters preserve thenables and auto rejects them without assimilation [0.36ms]
contracts	Run npm run check	2026-09-10T17:03:54.2498356Z (pass) automatic adapters require runtime classification before acquisition [0.22ms]
contracts	Run npm run check	2026-09-10T17:03:54.2514542Z (pass) module token graphs and selected sharing keep ownership and parent dependencies [0.85ms]
contracts	Run npm run check	2026-09-10T17:03:54.2524379Z (pass) strict root class adapters retain root dependencies through child overrides [0.36ms]
contracts	Run npm run check	2026-09-10T17:03:54.2525404Z (pass) native class acquisition preserves constructed promises and disposes their fulfilled value [0.67ms]
contracts	Run npm run check	2026-09-10T17:03:54.2526179Z (pass) rejected function acquisitions retry with the original Promise return [0.21ms]
contracts	Run npm run check	2026-09-10T17:03:54.2526882Z (pass) constructor proxies retain their acquisition trap and original new.target [0.21ms]
contracts	Run npm run check	2026-09-10T17:03:54.2527222Z 
contracts	Run npm run check	2026-09-10T17:03:54.2527536Z ##[endgroup]
contracts	Run npm run check	2026-09-10T17:03:54.2527675Z 
contracts	Run npm run check	2026-09-10T17:03:54.2527931Z ##[group]tests/package.test.ts:
contracts	Run npm run check	2026-09-10T17:03:56.9032490Z (pass) standalone archive contains root and node entries without removed adapters [0.28ms]
contracts	Run npm run check	2026-09-10T17:04:00.1619478Z (pass) feature library inferred token exports survive declaration emission [3258.66ms]
contracts	Run npm run check	2026-09-10T17:04:00.2129106Z (pass) classic installed commonjs archive rejects removed box package entry points [50.95ms]
contracts	Run npm run check	2026-09-10T17:04:00.2828601Z (pass) classic installed commonjs archive returns the full adversarial oracle [69.96ms]
contracts	Run npm run check	2026-09-10T17:04:00.3820362Z (pass) Node commonjs consumers can resolve and dispose through the public package [99.17ms]
contracts	Run npm run check	2026-09-10T17:04:00.4300027Z (pass) Node commonjs observes local and foreign native subclass state directly [47.99ms]
contracts	Run npm run check	2026-09-10T17:04:02.1136448Z (pass) TypeScript commonjs consumers can use the emitted declarations [1683.50ms]
contracts	Run npm run check	2026-09-10T17:04:03.8056158Z (pass) TypeScript commonjs emitted provider contracts: plugins.ts [1692.03ms]
contracts	Run npm run check	2026-09-10T17:04:05.2196610Z (pass) TypeScript commonjs emitted provider contracts: negative/plugins.ts [1414.00ms]
contracts	Run npm run check	2026-09-10T17:04:06.4930540Z (pass) TypeScript commonjs emitted provider contracts: observers.ts [1273.39ms]
contracts	Run npm run check	2026-09-10T17:04:07.7216383Z (pass) TypeScript commonjs emitted provider contracts: negative/observers.ts [1228.56ms]
contracts	Run npm run check	2026-09-10T17:04:09.2449891Z (pass) TypeScript commonjs emitted provider contracts: contributions.ts [1523.33ms]
contracts	Run npm run check	2026-09-10T17:04:11.2044998Z (pass) TypeScript commonjs emitted provider contracts: negative/contributions.ts [1958.84ms]
contracts	Run npm run check	2026-09-10T17:04:13.2651488Z (pass) TypeScript commonjs emitted provider contracts: aliases.ts [2061.16ms]
contracts	Run npm run check	2026-09-10T17:04:15.3286036Z (pass) TypeScript commonjs emitted provider contracts: negative/aliases.ts [2063.46ms]
contracts	Run npm run check	2026-09-10T17:04:16.7398925Z (pass) TypeScript commonjs emitted provider contracts: dependency-references.ts [1411.22ms]
contracts	Run npm run check	2026-09-10T17:04:18.3737124Z (pass) TypeScript commonjs emitted provider contracts: negative/dependency-references.ts [1633.84ms]
contracts	Run npm run check	2026-09-10T17:04:20.0085823Z (pass) TypeScript commonjs emitted provider contracts: composition-adapters.ts [1634.54ms]
contracts	Run npm run check	2026-09-10T17:04:21.5275551Z (pass) TypeScript commonjs emitted provider contracts: negative/composition-adapters.ts [1519.30ms]
contracts	Run npm run check	2026-09-10T17:04:22.9837037Z (pass) TypeScript commonjs emitted provider contracts: selected-scopes.ts [1456.07ms]
contracts	Run npm run check	2026-09-10T17:04:24.6687283Z (pass) TypeScript commonjs emitted provider contracts: negative/selected-scopes.ts [1685.03ms]
contracts	Run npm run check	2026-09-10T17:04:26.1827251Z (pass) TypeScript commonjs emitted provider contracts: acquisition-mode.ts [1513.97ms]
contracts	Run npm run check	2026-09-10T17:04:27.5070761Z (pass) TypeScript commonjs emitted provider contracts: negative/acquisition-mode.ts [1324.33ms]
contracts	Run npm run check	2026-09-10T17:04:28.8253861Z (pass) TypeScript commonjs emitted provider contracts: scopes.ts [1318.25ms]
contracts	Run npm run check	2026-09-10T17:04:30.1774400Z (pass) TypeScript commonjs emitted provider contracts: negative/scopes.ts [1352.05ms]
contracts	Run npm run check	2026-09-10T17:04:31.7215862Z (pass) TypeScript commonjs emitted provider contracts: lifetimes.ts [1544.22ms]
contracts	Run npm run check	2026-09-10T17:04:33.7096106Z (pass) TypeScript commonjs emitted provider contracts: negative/lifetimes.ts [1988.00ms]
contracts	Run npm run check	2026-09-10T17:04:35.0452980Z (pass) TypeScript commonjs emitted provider contracts: tokens.ts [1335.59ms]
contracts	Run npm run check	2026-09-10T17:04:36.6197045Z (pass) TypeScript commonjs emitted provider contracts: negative/tokens.ts [1574.43ms]
contracts	Run npm run check	2026-09-10T17:04:37.9651177Z (pass) TypeScript commonjs emitted provider contracts: negative/token-modules.ts [1344.58ms]
contracts	Run npm run check	2026-09-10T17:04:39.2145483Z (pass) TypeScript commonjs emitted provider contracts: token-contracts.ts [1250.21ms]
contracts	Run npm run check	2026-09-10T17:04:40.5703369Z (pass) TypeScript commonjs emitted provider contracts: negative/token-contracts.ts [1355.73ms]
contracts	Run npm run check	2026-09-10T17:04:42.4705425Z (pass) TypeScript commonjs emitted provider contracts: providers.ts [1900.19ms]
contracts	Run npm run check	2026-09-10T17:04:44.0871190Z (pass) TypeScript commonjs emitted provider contracts: replacement-context.ts [1616.37ms]
contracts	Run npm run check	2026-09-10T17:04:45.6798257Z (pass) TypeScript commonjs emitted provider contracts: negative/replacement-context.ts [1592.87ms]
contracts	Run npm run check	2026-09-10T17:04:47.0760856Z (pass) TypeScript commonjs emitted provider contracts: negative/provider-boundaries.ts [1396.20ms]
contracts	Run npm run check	2026-09-10T17:04:48.3907804Z (pass) TypeScript commonjs emitted provider contracts: negative/provider-module-metadata.ts [1314.68ms]
contracts	Run npm run check	2026-09-10T17:04:49.7327693Z (pass) TypeScript commonjs emitted provider contracts: negative/provider-projections.ts [1342.05ms]
contracts	Run npm run check	2026-09-10T17:04:49.7795639Z (pass) classic installed module archive rejects removed box package entry points [46.52ms]
contracts	Run npm run check	2026-09-10T17:04:49.8539868Z (pass) classic installed module archive returns the full adversarial oracle [74.65ms]
contracts	Run npm run check	2026-09-10T17:04:49.9516386Z (pass) Node module consumers can resolve and dispose through the public package [97.66ms]
contracts	Run npm run check	2026-09-10T17:04:50.0049334Z (pass) Node module observes local and foreign native subclass state directly [48.33ms]
contracts	Run npm run check	2026-09-10T17:04:51.5973791Z (pass) TypeScript module consumers can use the emitted declarations [1597.32ms]
contracts	Run npm run check	2026-09-10T17:04:52.8126010Z (pass) TypeScript module emitted provider contracts: plugins.ts [1215.23ms]
contracts	Run npm run check	2026-09-10T17:04:54.1414973Z (pass) TypeScript module emitted provider contracts: negative/plugins.ts [1328.33ms]
contracts	Run npm run check	2026-09-10T17:04:55.5428254Z (pass) TypeScript module emitted provider contracts: observers.ts [1401.75ms]
contracts	Run npm run check	2026-09-10T17:04:56.7970905Z (pass) TypeScript module emitted provider contracts: negative/observers.ts [1254.23ms]
contracts	Run npm run check	2026-09-10T17:04:58.8020367Z (pass) TypeScript module emitted provider contracts: contributions.ts [2004.95ms]
contracts	Run npm run check	2026-09-10T17:05:00.8041353Z (pass) TypeScript module emitted provider contracts: negative/contributions.ts [2002.09ms]
contracts	Run npm run check	2026-09-10T17:05:02.5686295Z (pass) TypeScript module emitted provider contracts: aliases.ts [1764.45ms]
contracts	Run npm run check	2026-09-10T17:05:04.5019476Z (pass) TypeScript module emitted provider contracts: negative/aliases.ts [1933.34ms]
contracts	Run npm run check	2026-09-10T17:05:05.9373958Z (pass) TypeScript module emitted provider contracts: dependency-references.ts [1435.02ms]
contracts	Run npm run check	2026-09-10T17:05:07.5178838Z (pass) TypeScript module emitted provider contracts: negative/dependency-references.ts [1580.49ms]
contracts	Run npm run check	2026-09-10T17:05:08.7200805Z (pass) TypeScript module emitted provider contracts: composition-adapters.ts [1202.25ms]
contracts	Run npm run check	2026-09-10T17:05:09.9664135Z (pass) TypeScript module emitted provider contracts: negative/composition-adapters.ts [1246.22ms]
contracts	Run npm run check	2026-09-10T17:05:11.2986913Z (pass) TypeScript module emitted provider contracts: selected-scopes.ts [1332.34ms]
contracts	Run npm run check	2026-09-10T17:05:12.9022060Z (pass) TypeScript module emitted provider contracts: negative/selected-scopes.ts [1601.77ms]
contracts	Run npm run check	2026-09-10T17:05:14.5705248Z (pass) TypeScript module emitted provider contracts: acquisition-mode.ts [1670.11ms]
contracts	Run npm run check	2026-09-10T17:05:15.9502798Z (pass) TypeScript module emitted provider contracts: negative/acquisition-mode.ts [1379.66ms]
contracts	Run npm run check	2026-09-10T17:05:17.3104982Z (pass) TypeScript module emitted provider contracts: scopes.ts [1358.56ms]
contracts	Run npm run check	2026-09-10T17:05:18.6994309Z (pass) TypeScript module emitted provider contracts: negative/scopes.ts [1390.54ms]
contracts	Run npm run check	2026-09-10T17:05:20.3614793Z (pass) TypeScript module emitted provider contracts: lifetimes.ts [1660.34ms]
contracts	Run npm run check	2026-09-10T17:05:22.2452410Z (pass) TypeScript module emitted provider contracts: negative/lifetimes.ts [1885.44ms]
contracts	Run npm run check	2026-09-10T17:05:23.5883595Z (pass) TypeScript module emitted provider contracts: tokens.ts [1343.14ms]
contracts	Run npm run check	2026-09-10T17:05:25.1908882Z (pass) TypeScript module emitted provider contracts: negative/tokens.ts [1601.95ms]
contracts	Run npm run check	2026-09-10T17:05:26.4915826Z (pass) TypeScript module emitted provider contracts: negative/token-modules.ts [1301.21ms]
contracts	Run npm run check	2026-09-10T17:05:27.7577059Z (pass) TypeScript module emitted provider contracts: token-contracts.ts [1266.14ms]
contracts	Run npm run check	2026-09-10T17:05:29.0448061Z (pass) TypeScript module emitted provider contracts: negative/token-contracts.ts [1287.06ms]
contracts	Run npm run check	2026-09-10T17:05:30.5284874Z (pass) TypeScript module emitted provider contracts: providers.ts [1483.54ms]
contracts	Run npm run check	2026-09-10T17:05:32.3273486Z (pass) TypeScript module emitted provider contracts: replacement-context.ts [1798.84ms]
contracts	Run npm run check	2026-09-10T17:05:33.9711325Z (pass) TypeScript module emitted provider contracts: negative/replacement-context.ts [1643.84ms]
contracts	Run npm run check	2026-09-10T17:05:35.4528667Z (pass) TypeScript module emitted provider contracts: negative/provider-boundaries.ts [1481.63ms]
contracts	Run npm run check	2026-09-10T17:05:36.8031869Z (pass) TypeScript module emitted provider contracts: negative/provider-module-metadata.ts [1350.30ms]
contracts	Run npm run check	2026-09-10T17:05:38.1502333Z (pass) TypeScript module emitted provider contracts: negative/provider-projections.ts [1347.03ms]
contracts	Run npm run check	2026-09-10T17:05:39.2900300Z (pass) unchecked Bag construction is rejected through di-bag [1139.82ms]
contracts	Run npm run check	2026-09-10T17:05:41.0441893Z (pass) unchecked Bag construction is rejected through ../src/di-bag [1754.11ms]
contracts	Run npm run check	2026-09-10T17:05:42.2542276Z (pass) unchecked Module construction is rejected through di-bag [1210.06ms]
contracts	Run npm run check	2026-09-10T17:05:44.0690082Z (pass) unchecked Module construction is rejected through ../src/module [1814.71ms]
contracts	Run npm run check	2026-09-10T17:05:45.3180685Z (pass) unchecked Provider construction is rejected through di-bag [1249.05ms]
contracts	Run npm run check	2026-09-10T17:05:46.3557587Z (pass) unchecked Provider construction is rejected through ../src/provider [1037.71ms]
contracts	Run npm run check	2026-09-10T17:05:47.5369524Z (pass) unchecked Token construction is rejected through di-bag [1181.14ms]
contracts	Run npm run check	2026-09-10T17:05:48.9019685Z (pass) unchecked Token construction is rejected through ../src/tokens [1365.00ms]
contracts	Run npm run check	2026-09-10T17:05:48.9040352Z 
contracts	Run npm run check	2026-09-10T17:05:48.9040917Z ##[endgroup]
contracts	Run npm run check	2026-09-10T17:05:48.9044272Z 
contracts	Run npm run check	2026-09-10T17:05:48.9044925Z ##[group]tests/benchmark-compiler-controls.test.ts:
contracts	Run npm run check	2026-09-10T17:05:48.9233932Z (pass) negative controls reject a fast compile that lost its marker [0.23ms]
contracts	Run npm run check	2026-09-10T17:05:48.9258103Z (pass) negative controls require exactly one marker at the generated boundary [0.18ms]
contracts	Run npm run check	2026-09-10T17:05:48.9304427Z (pass) valid controls reject diagnostics and case identity substitution [0.06ms]
contracts	Run npm run check	2026-09-10T17:05:48.9305720Z (pass) controls reject invalid work metrics and source provenance drift [0.21ms]
contracts	Run npm run check	2026-09-10T17:05:48.9320688Z (pass) normalizer validates classic work and canonicalizes diagnostic paths [0.52ms]
contracts	Run npm run check	2026-09-10T17:05:48.9322061Z (pass) normalizer extracts native extended metrics without substituting process time [0.09ms]
contracts	Run npm run check	2026-09-10T17:05:48.9323611Z (pass) summary preserves every ordered sample and derives literal statistics [0.53ms]
contracts	Run npm run check	2026-09-10T17:05:48.9324783Z (pass) collector performs five warm-ups then 31 retained samples serially [0.97ms]
contracts	Run npm run check	2026-09-10T17:05:48.9325948Z (pass) catalog contains only the exact nine supported controls [0.06ms]
contracts	Run npm run check	2026-09-10T17:05:48.9326994Z (pass) failed child evidence is journaled before normalization rejects it [0.47ms]
contracts	Run npm run check	2026-09-10T17:05:48.9328107Z (pass) spawn failures are journaled even when no child row exists [0.20ms]
contracts	Run npm run check	2026-09-10T17:05:48.9328725Z 
contracts	Run npm run check	2026-09-10T17:05:48.9329364Z ##[endgroup]
contracts	Run npm run check	2026-09-10T17:05:48.9329658Z 
contracts	Run npm run check	2026-09-10T17:05:48.9330203Z ##[group]tests/platform-evidence.test.ts:
contracts	Run npm run check	2026-09-10T17:05:48.9331161Z (pass) required platform evidence rejects incomplete or unavailable matrices [0.33ms]
contracts	Run npm run check	2026-09-10T17:05:48.9332457Z (pass) local platform identity takes precedence and invalid local identity never falls back [0.75ms]
contracts	Run npm run check	2026-09-10T17:05:48.9334100Z (pass) child evidence rejects noncanonical output, stderr, process failures and the wrong lane [0.62ms]
contracts	Run npm run check	2026-09-10T17:05:48.9902087Z (pass) tool verification rejects explicit unavailability, version drift and hash drift [61.40ms]
contracts	Run npm run check	2026-09-10T17:05:48.9913968Z (pass) tool verification rejects malformed pins and unavailable executables before a lane starts [1.22ms]
contracts	Run npm run check	2026-09-10T17:05:48.9927660Z (pass) pack output requires exactly one archive and empty stderr [1.40ms]
contracts	Run npm run check	2026-09-10T17:05:48.9971602Z (pass) pack output rejects every missing declared export and package document [4.37ms]
contracts	Run npm run check	2026-09-10T17:05:49.0050808Z (pass) packed archive validation catches a missing archive, changed bytes and stale file inventory [7.87ms]
contracts	Run npm run check	2026-09-10T17:05:49.0267858Z (pass) archive inventory is an exact allowlist and package documents match isolated inputs byte-for-byte [21.62ms]
contracts	Run npm run check	2026-09-10T17:05:49.2973008Z (pass) repository manifest verifies every provisioned identity and retains absent tools as unavailable [270.45ms]
contracts	Run npm run check	2026-09-10T17:05:51.6421347Z (pass) isolated classic pack contains only freshly built declared exports and rechecks its hash [2344.88ms]
contracts	Run npm run check	2026-09-10T17:05:51.6432898Z (pass) evidence writer appends stable sorted JSONL under the source/date directory [1.25ms]
contracts	Run npm run check	2026-09-10T17:05:54.1259595Z (pass) platform command writes one sorted matrix and executes every provisioned lane [2482.51ms]
contracts	Run npm run check	2026-09-10T17:05:54.4535881Z (pass) platform evidence module imports under the pinned Node ESM loader [327.69ms]
contracts	Run npm run check	2026-09-10T17:05:54.7623756Z (pass) platform command retains archive failure rows and makes required failures nonzero [308.74ms]
contracts	Run npm run check	2026-09-10T17:05:54.7628295Z (pass) browser metafile parser rejects malformed shapes before resolving inputs [0.57ms]
contracts	Run npm run check	2026-09-10T17:05:54.7628727Z 
contracts	Run npm run check	2026-09-10T17:05:54.7629121Z ##[endgroup]
contracts	Run npm run check	2026-09-10T17:05:54.7629913Z 
contracts	Run npm run check	2026-09-10T17:05:54.7630348Z ##[group]tests/release-artifacts.test.ts:
contracts	Run npm run check	2026-09-10T17:05:54.7762619Z (pass) release documentation contract > adversarial release gates are separately supervised file commands [0.34ms]
contracts	Run npm run check	2026-09-10T17:05:54.7765950Z (pass) release documentation contract > release documents match the frozen package and gate every online command [0.37ms]
contracts	Run npm run check	2026-09-10T17:05:54.7770925Z (pass) release documentation contract > the publication boundary rejects stale, missing, duplicated, and misplaced commands [0.42ms]
contracts	Run npm run check	2026-09-10T17:05:54.7778712Z (pass) release documentation contract > public docs state entry-point, adapter, acquisition, ownership, and release limits [0.78ms]
contracts	Run npm run check	2026-09-10T17:05:54.7780625Z (pass) release artifact scripts > reject unsafe and unsupported manifest arguments [0.25ms]
contracts	Run npm run check	2026-09-10T17:05:54.7782161Z (pass) release artifact scripts > expose guarded parsers and archive inspection [0.03ms]
contracts	Run npm run check	2026-09-10T17:05:54.7783674Z (pass) archive verifier TDD boundary > exports a read-only verifier and strict CLI parser [0.01ms]
contracts	Run npm run check	2026-09-10T17:05:54.7816177Z (pass) safe npm archive parser > returns sorted regular entries and exact package metadata bytes [3.47ms]
contracts	Run npm run check	2026-09-10T17:05:54.7820601Z (pass) safe npm archive parser > rejects absolute name [0.47ms]
contracts	Run npm run check	2026-09-10T17:05:54.7826718Z (pass) safe npm archive parser > rejects traversal [0.61ms]
contracts	Run npm run check	2026-09-10T17:05:54.7830541Z (pass) safe npm archive parser > rejects backslash [0.38ms]
contracts	Run npm run check	2026-09-10T17:05:54.7834512Z (pass) safe npm archive parser > rejects outside package [0.38ms]
contracts	Run npm run check	2026-09-10T17:05:54.7841341Z (pass) safe npm archive parser > rejects duplicate [0.65ms]
contracts	Run npm run check	2026-09-10T17:05:54.7853747Z (pass) safe npm archive parser > rejects prefix collision [1.20ms]
contracts	Run npm run check	2026-09-10T17:05:54.7858544Z (pass) safe npm archive parser > rejects symlink [0.52ms]
contracts	Run npm run check	2026-09-10T17:05:54.7863390Z (pass) safe npm archive parser > rejects hardlink [0.46ms]
contracts	Run npm run check	2026-09-10T17:05:54.7899318Z (pass) safe npm archive parser > rejects fifo [3.55ms]
contracts	Run npm run check	2026-09-10T17:05:54.7905000Z (pass) safe npm archive parser > rejects device [0.57ms]
contracts	Run npm run check	2026-09-10T17:05:54.7908850Z (pass) safe npm archive parser > rejects unknown type [0.38ms]
contracts	Run npm run check	2026-09-10T17:05:54.7912833Z (pass) safe npm archive parser > rejects NUL ambiguity [0.42ms]
contracts	Run npm run check	2026-09-10T17:05:54.7916903Z (pass) safe npm archive parser > rejects entry size ceiling [0.39ms]
contracts	Run npm run check	2026-09-10T17:05:54.7924633Z (pass) safe npm archive parser > rejects checksum [0.78ms]
contracts	Run npm run check	2026-09-10T17:05:54.7928186Z (pass) safe npm archive parser > rejects magic [0.33ms]
contracts	Run npm run check	2026-09-10T17:05:54.7931947Z (pass) safe npm archive parser > rejects numeric NUL suffix [0.32ms]
contracts	Run npm run check	2026-09-10T17:05:54.7935785Z (pass) safe npm archive parser > rejects nonzero padding [0.43ms]
contracts	Run npm run check	2026-09-10T17:05:54.7939607Z (pass) safe npm archive parser > rejects terminator [0.39ms]
contracts	Run npm run check	2026-09-10T17:05:54.7943765Z (pass) safe npm archive parser > rejects trailing junk [0.39ms]
contracts	Run npm run check	2026-09-10T17:05:54.7952133Z (pass) safe npm archive parser > rejects truncated entry [0.44ms]
contracts	Run npm run check	2026-09-10T17:05:54.7953285Z (pass) safe npm archive parser > rejects missing metadata [0.34ms]
contracts	Run npm run check	2026-09-10T17:05:54.7964464Z (pass) safe npm archive parser > rejects invalid and empty gzip bytes [0.59ms]
contracts	Run npm run check	2026-09-10T17:05:54.7973308Z (pass) command evidence runner > parses canonical sorted inputs and preserves argv spaces [1.46ms]
contracts	Run npm run check	2026-09-10T17:05:54.7974504Z (pass) command evidence runner > rejects unsafe argv: bash -c echo hi [0.05ms]
contracts	Run npm run check	2026-09-10T17:05:54.7975888Z (pass) command evidence runner > rejects unsafe argv: npm view di-bag [0.04ms]
contracts	Run npm run check	2026-09-10T17:05:54.7976825Z (pass) command evidence runner > rejects unsafe argv: npm login [0.01ms]
contracts	Run npm run check	2026-09-10T17:05:54.7977776Z (pass) command evidence runner > rejects unsafe argv: npm publish a.tgz [0.01ms]
contracts	Run npm run check	2026-09-10T17:05:54.7978651Z (pass) command evidence runner > rejects unsafe argv: npm dist-tag add
contracts	Run npm run check	2026-09-10T17:05:54.7979556Z (pass) command evidence runner > rejects unsafe argv: git push [0.04ms]
contracts	Run npm run check	2026-09-10T17:05:54.7980434Z (pass) command evidence runner > rejects unsafe argv: git tag v1 [0.01ms]
contracts	Run npm run check	2026-09-10T17:05:54.7981392Z (pass) command evidence runner > rejects unsafe argv: node --registry x [0.01ms]
contracts	Run npm run check	2026-09-10T17:05:54.7982491Z (pass) command evidence runner > rejects unsafe argv: node https://registry.npmjs.org
contracts	Run npm run check	2026-09-10T17:05:54.7983822Z (pass) command evidence runner > rejects unsafe argv: node &&
contracts	Run npm run check	2026-09-10T17:05:54.7984672Z (pass) command evidence runner > rejects unsafe argv: node -e thing
contracts	Run npm run check	2026-09-10T17:05:54.7985644Z (pass) command evidence runner > rejects unsafe argv: env npm publish x.tgz [0.02ms]
contracts	Run npm run check	2026-09-10T17:05:54.7986577Z (pass) command evidence runner > rejects unsafe argv: env git push
contracts	Run npm run check	2026-09-10T17:05:54.7987496Z (pass) command evidence runner > rejects unsafe argv: npx npm view di-bag
contracts	Run npm run check	2026-09-10T17:05:54.7988321Z (pass) command evidence runner > rejects unsafe argv: bunx tool
contracts	Run npm run check	2026-09-10T17:05:54.7989440Z (pass) command evidence runner > rejects unsafe argv: corepack npm login
contracts	Run npm run check	2026-09-10T17:05:54.7990575Z (pass) command evidence runner > rejects relative, escaping, symlinked, duplicate, and unsupported arguments [0.26ms]
contracts	Run npm run check	2026-09-10T17:05:54.8070236Z (pass) command evidence runner > records stdout, stderr, input hashes, normalized success and record-last evidence [9.05ms]
contracts	Run npm run check	2026-09-10T17:05:54.8496886Z (pass) command evidence runner > rejects timeout, output overflow, nonzero status, and spawn failure without publishing a record [42.68ms]
contracts	Run npm run check	2026-09-10T17:05:54.8503644Z (pass) command evidence runner > rejects injected memory, monitor, signal and spawn outcomes [0.76ms]
contracts	Run npm run check	2026-09-10T17:05:54.8665869Z (pass) command evidence runner > failed reruns and thrown supervisors erase stale success evidence [16.10ms]
contracts	Run npm run check	2026-09-10T17:05:54.8985344Z (pass) command evidence runner > hashes inputs before execution and rolls back orphan logs if record publication fails [30.13ms]
contracts	Run npm run check	2026-09-10T17:05:54.8989478Z (pass) native gap inventory > freezes the exact current zero-gap source authority [2.36ms]
contracts	Run npm run check	2026-09-10T17:05:54.9002074Z (pass) native gap inventory > accepts empty and reviewed fresh inventory while an empty authority rejects a new gap [1.23ms]
contracts	Run npm run check	2026-09-10T17:05:54.9027105Z (pass) native gap inventory > parses the documented relative reviewed root and exact absolute outputs [2.48ms]
contracts	Run npm run check	2026-09-10T17:05:54.9034426Z (pass) release tree hashing > hashes sorted regular paths deterministically [0.75ms]
contracts	Run npm run check	2026-09-10T17:05:54.9160680Z (pass) release tree hashing > rejects empty, symlink, special and unsafe argument layouts [12.56ms]
contracts	Run npm run check	2026-09-10T17:05:54.9164314Z (pass) release tree hashing > detects byte mutations through changed digest [0.40ms]
contracts	Run npm run check	2026-09-10T17:05:54.9179544Z (pass) manifest validation and deterministic projection > manifest fixtures leave root candidate archive existence and bytes unchanged [1.39ms]
contracts	Run npm run check	2026-09-10T17:05:54.9263877Z (pass) manifest validation and deterministic projection > derives immutable archive facts and is deterministic across caller ordering [8.36ms]
contracts	Run npm run check	2026-09-10T17:05:54.9340570Z (pass) manifest validation and deterministic projection > public evidence has no absolute paths and is invariant to final commit and approved observed diff [7.69ms]
contracts	Run npm run check	2026-09-10T17:05:54.9380306Z (pass) manifest validation and deterministic projection > allows canonical SHA-512 SRI only in package integrity fields [4.00ms]
contracts	Run npm run check	2026-09-10T17:05:54.9533709Z (pass) manifest validation and deterministic projection > rejects duplicate/missing packages, bad versions, metadata, pack facts and handoff paths [15.29ms]
contracts	Run npm run check	2026-09-10T17:05:54.9575388Z (pass) manifest validation and deterministic projection > accepts zero reviewed and fresh native gaps and rejects every unexpected fresh occurrence [4.19ms]
contracts	Run npm run check	2026-09-10T17:05:54.9608596Z (pass) manifest validation and deterministic projection > retains nonempty-authority manifest validation for historical candidates [3.32ms]
contracts	Run npm run check	2026-09-10T17:05:54.9661592Z (pass) manifest validation and deterministic projection > rejects failed, malformed-time, duplicate-input and mutated-log command evidence [5.27ms]
contracts	Run npm run check	2026-09-10T17:05:54.9675129Z (pass) manifest validation and deterministic projection > rejects archive containment, symlink escape, absence and replacement facts [1.37ms]
contracts	Run npm run check	2026-09-10T17:05:54.9679077Z (pass) manifest validation and deterministic projection > manifest CLI rejects every non-fixed public target form [0.42ms]
contracts	Run npm run check	2026-09-10T17:05:54.9887008Z (pass) manifest validation and deterministic projection > public projection rejects absolute argv and input paths outside known roots [20.68ms]
contracts	Run npm run check	2026-09-10T17:05:57.3690754Z (pass) archive verifier > independently accepts exact archive, pack, metadata, export, dependency, and public facts [33.08ms]
contracts	Run npm run check	2026-09-10T17:05:57.5096197Z (pass) archive verifier > rejects every archive digest and file-list mismatch [140.52ms]
contracts	Run npm run check	2026-09-10T17:05:57.7072020Z (pass) archive verifier > rejects altered, duplicate, stale, divergent, extra-field, and filename pack JSON [197.56ms]
contracts	Run npm run check	2026-09-10T17:05:57.9022687Z (pass) archive verifier > enforces exact package metadata, exports, and empty dependencies [195.06ms]
contracts	Run npm run check	2026-09-10T17:05:58.1991005Z (pass) archive verifier > rejects malformed dependency, files, and bundled dependency metadata shapes [296.77ms]
contracts	Run npm run check	2026-09-10T17:05:59.0008184Z (pass) archive verifier > rejects forbidden source, test, fixture, dependency, credential, and tarball content [801.73ms]
contracts	Run npm run check	2026-09-10T17:05:59.3368687Z (pass) archive verifier > rejects missing public export pairs and removed adapter entries from archive bytes [336.03ms]
contracts	Run npm run check	2026-09-10T17:05:59.4454735Z (pass) archive verifier > requires byte-identical stable public evidence and rejects missing, stale, malformed, and extra bytes [108.51ms]
contracts	Run npm run check	2026-09-10T17:05:59.4704573Z (pass) archive verifier > rejects malicious archives before creating or running a consumer workdir [25.03ms]
contracts	Run npm run check	2026-09-10T17:05:59.4705924Z (pass) archive verifier > uses one fixed explicit offline install argv with no fallback [0.11ms]
contracts	Run npm run check	2026-09-10T17:05:59.4713912Z (pass) archive verifier > core import tracing rejects bare, self, node builtin, and unresolved relative specifiers [0.86ms]
contracts	Run npm run check	2026-09-10T17:06:00.1915589Z (pass) archive verifier > CLI accepts only canonical contained manifest and empty work directory paths [720.16ms]
contracts	Run npm run check	2026-09-10T17:06:00.1929043Z (pass) archive verifier > direct verifier API rejects outside, relative, aliased, and nonempty work paths before mutation [1.42ms]
contracts	Run npm run check	2026-09-10T17:06:01.1269927Z (pass) archive verifier > binds both declaration compilers to the exact manifest versions before emitting [933.97ms]
contracts	Run npm run check	2026-09-10T17:06:01.1274180Z (pass) archive verifier > matches both I14 diagnostics to their marked regions and expected message fragments [0.51ms]
contracts	Run npm run check	2026-09-10T17:06:23.2530855Z (pass) archive verifier > installs owned verified bytes and passes real Node/Bun, CJS/ESM, core-only, and declaration oracles [22125.48ms]
contracts	Run npm run check	2026-09-10T17:06:23.2712953Z (pass) final release audit > validates exactly five roles and produces deterministic non-self-attestation [5.63ms]
contracts	Run npm run check	2026-09-10T17:06:23.2801240Z (pass) final release audit > rejects missing, duplicate, failed, mutated, stale-input and wrong-Git evidence [8.81ms]
contracts	Run npm run check	2026-09-10T17:06:23.3601776Z (pass) final release audit > rejects every invalid retained command field and fixed limit violation [79.93ms]
contracts	Run npm run check	2026-09-10T17:06:23.3606016Z (pass) final release audit > audit CLI rejects wrong output, public location, OIDs, duplicate and extra options [0.58ms]
contracts	Run npm run check	2026-09-10T17:06:23.3618608Z 
contracts	Run npm run check	2026-09-10T17:06:23.3622510Z ##[endgroup]
contracts	Run npm run check	2026-09-10T17:06:23.3622648Z 
contracts	Run npm run check	2026-09-10T17:06:23.3626823Z ##[group]tests/selected-scopes.test.ts:
contracts	Run npm run check	2026-09-10T17:06:23.3675562Z (pass) selected sharing keeps parent dependencies while child overrides stay local [2.19ms]
contracts	Run npm run check	2026-09-10T17:06:23.3700925Z (pass) mixed token selections retain exact borrowed pending values and override bindings [0.60ms]
contracts	Run npm run check	2026-09-10T17:06:23.3701794Z (pass) scope snapshots selections and ignores unselected override getters and tuple iterators [0.49ms]
contracts	Run npm run check	2026-09-10T17:06:23.3702572Z (pass) invalid selections reject before override values or provider effects [0.70ms]
contracts	Run npm run check	2026-09-10T17:06:23.3703750Z (pass) empty selections are lazy and duplicates read each override once [0.50ms]
contracts	Run npm run check	2026-09-10T17:06:23.3704609Z (pass) inherited strict roots keep their graph when a child overrides a dependency as scoped [0.33ms]
contracts	Run npm run check	2026-09-10T17:06:23.3705017Z 
contracts	Run npm run check	2026-09-10T17:06:23.3705547Z ##[endgroup]
contracts	Run npm run check	2026-09-10T17:06:23.3705676Z 
contracts	Run npm run check	2026-09-10T17:06:23.3706060Z ##[group]tests/compiler-case.test.ts:
contracts	Run npm run check	2026-09-10T17:06:23.3706675Z (pass) selected compiler case admits only original matrix identities [0.23ms]
contracts	Run npm run check	2026-09-10T17:06:23.3707569Z (pass) a claimed accepted result cannot hide an original-boundary failure [0.64ms]
contracts	Run npm run check	2026-09-10T17:06:23.3723654Z (pass) direct selected-case calls reject invalid lane and matrix identities before dispatch [1.48ms]
contracts	Run npm run check	2026-09-10T17:06:23.3812082Z (pass) recomputed boundary rejects self-consistent worker evidence at the wrong boundary [8.95ms]
contracts	Run npm run check	2026-09-10T17:06:23.3814415Z (pass) selected evidence rejects sourceCommit drift while compilation runs [0.20ms]
contracts	Run npm run check	2026-09-10T17:06:23.3815497Z (pass) selected evidence rejects sourceStatus drift while compilation runs [0.01ms]
contracts	Run npm run check	2026-09-10T17:06:23.3816503Z (pass) selected evidence rejects sourceSha256 drift while compilation runs
contracts	Run npm run check	2026-09-10T17:06:23.3817455Z (pass) selected evidence rejects generatedSha256 drift while compilation runs
contracts	Run npm run check	2026-09-10T17:06:23.3818482Z (pass) native selected evidence preserves the hash of the compiled snapshot [0.09ms]
contracts	Run npm run check	2026-09-10T17:06:23.3819582Z (pass) compiler CLI deterministically selects exit status from simulated evidence [0.05ms]
contracts	Run npm run check	2026-09-10T17:06:23.3820712Z (pass) classic process failures retain compiler identity and complete provenance [0.06ms]
contracts	Run npm run check	2026-09-10T17:06:25.7338481Z (pass) classic selected 100 bulk valid returns verified evidence [2352.10ms]
contracts	Run npm run check	2026-09-10T17:06:28.3344849Z (pass) classic selected 100 bulk missing returns verified evidence [2600.65ms]
contracts	Run npm run check	2026-09-10T17:06:28.5872412Z (pass) native selected 100 bulk valid returns verified evidence [252.73ms]
contracts	Run npm run check	2026-09-10T17:06:28.8233352Z (pass) native selected 100 bulk missing returns verified evidence [236.08ms]
contracts	Run npm run check	2026-09-10T17:06:29.1645719Z (pass) selected compiler CLI rejects an invalid identity without JSON success [341.23ms]
contracts	Run npm run check	2026-09-10T17:06:29.1646342Z 
contracts	Run npm run check	2026-09-10T17:06:29.1646775Z ##[endgroup]
contracts	Run npm run check	2026-09-10T17:06:29.1648624Z 
contracts	Run npm run check	2026-09-10T17:06:29.1649114Z ##[group]tests/scopes.test.ts:
contracts	Run npm run check	2026-09-10T17:06:29.1675630Z (pass) children own fresh acquisitions while independent forks outlive their source [0.88ms]
contracts	Run npm run check	2026-09-10T17:06:29.1685102Z (pass) parent close synchronously closes every descendant admission gate and waits for descendants [0.95ms]
contracts	Run npm run check	2026-09-10T17:06:29.1690063Z (pass) pending child sources may acquire dependencies after parent close starts [0.52ms]
contracts	Run npm run check	2026-09-10T17:06:29.1693679Z (pass) pending acquisition promises deduplicate only within one scope [0.34ms]
contracts	Run npm run check	2026-09-10T17:06:29.1702627Z (pass) nested cleanup failures flatten by registration order despite reversed completion [0.89ms]
contracts	Run npm run check	2026-09-10T17:06:29.1708622Z (pass) independently settled children detach on success and failure without replay [0.60ms]
contracts	Run npm run check	2026-09-10T17:06:29.1713832Z (pass) parent close includes a child already closing until its failure settles [0.52ms]
contracts	Run npm run check	2026-09-10T17:06:29.1718078Z (pass) unexpected child close rejection is retained after parent cleanup [0.44ms]
contracts	Run npm run check	2026-09-10T17:06:29.1725823Z (pass) scope preserves native shadowed-then and raw Promise ownership in configured core [0.69ms]
contracts	Run npm run check	2026-09-10T17:06:29.1731029Z (pass) child projection rollback finishes before a parent-owned finalizer [0.54ms]
contracts	Run npm run check	2026-09-10T17:06:29.1740459Z (pass) scopes retain module-private identities and unchanged public binding metadata [0.89ms]
contracts	Run npm run check	2026-09-10T17:06:29.1744799Z (pass) unchecked scope arguments reject before creating or acquiring a child [0.48ms]
contracts	Run npm run check	2026-09-10T17:06:29.1745346Z 
contracts	Run npm run check	2026-09-10T17:06:29.1745909Z ##[endgroup]
contracts	Run npm run check	2026-09-10T17:06:29.1749031Z 
contracts	Run npm run check	2026-09-10T17:06:29.1749576Z ##[group]tests/enterprise-integration.test.ts:
contracts	Run npm run check	2026-09-10T17:06:29.1777533Z (pass) overlapping requests isolate private dependencies and release scopes before the shared root [1.35ms]
contracts	Run npm run check	2026-09-10T17:06:29.1781088Z (pass) owned-scope fixture preserves handler and cleanup failures without closing twice [0.43ms]
contracts	Run npm run check	2026-09-10T17:06:29.1786871Z (pass) test substitutions retain private module contracts and fresh transient instances [0.55ms]
contracts	Run npm run check	2026-09-10T17:06:29.1803863Z (pass) a dynamically imported module starts private providers and unloads contributions exactly once [1.67ms]
contracts	Run npm run check	2026-09-10T17:06:29.1806415Z (pass) owned-scope fixture preserves a thrown undefined value and cleanup-only failure [0.28ms]
contracts	Run npm run check	2026-09-10T17:06:29.1807741Z (pass) owned-scope work result types follow explicit awaiting of structural thenables [0.13ms]
contracts	Run npm run check	2026-09-10T17:06:29.1812122Z (pass) a fixture whose startup fails releases acquired resources without admitting work [0.39ms]
contracts	Run npm run check	2026-09-10T17:06:29.1812704Z 
contracts	Run npm run check	2026-09-10T17:06:29.1813316Z ##[endgroup]
contracts	Run npm run check	2026-09-10T17:06:29.1817063Z 
contracts	Run npm run check	2026-09-10T17:06:29.1817560Z ##[group]tests/token-modules.test.ts:
contracts	Run npm run check	2026-09-10T17:06:29.1829897Z (pass) exported tokens retarget private module consumers in forks [0.49ms]
contracts	Run npm run check	2026-09-10T17:06:29.1835671Z (pass) private tokens get independent installations and dependency ordered cleanup [0.50ms]
contracts	Run npm run check	2026-09-10T17:06:29.1841086Z (pass) token bindings preserve source reuse, promise identity and public replacement [0.53ms]
contracts	Run npm run check	2026-09-10T17:06:29.1844550Z (pass) fork snapshots mixed selection indices and reads only selected own overrides [0.36ms]
contracts	Run npm run check	2026-09-10T17:06:29.1852929Z (pass) duplicate mixed overrides keep getter order and route final values through private consumers [0.76ms]
contracts	Run npm run check	2026-09-10T17:06:29.1855970Z (pass) invalid token selections preflight before any selected override getter [0.35ms]
contracts	Run npm run check	2026-09-10T17:06:29.1860477Z (pass) runtime duplicate symbols reject atomically and leave builders reusable [0.44ms]
contracts	Run npm run check	2026-09-10T17:06:29.1861033Z 
contracts	Run npm run check	2026-09-10T17:06:29.1861445Z ##[endgroup]
contracts	Run npm run check	2026-09-10T17:06:29.1864170Z 
contracts	Run npm run check	2026-09-10T17:06:29.1864687Z ##[group]tests/persistent-graph.test.ts:
contracts	Run npm run check	2026-09-10T17:06:29.2051252Z (pass) replacement removes obsolete public IDs while earlier versions retain their own values [17.41ms]
contracts	Run npm run check	2026-09-10T17:06:29.2054471Z (pass) replacement counts all public slots and contribution references to a binding [0.46ms]
contracts	Run npm run check	2026-09-10T17:06:29.2059234Z (pass) private aliases protect replaced IDs but public aliases follow current slots [0.46ms]
contracts	Run npm run check	2026-09-10T17:06:29.2061109Z (pass) constructor keeps unused private registrations for explicit preflight and dangling refs for inspection [0.20ms]
contracts	Run npm run check	2026-09-10T17:06:29.2171754Z (pass) shared lexical input maps are snapshotted once per installation [10.88ms]
contracts	Run npm run check	2026-09-10T17:06:29.2500625Z (pass) string collisions, special own keys and same-description symbols stay distinct across updates [32.84ms]
contracts	Run npm run check	2026-09-10T17:06:29.2594097Z (pass) materialized contributions retain order through append and installation without changing old arrays [9.28ms]
contracts	Run npm run check	2026-09-10T17:06:29.2598496Z (pass) root lifetime stays parent-owned after a child overrides one shared public slot [0.62ms]
contracts	Run npm run check	2026-09-10T17:06:29.2600702Z (pass) former public targets are pruned when the last user of a shared lexical snapshot is replaced [0.24ms]
contracts	Run npm run check	2026-09-10T17:06:29.3298085Z (pass) pruning cascades iteratively through displaced lexical targets [69.58ms]
contracts	Run npm run check	2026-09-10T17:06:29.3325228Z (pass) contribution protection uses the once-read input snapshot through public replacement [0.84ms]
contracts	Run npm run check	2026-09-10T17:06:29.3353703Z 
contracts	Run npm run check	2026-09-10T17:06:29.3354923Z ##[endgroup]
contracts	Run npm run check	2026-09-10T17:06:29.3355215Z 
contracts	Run npm run check	2026-09-10T17:06:29.3355910Z ##[group]tests/diagnostic-markers.test.ts:
contracts	Run npm run check	2026-09-10T17:06:29.3357421Z (pass) strict matcher accounts for explicit supplemental diagnostics without splitting regions [0.36ms]
contracts	Run npm run check	2026-09-10T17:06:29.3358359Z (pass) supplement cannot replace a missing primary [0.11ms]
contracts	Run npm run check	2026-09-10T17:06:29.3384395Z (pass) supplement rejects {"code":2345} [0.09ms]
contracts	Run npm run check	2026-09-10T17:06:29.3385445Z (pass) supplement rejects {"file":"/other.ts"} [0.09ms]
contracts	Run npm run check	2026-09-10T17:06:29.3386338Z (pass) supplement rejects {"line":5} [0.03ms]
contracts	Run npm run check	2026-09-10T17:06:29.3387142Z (pass) supplement rejects {"code":2589} [0.03ms]
contracts	Run npm run check	2026-09-10T17:06:29.3387965Z (pass) supplement rejects {"message":"unrelated"} [0.01ms]
contracts	Run npm run check	2026-09-10T17:06:29.3388887Z (pass) unrelated cascades and TS2589 remain unexpected [0.07ms]
contracts	Run npm run check	2026-09-10T17:06:29.3389565Z 
contracts	Run npm run check	2026-09-10T17:06:29.3390129Z ##[endgroup]
contracts	Run npm run check	2026-09-10T17:06:29.3390485Z 
contracts	Run npm run check	2026-09-10T17:06:29.3391034Z ##[group]tests/native-package.test.ts:
contracts	Run npm run check	2026-09-10T17:08:05.6519831Z (pass) native installed contracts and physical downstream declarations from classic6 [96282.23ms]
contracts	Run npm run check	2026-09-10T17:09:10.9984968Z (pass) native installed contracts and physical downstream declarations from native7 [65345.62ms]
contracts	Run npm run check	2026-09-10T17:09:11.0013460Z 
contracts	Run npm run check	2026-09-10T17:09:11.0014354Z ##[endgroup]
contracts	Run npm run check	2026-09-10T17:09:11.0076564Z 
contracts	Run npm run check	2026-09-10T17:09:11.0134405Z ##[group]tests/comparator-contract.test.ts:
contracts	Run npm run check	2026-09-10T17:09:11.0155341Z (pass) admits only a synchronous named graph with singleton, transient and explicit lifecycle semantics [1.17ms]
contracts	Run npm run check	2026-09-10T17:09:11.0215883Z (pass) comparator cannot enter the table with incomplete or forged metadata [0.26ms]
contracts	Run npm run check	2026-09-10T17:09:11.0234039Z (pass) rejects asynchronous construction or resolution from the synchronous common subset [0.23ms]
contracts	Run npm run check	2026-09-10T17:09:11.0757233Z (pass) forbidden rejected async results are consumed before the child exits [75.27ms]
contracts	Run npm run check	2026-09-10T17:09:11.0760143Z (pass) rejects a changed named workload, singleton caching or transient freshness [0.37ms]
contracts	Run npm run check	2026-09-10T17:09:11.0764596Z (pass) rejects missing, partial and failing explicit disposal [0.44ms]
contracts	Run npm run check	2026-09-10T17:09:11.0773707Z (pass) reports absent optional packages as unavailable without inventing adapter rows [0.82ms]
contracts	Run npm run check	2026-09-10T17:09:11.0784232Z (pass) distinguishes unavailable installation from an unreviewed or semantically invalid adapter [1.03ms]
contracts	Run npm run check	2026-09-10T17:09:11.0791265Z (pass) rejects package and adapter identity drift before semantic admission [0.74ms]
contracts	Run npm run check	2026-09-10T17:09:11.0799557Z (pass) comparator CLI mode emits only truthful optional status rows and creates no timing evidence [0.82ms]
contracts	Run npm run check	2026-09-10T17:09:11.0800153Z 
contracts	Run npm run check	2026-09-10T17:09:11.0800575Z ##[endgroup]
contracts	Run npm run check	2026-09-10T17:09:11.0802240Z 
contracts	Run npm run check	2026-09-10T17:09:11.0802713Z ##[group]tests/native-process.test.ts:
contracts	Run npm run check	2026-09-10T17:09:11.1159605Z (pass) supervisor terminates and reaps a live child on monitor EIO [2.19ms]
contracts	Run npm run check	2026-09-10T17:09:11.1168994Z (pass) supervisor terminates and reaps a live child on monitor EACCES [0.99ms]
contracts	Run npm run check	2026-09-10T17:09:11.1177553Z (pass) supervisor terminates and reaps a live child on monitor ENOENT [0.83ms]
contracts	Run npm run check	2026-09-10T17:09:11.1185517Z (pass) supervisor terminates and reaps a live child on monitor ESRCH [0.81ms]
contracts	Run npm run check	2026-09-10T17:09:11.1408584Z (pass) supervisor terminates and reaps a live child on monitor missing VmRSS [22.26ms]
contracts	Run npm run check	2026-09-10T17:09:11.1717608Z (pass) supervisor terminates and reaps a live child on monitor malformed VmRSS [30.84ms]
contracts	Run npm run check	2026-09-10T17:09:11.2527678Z (pass) supervisor drains and reaps a zombie when status reports ENOENT before the exit callback [80.96ms]
contracts	Run npm run check	2026-09-10T17:09:11.3409045Z 62 |       }
contracts	Run npm run check	2026-09-10T17:09:11.3409938Z 63 |       throw new Error('Child did not reach zombie state before exit notification');
contracts	Run npm run check	2026-09-10T17:09:11.3410612Z 64 |     });
contracts	Run npm run check	2026-09-10T17:09:11.3411067Z 65 |     expect(zombiePid).toBeGreaterThan(0);
contracts	Run npm run check	2026-09-10T17:09:11.3412022Z 66 |     expect(result).toMatchObject({ status: 0, signal: null, stdout: 'out\n', stderr: 'err\n' });
contracts	Run npm run check	2026-09-10T17:09:11.3412779Z 67 |     expect(result.terminationReason).toBeUndefined();
contracts	Run npm run check	2026-09-10T17:09:11.3413294Z                                           ^
contracts	Run npm run check	2026-09-10T17:09:11.3413663Z error: expect(received).toBeUndefined()
contracts	Run npm run check	2026-09-10T17:09:11.3414330Z 
contracts	Run npm run check	2026-09-10T17:09:11.3414441Z Received: "monitor"
contracts	Run npm run check	2026-09-10T17:09:11.3414586Z 
contracts	Run npm run check	2026-09-10T17:09:11.3414918Z       at <anonymous> (/home/runner/work/di-bag/di-bag/tests/native-process.test.ts:67:38)
contracts	Run npm run check	2026-09-10T17:09:11.3415290Z 
contracts	Run npm run check	2026-09-10T17:09:11.3443923Z ##[error]Received: "monitor"
contracts	Run npm run check	
contracts	Run npm run check	      at <anonymous> (/home/runner/work/di-bag/di-bag/tests/native-process.test.ts:67:38)
contracts	Run npm run check	2026-09-10T17:09:11.3454770Z (fail) supervisor drains and reaps a zombie when status reports ESRCH before the exit callback [88.23ms]
contracts	Run npm run check	2026-09-10T17:09:11.5277035Z (pass) supervisor confirms exit 0 after stale non-zombie status loses VmRSS [186.77ms]
contracts	Run npm run check	2026-09-10T17:09:11.7099107Z (pass) supervisor confirms exit 2 after stale non-zombie status loses VmRSS [182.21ms]
contracts	Run npm run check	2026-09-10T17:09:11.7326794Z (pass) supervisor preserves exit 0 with pre-zombie kernel exit evidence [22.76ms]
contracts	Run npm run check	2026-09-10T17:09:11.7547096Z (pass) supervisor preserves exit 2 with pre-zombie kernel exit evidence [22.02ms]
contracts	Run npm run check	2026-09-10T17:09:11.7982347Z (pass) supervisor fails closed when the thread leader exits but a worker still runs [43.41ms]
contracts	Run npm run check	2026-09-10T17:09:11.8827120Z (pass) supervisor confirms ESRCH process disappearance before its exit callback runs [84.48ms]
contracts	Run npm run check	2026-09-10T17:09:11.9702666Z (pass) supervisor drains streams and awaits pending sample cleanup for missing VmRSS during exit [87.52ms]
contracts	Run npm run check	2026-09-10T17:09:12.0601691Z (pass) supervisor drains streams and awaits pending sample cleanup for ENOENT after exit [89.95ms]
contracts	Run npm run check	2026-09-10T17:09:12.1527334Z (pass) supervisor drains streams and awaits pending sample cleanup for ESRCH after exit [92.52ms]
contracts	Run npm run check	2026-09-10T17:09:12.2225771Z (pass) monitor termination waits for inherited stdout and stderr to close [69.86ms]
contracts	Run npm run check	2026-09-10T17:09:12.3060739Z (pass) supervisor retains clean child streams and exit status [83.44ms]
contracts	Run npm run check	2026-09-10T17:09:12.3071512Z (pass) failed spawn is explicit evidence [1.17ms]
contracts	Run npm run check	2026-09-10T17:09:12.3295628Z (pass) supervisor terminates and reaps timeout child [22.32ms]
contracts	Run npm run check	2026-09-10T17:09:12.3519395Z (pass) supervisor terminates and reaps memory child [22.37ms]
contracts	Run npm run check	2026-09-10T17:09:12.3817180Z (pass) supervisor terminates and reaps output child [29.73ms]
contracts	Run npm run check	2026-09-10T17:09:12.3819182Z (pass) invalid limits and unsupported platforms fail before spawning [0.29ms]
contracts	Run npm run check	2026-09-10T17:09:12.4120303Z (pass) output overflow remains byte bounded when UTF8 is cut within a character [30.00ms]
contracts	Run npm run check	2026-09-10T17:09:12.4122238Z (pass) kernel exit proof parses complete stat records with unescaped task names and strict flags [0.28ms]
contracts	Run npm run check	2026-09-10T17:09:12.4353657Z (pass) supervisor checks empty initial group in task-group exit evidence [23.00ms]
contracts	Run npm run check	2026-09-10T17:09:12.4581949Z (pass) supervisor checks empty final group in task-group exit evidence [22.86ms]
contracts	Run npm run check	2026-09-10T17:09:12.4808513Z (pass) supervisor checks unproven final thread in task-group exit evidence [22.63ms]
contracts	Run npm run check	2026-09-10T17:09:12.5034060Z (pass) supervisor checks permission failure in task-group exit evidence [22.54ms]
contracts	Run npm run check	2026-09-10T17:09:12.5263722Z (pass) supervisor checks malformed stat in task-group exit evidence [22.98ms]
contracts	Run npm run check	2026-09-10T17:09:12.6062445Z (pass) supervisor checks departed thread ENOENT in task-group exit evidence [79.82ms]
contracts	Run npm run check	2026-09-10T17:09:12.6884254Z (pass) supervisor checks departed thread ESRCH in task-group exit evidence [82.15ms]
contracts	Run npm run check	2026-09-10T17:09:12.6884819Z 
contracts	Run npm run check	2026-09-10T17:09:12.6885284Z ##[endgroup]
contracts	Run npm run check	2026-09-10T17:09:12.6887074Z 
contracts	Run npm run check	2026-09-10T17:09:12.6887559Z ##[group]tests/selected-scope-runtime.test.ts:
contracts	Run npm run check	2026-09-10T17:09:12.6918232Z (pass) selected service borrows parent configuration and ownership while child config is overridden [1.36ms]
contracts	Run npm run check	2026-09-10T17:09:12.6922275Z (pass) scoped sharing selects the immediate parent and must be selected again by grandchildren [0.42ms]
contracts	Run npm run check	2026-09-10T17:09:12.6929641Z (pass) child-defined roots anchor their graph while inherited roots construct in the original graph [0.71ms]
contracts	Run npm run check	2026-09-10T17:09:12.6935030Z (pass) shared pending promises deduplicate and failed acquisitions retry at the owner [0.56ms]
contracts	Run npm run check	2026-09-10T17:09:12.6941985Z (pass) closing a borrower leaves the pending owner context and finalizer intact [0.59ms]
contracts	Run npm run check	2026-09-10T17:09:12.6947510Z (pass) pending child sources discover shared parent dependencies during tree close [0.62ms]
contracts	Run npm run check	2026-09-10T17:09:12.6951299Z (pass) strict child roots reject shared scoped dependencies before reading a cached owner [0.38ms]
contracts	Run npm run check	2026-09-10T17:09:12.6954890Z (pass) shared dependency edges detect cycles through retained owner proxies [0.37ms]
contracts	Run npm run check	2026-09-10T17:09:12.6958920Z (pass) shared module bindings preserve lexical private dependencies despite child public replacements [0.37ms]
contracts	Run npm run check	2026-09-10T17:09:12.6963349Z (pass) synchronous shared owner reentry detects a cycle across acquisition owners [0.43ms]
contracts	Run npm run check	2026-09-10T17:09:12.6967704Z (pass) a ready projection retains source permission for late shared reads [0.45ms]
contracts	Run npm run check	2026-09-10T17:09:12.6969537Z (pass) a failed projection retains source permission for late shared reads [0.20ms]
contracts	Run npm run check	2026-09-10T17:09:12.6973884Z (pass) completed and retired child proxies cannot borrow another source closing permission for shared reads [0.36ms]
contracts	Run npm run check	2026-09-10T17:09:12.6974510Z 
contracts	Run npm run check	2026-09-10T17:09:12.6974886Z ##[endgroup]
contracts	Run npm run check	2026-09-10T17:09:12.6976389Z 
contracts	Run npm run check	2026-09-10T17:09:12.6976874Z ##[group]tests/tokens.test.ts:
contracts	Run npm run check	2026-09-10T17:09:12.6992357Z (pass) token symbols participate in the same acquisition graph [0.39ms]
contracts	Run npm run check	2026-09-10T17:09:12.6994749Z (pass) handles authenticate identity and capture a receiver-free symbol [0.23ms]
contracts	Run npm run check	2026-09-10T17:09:12.6998852Z (pass) indexed snapshots ignore iterators and caller mutations [0.40ms]
contracts	Run npm run check	2026-09-10T17:09:12.7000570Z (pass) invalid selections fail before callbacks and binding transforms [0.16ms]
contracts	Run npm run check	2026-09-10T17:09:12.7003580Z (pass) same actual symbols and repeated token reads reuse one cache slot [0.29ms]
contracts	Run npm run check	2026-09-10T17:09:12.7006380Z (pass) distinct symbols with the same description resolve independent slots [0.27ms]
contracts	Run npm run check	2026-09-10T17:09:12.7011750Z (pass) symbol dependencies follow lexical private and public references [0.50ms]
contracts	Run npm run check	2026-09-10T17:09:12.7017786Z (pass) token and named cycles report symbol labels in both entry orders [0.57ms]
contracts	Run npm run check	2026-09-10T17:09:12.7021742Z (pass) rejected token acquisitions retry without awaiting callback arguments [0.41ms]
contracts	Run npm run check	2026-09-10T17:09:12.7026828Z (pass) late named reads from a token-bound source retain close permission and disposal order [0.48ms]
contracts	Run npm run check	2026-09-10T17:09:12.7028554Z (pass) undeclared well-known symbol reads remain undefined [0.20ms]
contracts	Run npm run check	2026-09-10T17:09:12.7034717Z (pass) binding views and transformations retain frozen source selection without mutating inputs [0.55ms]
contracts	Run npm run check	2026-09-10T17:09:12.7035605Z 
contracts	Run npm run check	2026-09-10T17:09:12.7036216Z ##[endgroup]
contracts	Run npm run check	2026-09-10T17:09:12.7036606Z 
contracts	Run npm run check	2026-09-10T17:09:12.7037195Z ##[group]tests/incremental-scale.test.ts:
contracts	Run npm run check	2026-09-10T17:09:15.2781126Z (pass) incremental compiler work: 100 named additions [2573.87ms]
contracts	Run npm run check	2026-09-10T17:09:17.8296622Z (pass) incremental compiler work: 100 named replacements [2551.48ms]
contracts	Run npm run check	2026-09-10T17:09:20.7779066Z (pass) incremental compiler work: 100 token bindings [2948.22ms]
contracts	Run npm run check	2026-09-10T17:09:24.3777918Z (pass) incremental compiler work: 100 installed token modules [3599.89ms]
contracts	Run npm run check	2026-09-10T17:09:24.3778403Z 
contracts	Run npm run check	2026-09-10T17:09:24.3778779Z ##[endgroup]
contracts	Run npm run check	2026-09-10T17:09:24.3780491Z 
contracts	Run npm run check	2026-09-10T17:09:24.3780878Z ##[group]tests/persistent-map.test.ts:
contracts	Run npm run check	2026-09-10T17:09:24.3827781Z (pass) collision replacement and deletion preserve other keys and earlier versions [4.03ms]
contracts	Run npm run check	2026-09-10T17:09:24.3987719Z (pass) mixed insert/delete operations agree with an independent native map [15.93ms]
contracts	Run npm run check	2026-09-10T17:09:24.3988157Z 
contracts	Run npm run check	2026-09-10T17:09:24.3988527Z ##[endgroup]
contracts	Run npm run check	2026-09-10T17:09:24.3990543Z 
contracts	Run npm run check	2026-09-10T17:09:24.3990972Z ##[group]tests/api-renaming.test.ts:
contracts	Run npm run check	2026-09-10T17:09:24.4010616Z (pass) combined metadata retains static descriptions and ordered direct/awaited frames [0.80ms]
contracts	Run npm run check	2026-09-10T17:09:24.4018522Z (pass) metadata collisions preflight and asynchronous metadata callbacks reject [0.77ms]
contracts	Run npm run check	2026-09-10T17:09:24.4022645Z (pass) transformService retains earlier ownership and raw output disposal policy [0.36ms]
contracts	Run npm run check	2026-09-10T17:09:24.4034449Z (pass) register, acquisition context, modules and immutable observer configuration compose [1.16ms]
contracts	Run npm run check	2026-09-10T17:09:24.4042545Z (pass) diagnostics count callbacks, retain cycles and preserve application error identity [0.82ms]
contracts	Run npm run check	2026-09-10T17:09:24.4045868Z (pass) missing dependency diagnostics identify consumer and complete resolution path [0.33ms]
contracts	Run npm run check	2026-09-10T17:09:24.4048134Z (pass) closed facades distinguish closed from closing across fork and createScope [0.25ms]
contracts	Run npm run check	2026-09-10T17:09:24.4049542Z (pass) metadata rejects inherited top-level options before reading or executing them [0.13ms]
contracts	Run npm run check	2026-09-10T17:09:24.4053304Z (pass) metadata snapshots dynamic mode and callback once before static getters run [0.32ms]
contracts	Run npm run check	2026-09-10T17:09:24.4053865Z 
contracts	Run npm run check	2026-09-10T17:09:24.4054318Z ##[endgroup]
contracts	Run npm run check	2026-09-10T17:09:24.4054513Z 
contracts	Run npm run check	2026-09-10T17:09:24.4054900Z ##[group]tests/runtime.test.ts:
contracts	Run npm run check	2026-09-10T17:09:24.4066458Z (pass) sync diamond dependencies are created once and stay synchronous [0.18ms]
contracts	Run npm run check	2026-09-10T17:09:24.4067314Z (pass) undefined is memoized [0.10ms]
contracts	Run npm run check	2026-09-10T17:09:24.4070306Z (pass) a creating undefined-valued factory cannot be returned through reentrant resolution [0.26ms]
contracts	Run npm run check	2026-09-10T17:09:24.4072220Z (pass) forward registration and forks use independent memoization [0.24ms]
contracts	Run npm run check	2026-09-10T17:09:24.4073503Z (pass) synchronous factory failure can be retried [0.12ms]
contracts	Run npm run check	2026-09-10T17:09:24.4077534Z (pass) ending one builder twice and forking create fresh owned roots [0.36ms]
contracts	Run npm run check	2026-09-10T17:09:24.4080307Z (pass) async dependencies remain explicit and concurrent resolutions share a promise [0.28ms]
contracts	Run npm run check	2026-09-10T17:09:24.4082299Z (pass) synchronous cycles include their dependency path [0.20ms]
contracts	Run npm run check	2026-09-10T17:09:24.4083649Z (pass) prototype properties are not factories [0.10ms]
contracts	Run npm run check	2026-09-10T17:09:24.4086024Z (pass) async factory rejections can be retried [0.23ms]
contracts	Run npm run check	2026-09-10T17:09:24.4088170Z (pass) synchronous failure discards abandoned edges before retrying another token [0.20ms]
contracts	Run npm run check	2026-09-10T17:09:24.4092169Z (pass) async failure discards abandoned edges before retrying another token [0.35ms]
contracts	Run npm run check	2026-09-10T17:09:24.4095224Z (pass) then inspection failure discards outgoing edges before another token retries [0.34ms]
contracts	Run npm run check	2026-09-10T17:09:24.4099327Z (pass) cycles discovered after await reject instead of hanging [0.42ms]
contracts	Run npm run check	2026-09-10T17:09:24.4099746Z 
contracts	Run npm run check	2026-09-10T17:09:24.4100163Z ##[endgroup]
contracts	Run npm run check	2026-09-10T17:09:24.4100392Z 
contracts	Run npm run check	2026-09-10T17:09:24.4100821Z ##[group]tests/native-diagnostic-markers.test.ts:
contracts	Run npm run check	2026-09-10T17:09:24.4112496Z (pass) known native overload rejection retains its unmet useful requirement separately [0.32ms]
contracts	Run npm run check	2026-09-10T17:09:24.4113697Z (pass) native gap rejects unknown declaration [0.13ms]
contracts	Run npm run check	2026-09-10T17:09:24.4114453Z (pass) native gap rejects malformed declaration [0.03ms]
contracts	Run npm run check	2026-09-10T17:09:24.4115207Z (pass) native gap rejects duplicate declaration [0.06ms]
contracts	Run npm run check	2026-09-10T17:09:24.4115898Z (pass) native gap rejects misplaced declaration [0.03ms]
contracts	Run npm run check	2026-09-10T17:09:24.4116559Z (pass) native gap rejects not adjacent [0.03ms]
contracts	Run npm run check	2026-09-10T17:09:24.4117245Z (pass) native gap rejects stale declaration [0.02ms]
contracts	Run npm run check	2026-09-10T17:09:24.4118060Z (pass) native gap rejects wrong code [0.02ms]
contracts	Run npm run check	2026-09-10T17:09:24.4125314Z (pass) native gap rejects wrong full message [0.03ms]
contracts	Run npm run check	2026-09-10T17:09:24.4125795Z (pass) native gap rejects wrong file [0.09ms]
contracts	Run npm run check	2026-09-10T17:09:24.4126224Z (pass) native gap rejects wrong region [0.04ms]
contracts	Run npm run check	2026-09-10T17:09:24.4126650Z (pass) native gap rejects absent error [0.03ms]
contracts	Run npm run check	2026-09-10T17:09:24.4127039Z (pass) native gap rejects TS2589 [0.02ms]
contracts	Run npm run check	2026-09-10T17:09:24.4127455Z (pass) native gap rejects duplicate error [0.02ms]
contracts	Run npm run check	2026-09-10T17:09:24.4127869Z (pass) native gap rejects unrelated extra [0.02ms]
contracts	Run npm run check	2026-09-10T17:09:24.4128254Z (pass) native gap rejects no declaration [0.02ms]
contracts	Run npm run check	2026-09-10T17:09:24.4128731Z (pass) native gap cannot replace a supplemental expectation [0.10ms]
contracts	Run npm run check	2026-09-10T17:09:24.4129352Z (pass) union and open-template fingerprints require their own exact declarations [0.20ms]
contracts	Run npm run check	2026-09-10T17:09:24.4130444Z (pass) native gap cannot satisfy a different primary even when that primary matches its fingerprint [0.06ms]
contracts	Run npm run check	2026-09-10T17:09:24.4130850Z 
contracts	Run npm run check	2026-09-10T17:09:24.4131214Z ##[endgroup]
contracts	Run npm run check	2026-09-10T17:09:24.4131399Z 
contracts	Run npm run check	2026-09-10T17:09:24.4131826Z ##[group]tests/native-compiler.test.ts:
contracts	Run npm run check	2026-09-10T17:09:24.4132454Z (pass) parser retains real native multiline diagnostics, positions and metrics [0.12ms]
contracts	Run npm run check	2026-09-10T17:09:24.4133341Z (pass) parser exposes configuration errors, TS2589 and unknown output [0.06ms]
contracts	Run npm run check	2026-09-10T17:09:24.4134890Z (pass) source marker gate rejects wrong file, region, message, TS2589 and unmatched cascades [0.25ms]
contracts	Run npm run check	2026-09-10T17:09:25.3195161Z (pass) verified native executable checks real nonempty valid and invalid projects [905.83ms]
contracts	Run npm run check	2026-09-10T17:09:25.5287753Z (pass) native small control bulk valid [209.37ms]
contracts	Run npm run check	2026-09-10T17:09:25.7340656Z (pass) native small control bulk missing [205.22ms]
contracts	Run npm run check	2026-09-10T17:09:26.3397118Z (pass) native small control bindings valid [605.61ms]
contracts	Run npm run check	2026-09-10T17:09:26.9441200Z (pass) native small control bindings missing-final-token [604.42ms]
contracts	Run npm run check	2026-09-10T17:09:47.7709865Z (pass) native compiler completes 1000 dependent token bindings within the original limits [20826.82ms]
contracts	Run npm run check	2026-09-10T17:10:23.4033463Z (pass) native compiler resolves the final service from 1000 dependent token modules within the original limits [35632.33ms]
contracts	Run npm run check	2026-09-10T17:10:54.7422582Z (pass) native compiler completes 1000 named replacements within the original limits [31338.89ms]
contracts	Run npm run check	2026-09-10T17:11:18.5367499Z (pass) native compiler completes 1000 dependent named additions within the original limits [23794.48ms]
contracts	Run npm run check	2026-09-10T17:11:18.5368132Z 
contracts	Run npm run check	2026-09-10T17:11:18.5368623Z ##[endgroup]
contracts	Run npm run check	2026-09-10T17:11:18.5370053Z 
contracts	Run npm run check	2026-09-10T17:11:18.5370465Z ##[group]tests/benchmark-types.test.ts:
contracts	Run npm run check	2026-09-10T17:11:18.5389955Z (pass) parent evaluator validates untrusted worker evidence and preserves requested identities [0.66ms]
contracts	Run npm run check	2026-09-10T17:11:18.8560244Z (pass) benchmark rejects unsupported flags: --native --native [316.94ms]
contracts	Run npm run check	2026-09-10T17:11:19.1691173Z (pass) benchmark rejects unsupported flags: --tokens --tokens [313.08ms]
contracts	Run npm run check	2026-09-10T17:11:19.4794538Z (pass) benchmark rejects unsupported flags: --unknown [310.31ms]
contracts	Run npm run check	2026-09-10T17:11:19.7907980Z (pass) benchmark rejects unsupported flags: --native --tokens --unknown [311.39ms]
contracts	Run npm run check	2026-09-10T17:11:21.2939910Z (pass) named benchmark boundary: 100 bulk valid [1503.12ms]
contracts	Run npm run check	2026-09-10T17:11:22.6462484Z (pass) named benchmark boundary: 100 bulk missing [1352.15ms]
contracts	Run npm run check	2026-09-10T17:11:23.9764751Z (pass) named benchmark boundary: 100 bulk wrong-shape [1329.08ms]
contracts	Run npm run check	2026-09-10T17:11:26.1139141Z (pass) named benchmark boundary: 100 chained valid [2138.57ms]
contracts	Run npm run check	2026-09-10T17:11:28.3712522Z (pass) named benchmark boundary: 100 chained missing [2257.28ms]
contracts	Run npm run check	2026-09-10T17:11:30.4400438Z (pass) named benchmark boundary: 100 chained wrong-shape [2068.82ms]
contracts	Run npm run check	2026-09-10T17:11:31.6392063Z (pass) named benchmark boundary: 100 grouped valid [1199.15ms]
contracts	Run npm run check	2026-09-10T17:11:32.6552023Z (pass) named benchmark boundary: 100 grouped missing [1015.92ms]
contracts	Run npm run check	2026-09-10T17:11:33.7099806Z (pass) named benchmark boundary: 100 grouped wrong-shape [1054.75ms]
contracts	Run npm run check	2026-09-10T17:11:35.6888436Z (pass) named benchmark boundary: 100 replacement valid [1978.83ms]
contracts	Run npm run check	2026-09-10T17:11:37.8524060Z (pass) named benchmark boundary: 100 replacement missing [2163.54ms]
contracts	Run npm run check	2026-09-10T17:11:40.3290571Z (pass) named benchmark boundary: 100 replacement wrong-shape [2476.60ms]
contracts	Run npm run check	2026-09-10T17:11:42.8867844Z (pass) named benchmark worker retains complete boundary diagnostics [2557.78ms]
contracts	Run npm run check	2026-09-10T17:11:45.8444419Z (pass) token worker defaults a valid invocation to 100 services [2957.64ms]
contracts	Run npm run check	2026-09-10T17:11:48.8045417Z (pass) token worker accepts an explicit supported count [2960.15ms]
contracts	Run npm run check	2026-09-10T17:11:49.0902887Z (pass) token worker rejects an extra argument before compilation [285.72ms]
contracts	Run npm run check	2026-09-10T17:11:49.3758313Z (pass) token worker rejects count zero before compilation [285.49ms]
contracts	Run npm run check	2026-09-10T17:11:49.6657248Z (pass) token worker rejects an unsupported count before compilation [289.92ms]
contracts	Run npm run check	2026-09-10T17:11:49.9486467Z (pass) token worker rejects an invalid form before compilation [282.88ms]
contracts	Run npm run check	2026-09-10T17:11:50.2423890Z (pass) token worker rejects an invalid scenario before compilation [293.72ms]
contracts	Run npm run check	2026-09-10T17:11:50.2424486Z 
contracts	Run npm run check	2026-09-10T17:11:50.2424866Z ##[endgroup]
contracts	Run npm run check	2026-09-10T17:11:50.2425016Z 
contracts	Run npm run check	2026-09-10T17:11:50.2425317Z ##[group]tests/types.test.ts:
contracts	Run npm run check	2026-09-10T17:11:51.5702182Z (pass) observers retain exact inferred cross-file contracts [1314.96ms]
contracts	Run npm run check	2026-09-10T17:11:52.6644659Z (pass) plugins retain exact inferred cross-file contracts [1090.77ms]
contracts	Run npm run check	2026-09-10T17:11:53.6974751Z (pass) final adversarial integration retains exact inferred cross-file contracts [1036.31ms]
contracts	Run npm run check	2026-09-10T17:11:55.0196315Z (pass) contributions retain exact inferred cross-file contracts [1322.15ms]
contracts	Run npm run check	2026-09-10T17:11:56.5177235Z (pass) aliases retain exact inferred cross-file contracts [1498.08ms]
contracts	Run npm run check	2026-09-10T17:11:57.9615377Z (pass) dependency references retain exact inferred cross-file contracts [1442.90ms]
contracts	Run npm run check	2026-09-10T17:11:59.2554388Z (pass) composition adapters retain exact inferred cross-file contracts [1294.73ms]
contracts	Run npm run check	2026-09-10T17:12:00.3626189Z (pass) selected scopes retain exact inferred cross-file contracts [1107.19ms]
contracts	Run npm run check	2026-09-10T17:12:01.3979926Z (pass) startup and contextual providers retain exact inferred cross-file contracts [1035.32ms]
contracts	Run npm run check	2026-09-10T17:12:02.7151233Z (pass) lifetime declarations retain exact inferred cross-file contracts [1317.15ms]
contracts	Run npm run check	2026-09-10T17:12:05.4987414Z (pass) lifetimes inferred exports survive declaration consumption [2783.56ms]
contracts	Run npm run check	2026-09-10T17:12:07.9201405Z (pass) composition-adapters inferred exports survive declaration consumption [2421.39ms]
contracts	Run npm run check	2026-09-10T17:12:10.5319773Z (pass) dependency-references inferred exports survive declaration consumption [2611.83ms]
contracts	Run npm run check	2026-09-10T17:12:13.7674241Z (pass) aliases inferred exports survive declaration consumption [3235.43ms]
contracts	Run npm run check	2026-09-10T17:12:16.8288172Z (pass) contributions inferred exports survive declaration consumption [3061.26ms]
contracts	Run npm run check	2026-09-10T17:12:19.2542552Z (pass) observers inferred exports survive declaration consumption [2425.42ms]
contracts	Run npm run check	2026-09-10T17:12:21.6742428Z (pass) plugins inferred exports survive declaration consumption [2420.04ms]
contracts	Run npm run check	2026-09-10T17:12:24.0586374Z (pass) final-adversarial-integration inferred exports survive declaration consumption [2384.31ms]
contracts	Run npm run check	2026-09-10T17:12:25.1383427Z (pass) acquisition modes retain exact acquired values across inferred exports [1079.66ms]
contracts	Run npm run check	2026-09-10T17:12:26.2541806Z (pass) token modules preserve exact cross-file contracts [1115.85ms]
contracts	Run npm run check	2026-09-10T17:12:27.4588816Z (pass) public token composition preserves exact outputs and frames [1204.67ms]
contracts	Run npm run check	2026-09-10T17:12:28.5813908Z (pass) token contracts preserve exact identities and provider graphs [1122.46ms]
contracts	Run npm run check	2026-09-10T17:12:30.2240799Z (pass) replacement context preserves exact contracts from surviving consumers [1642.66ms]
contracts	Run npm run check	2026-09-10T17:12:31.6812481Z (pass) incremental checks preserve forward, replacement and frame contracts [1456.85ms]
contracts	Run npm run check	2026-09-10T17:12:32.8763529Z (pass) incremental projection candidates preserve replacement and resolved contracts [1195.32ms]
contracts	Run npm run check	2026-09-10T17:12:34.0461630Z (pass) incremental module installation preserves private, forward, and token contracts [1169.79ms]
contracts	Run npm run check	2026-09-10T17:12:35.2002516Z (pass) incremental module declarations retain exact results and token outputs [1154.08ms]
contracts	Run npm run check	2026-09-10T17:12:36.2959413Z (pass) builder views preserve exact accepted registration histories [1095.68ms]
contracts	Run npm run check	2026-09-10T17:12:37.4819037Z (pass) supported replacement wrappers and reflected methods stay exact and non-any [1185.90ms]
contracts	Run npm run check	2026-09-10T17:12:38.5601684Z (pass) replacement reflection preserves utility soundness and module history [1078.23ms]
contracts	Run npm run check	2026-09-10T17:12:39.7300853Z (pass) modern inline inference retains exact contracts [1169.95ms]
contracts	Run npm run check	2026-09-10T17:12:40.8282728Z (pass) consolidated API preserves exact mode-dependent contracts [1098.17ms]
contracts	Run npm run check	2026-09-10T17:12:41.8915044Z (pass) native acquisition metadata preserves exact outputs, requirements and frames [1063.13ms]
contracts	Run npm run check	2026-09-10T17:12:43.1742033Z (pass) typed provider metadata survives checked composition and inspection [1282.73ms]
contracts	Run npm run check	2026-09-10T17:12:44.3741242Z (pass) named modules preserve contracts across a file boundary [1199.90ms]
contracts	Run npm run check	2026-09-10T17:12:45.4595597Z (pass) valid composition preserves inferred values and explicit promise edges [1085.36ms]
contracts	Run npm run check	2026-09-10T17:12:47.0294606Z (pass) registration boundaries preserve selected keys and exact factory types [1569.92ms]
contracts	Run npm run check	2026-09-10T17:12:48.3611797Z (pass) scope preserves exact inferred contracts across a source boundary [1331.70ms]
contracts	Run npm run check	2026-09-10T17:12:49.5215086Z (pass) inline method-returning factories preserve exact types: add [1160.29ms]
contracts	Run npm run check	2026-09-10T17:12:50.6535246Z (pass) inline method-returning factories preserve exact types: fork [1131.82ms]
contracts	Run npm run check	2026-09-10T17:12:51.7754986Z (pass) inline method-returning factories preserve exact types: disposal [1122.07ms]
contracts	Run npm run check	2026-09-10T17:12:52.9298595Z (pass) type rejection: fork-wrong-shape.ts [1154.45ms]
contracts	Run npm run check	2026-09-10T17:12:54.1264479Z (pass) type rejection: final-adversarial-integration.ts [1196.46ms]
contracts	Run npm run check	2026-09-10T17:12:55.2083365Z (pass) type rejection: missing.ts [1081.96ms]
contracts	Run npm run check	2026-09-10T17:12:56.2272725Z (pass) type rejection: object-registrations.ts [1018.90ms]
contracts	Run npm run check	2026-09-10T17:12:57.2962828Z (pass) type rejection: inline-wrong-shape.ts [1068.97ms]
contracts	Run npm run check	2026-09-10T17:12:58.4214080Z (pass) type rejection: api-renaming.ts [1125.12ms]
contracts	Run npm run check	2026-09-10T17:12:59.4254143Z (pass) type rejection: object-overrides.ts [1003.95ms]
contracts	Run npm run check	2026-09-10T17:13:00.5579315Z (pass) type rejection: startup.ts [1132.50ms]
contracts	Run npm run check	2026-09-10T17:13:01.5812149Z (pass) type rejection: boolean-registrations.ts [1023.23ms]
contracts	Run npm run check	2026-09-10T17:13:02.9637607Z (pass) type rejection: forward-wrong-shape.ts [1382.53ms]
contracts	Run npm run check	2026-09-10T17:13:04.2853522Z (pass) type rejection: module-missing.ts [1321.55ms]
contracts	Run npm run check	2026-09-10T17:13:05.6014937Z (pass) type rejection: provider-projections.ts [1314.50ms]
contracts	Run npm run check	2026-09-10T17:13:06.7216246Z (pass) type rejection: fork-missing.ts [1121.78ms]
contracts	Run npm run check	2026-09-10T17:13:07.8199118Z (pass) type rejection: inline-replacement-wrong-shape.ts [1098.22ms]
contracts	Run npm run check	2026-09-10T17:13:08.9988486Z (pass) type rejection: scopes.ts [1178.94ms]
contracts	Run npm run check	2026-09-10T17:13:10.0612005Z (pass) type rejection: primitive-parameter.ts [1062.29ms]
contracts	Run npm run check	2026-09-10T17:13:11.1025395Z (pass) type rejection: async-resolve.ts [1041.36ms]
contracts	Run npm run check	2026-09-10T17:13:12.2920602Z (pass) type rejection: incremental-modules.ts [1189.46ms]
contracts	Run npm run check	2026-09-10T17:13:13.3654766Z (pass) type rejection: fork-dependency-shape.ts [1073.39ms]
contracts	Run npm run check	2026-09-10T17:13:14.4104372Z (pass) type rejection: required-this.ts [1044.95ms]
contracts	Run npm run check	2026-09-10T17:13:15.3904482Z (pass) type rejection: disposer-wrong-shape.ts [977.75ms]
contracts	Run npm run check	2026-09-10T17:13:16.5000910Z (pass) type rejection: replacement-reflection.ts [1111.85ms]
contracts	Run npm run check	2026-09-10T17:13:17.5187310Z (pass) type rejection: template-registrations.ts [1018.63ms]
contracts	Run npm run check	2026-09-10T17:13:18.6149694Z (pass) type rejection: spread-disposal.ts [1096.22ms]
contracts	Run npm run check	2026-09-10T17:13:19.9834335Z (pass) type rejection: module-hidden-private-needs.ts [1368.45ms]
contracts	Run npm run check	2026-09-10T17:13:21.1793995Z (pass) type rejection: invalid-registration.ts [1195.94ms]
contracts	Run npm run check	2026-09-10T17:13:22.3142822Z (pass) type rejection: wrong-shape.ts [1134.86ms]
contracts	Run npm run check	2026-09-10T17:13:23.8587408Z (pass) type rejection: dependency-references.ts [1544.47ms]
contracts	Run npm run check	2026-09-10T17:13:25.1002261Z (pass) type rejection: provider-boundaries.ts [1241.45ms]
contracts	Run npm run check	2026-09-10T17:13:26.4844784Z (pass) type rejection: module-narrowing.ts [1382.76ms]
contracts	Run npm run check	2026-09-10T17:13:27.6821920Z (pass) type rejection: incremental-projections.ts [1199.20ms]
contracts	Run npm run check	2026-09-10T17:13:28.7298780Z (pass) type rejection: inline-fork-extra.ts [1047.68ms]
contracts	Run npm run check	2026-09-10T17:13:29.8284713Z (pass) type rejection: optional-parameter.ts [1097.77ms]
contracts	Run npm run check	2026-09-10T17:13:30.9494296Z (pass) type rejection: composition-adapters.ts [1121.62ms]
contracts	Run npm run check	2026-09-10T17:13:32.1375264Z (pass) type rejection: token-contracts.ts [1188.10ms]
contracts	Run npm run check	2026-09-10T17:13:33.3783465Z (pass) type rejection: fork-selection.ts [1240.77ms]
contracts	Run npm run check	2026-09-10T17:13:34.4154705Z (pass) type rejection: acquisition-mode.ts [1036.24ms]
contracts	Run npm run check	2026-09-10T17:13:35.6919376Z (pass) type rejection: incremental.ts [1277.31ms]
contracts	Run npm run check	2026-09-10T17:13:37.7488413Z (pass) type rejection: contributions.ts [2056.93ms]
contracts	Run npm run check	2026-09-10T17:13:39.0571365Z (pass) type rejection: union-replace.ts [1308.23ms]
contracts	Run npm run check	2026-09-10T17:13:40.3944446Z (pass) type rejection: replacement-context.ts [1337.28ms]
contracts	Run npm run check	2026-09-10T17:13:41.5991939Z (pass) type rejection: modern-inline.ts [1204.74ms]
contracts	Run npm run check	2026-09-10T17:13:42.7917273Z (pass) type rejection: fork-extra.ts [1192.56ms]
contracts	Run npm run check	2026-09-10T17:13:43.8962405Z (pass) type rejection: inline-fork-wrong-shape.ts [1104.43ms]
contracts	Run npm run check	2026-09-10T17:13:44.9984180Z (pass) type rejection: callable-parameter.ts [1102.17ms]
contracts	Run npm run check	2026-09-10T17:13:46.2316735Z (pass) type rejection: acquisition-metadata.ts [1233.25ms]
contracts	Run npm run check	2026-09-10T17:13:47.2714172Z (pass) type rejection: async-dependency.ts [1039.67ms]
contracts	Run npm run check	2026-09-10T17:13:48.3376222Z (pass) type rejection: inline-fork-missing.ts [1066.25ms]
contracts	Run npm run check	2026-09-10T17:13:49.3828026Z (pass) type rejection: module-private.ts [1045.12ms]
contracts	Run npm run check	2026-09-10T17:13:50.4786105Z (pass) type rejection: replacement-wrong-shape.ts [1095.80ms]
contracts	Run npm run check	2026-09-10T17:13:51.5951540Z (pass) type rejection: builder-views.ts [1116.52ms]
contracts	Run npm run check	2026-09-10T17:13:52.7083978Z (pass) type rejection: duplicate-add.ts [1113.22ms]
contracts	Run npm run check	2026-09-10T17:13:54.1597571Z (pass) type rejection: replacement-views.ts [1451.36ms]
contracts	Run npm run check	2026-09-10T17:13:55.8949156Z (pass) type rejection: selected-scopes.ts [1735.15ms]
contracts	Run npm run check	2026-09-10T17:13:57.1265624Z (pass) type rejection: union-parameter.ts [1231.57ms]
contracts	Run npm run check	2026-09-10T17:13:58.2637043Z (pass) type rejection: inline-fork-dependency-shape.ts [1137.13ms]
contracts	Run npm run check	2026-09-10T17:13:59.7687421Z (pass) type rejection: tokens.ts [1504.62ms]
contracts	Run npm run check	2026-09-10T17:14:01.0260499Z (pass) type rejection: plugins.ts [1257.72ms]
contracts	Run npm run check	2026-09-10T17:14:02.1035616Z (pass) type rejection: symbol-dependency.ts [1077.40ms]
contracts	Run npm run check	2026-09-10T17:14:03.1387435Z (pass) type rejection: template-dependencies.ts [1035.16ms]
contracts	Run npm run check	2026-09-10T17:14:04.2337297Z (pass) type rejection: inline-missing.ts [1094.94ms]
contracts	Run npm run check	2026-09-10T17:14:05.2697707Z (pass) type rejection: disposable-missing.ts [1035.99ms]
contracts	Run npm run check	2026-09-10T17:14:06.9204294Z (pass) type rejection: aliases.ts [1650.73ms]
contracts	Run npm run check	2026-09-10T17:14:07.9107382Z (pass) type rejection: inline-forward-wrong-shape.ts [990.21ms]
contracts	Run npm run check	2026-09-10T17:14:08.9714737Z (pass) type rejection: module-exports.ts [1060.73ms]
contracts	Run npm run check	2026-09-10T17:14:11.1370471Z (pass) type rejection: lifetimes.ts [2165.58ms]
contracts	Run npm run check	2026-09-10T17:14:12.4424774Z (pass) type rejection: token-modules.ts [1304.74ms]
contracts	Run npm run check	2026-09-10T17:14:13.6519736Z (pass) type rejection: module-wrong-shape.ts [1210.11ms]
contracts	Run npm run check	2026-09-10T17:14:14.7566805Z (pass) type rejection: fork-explicit-generics.ts [1104.63ms]
contracts	Run npm run check	2026-09-10T17:14:16.0065049Z (pass) type rejection: module-rename.ts [1249.81ms]
contracts	Run npm run check	2026-09-10T17:14:17.2359059Z (pass) type rejection: provider-unions.ts [1229.01ms]
contracts	Run npm run check	2026-09-10T17:14:18.4232847Z (pass) type rejection: indexed-registrations.ts [1187.67ms]
contracts	Run npm run check	2026-09-10T17:14:19.5582879Z (pass) type rejection: provider-module-metadata.ts [1134.97ms]
contracts	Run npm run check	2026-09-10T17:14:20.6044504Z (pass) type rejection: observers.ts [1046.08ms]
contracts	Run npm run check	2026-09-10T17:14:21.6854984Z (pass) type rejection: prototype-registrations.ts [1080.98ms]
contracts	Run npm run check	2026-09-10T17:14:22.7227091Z (pass) type rejection: disposer-promise.ts [1037.28ms]
contracts	Run npm run check	2026-09-10T17:14:22.7227600Z 
contracts	Run npm run check	2026-09-10T17:14:22.7228076Z ##[endgroup]
contracts	Run npm run check	2026-09-10T17:14:22.7229051Z 
contracts	Run npm run check	2026-09-10T17:14:22.7229435Z ##[group]tests/modules.test.ts:
contracts	Run npm run check	2026-09-10T17:14:22.7384512Z (pass) a module private retry keeps the caught failed attempt separate [3.10ms]
contracts	Run npm run check	2026-09-10T17:14:22.7414091Z (pass) module private dependencies follow exported replacements and fresh forks [1.92ms]
contracts	Run npm run check	2026-09-10T17:14:22.7444034Z (pass) renamed repeated installations isolate private instances and cleanup [0.60ms]
contracts	Run npm run check	2026-09-10T17:14:22.7464494Z (pass) rename preserves original parameter names even when an export takes a private name [0.57ms]
contracts	Run npm run check	2026-09-10T17:14:22.7465609Z (pass) invalid installations and export views fail atomically and reject forged modules [0.88ms]
contracts	Run npm run check	2026-09-10T17:14:22.7466598Z (pass) exports use indexed tuple snapshots and preserve hidden local registrations [0.45ms]
contracts	Run npm run check	2026-09-10T17:14:22.7468344Z (pass) module promise identity, retry and post-await cycle diagnostics use the host runtime [1.11ms]
contracts	Run npm run check	2026-09-10T17:14:22.7469510Z (pass) renaming an export leaves an unrelated external requirement at its original slot [0.35ms]
contracts	Run npm run check	2026-09-10T17:14:22.7470620Z (pass) module providers can be replaced before sealing without mutating earlier views [0.34ms]
contracts	Run npm run check	2026-09-10T17:14:22.7471878Z (pass) close drains module acquisitions that discover private and host dependencies after await [0.57ms]
contracts	Run npm run check	2026-09-10T17:14:22.7472458Z 
contracts	Run npm run check	2026-09-10T17:14:22.7472893Z ##[endgroup]
contracts	Run npm run check	2026-09-10T17:14:22.7473067Z 
contracts	Run npm run check	2026-09-10T17:14:22.7473632Z ##[group]tests/lifetime-declarations.test.ts:
contracts	Run npm run check	2026-09-10T17:14:22.7474366Z (pass) lifetime replacement preserves the source and owned stages [0.20ms]
contracts	Run npm run check	2026-09-10T17:14:22.7475403Z (pass) invalid lifetime declarations fail before evaluating factories or option getters [0.39ms]
contracts	Run npm run check	2026-09-10T17:14:22.7476462Z (pass) options are read once and snapshotted, and replacement clears capture [0.11ms]
contracts	Run npm run check	2026-09-10T17:14:22.7477361Z (pass) all provider transformations retain the immutable policy [0.56ms]
contracts	Run npm run check	2026-09-10T17:14:22.7477801Z 
contracts	Run npm run check	2026-09-10T17:14:22.7478128Z ##[endgroup]
contracts	Run npm run check	2026-09-10T17:14:22.7478298Z 
contracts	Run npm run check	2026-09-10T17:14:22.7478634Z ##[group]tests/type-scale.test.ts:
contracts	Run npm run check	2026-09-10T17:14:23.9417058Z (pass) type scale: 100 bulk providers preserve consumer types [1191.37ms]
contracts	Run npm run check	2026-09-10T17:14:26.1695293Z (pass) type scale: 100 chained providers preserve consumer types [2227.77ms]
contracts	Run npm run check	2026-09-10T17:14:28.6991817Z (pass) type scale: 100 replacement providers preserve consumer types [2529.67ms]
contracts	Run npm run check	2026-09-10T17:14:36.3386578Z (pass) type scale: 1000 grouped providers preserve consumer types [7639.47ms]
contracts	Run npm run check	2026-09-10T17:14:37.6283674Z (pass) type scale: bulk rejects missing at the graph boundary [1289.63ms]
contracts	Run npm run check	2026-09-10T17:14:38.9317169Z (pass) type scale: bulk rejects wrong-shape at the graph boundary [1303.33ms]
contracts	Run npm run check	2026-09-10T17:14:41.2732129Z (pass) type scale: chained rejects missing at the graph boundary [2341.48ms]
contracts	Run npm run check	2026-09-10T17:14:43.6148372Z (pass) type scale: chained rejects wrong-shape at the graph boundary [2341.62ms]
contracts	Run npm run check	2026-09-10T17:14:51.3984838Z (pass) type scale: grouped rejects missing at the graph boundary [7781.43ms]
contracts	Run npm run check	2026-09-10T17:14:59.3007548Z (pass) type scale: grouped rejects wrong-shape at the graph boundary [7904.45ms]
contracts	Run npm run check	2026-09-10T17:15:01.6539326Z (pass) type scale: replacement rejects missing at the graph boundary [2353.13ms]
contracts	Run npm run check	2026-09-10T17:15:04.1613906Z (pass) type scale: replacement rejects wrong-shape at the graph boundary [2507.46ms]
contracts	Run npm run check	2026-09-10T17:15:30.5891836Z (pass) type scale: 1000 providers from reusable named modules: valid [26427.79ms]
contracts	Run npm run check	2026-09-10T17:15:55.0316855Z (pass) type scale: 1000 providers from reusable named modules: missing [24442.49ms]
contracts	Run npm run check	2026-09-10T17:16:19.3727389Z (pass) type scale: 1000 providers from reusable named modules: wrong-shape [24341.05ms]
contracts	Run npm run check	2026-09-10T17:16:19.3728100Z 
contracts	Run npm run check	2026-09-10T17:16:19.3728650Z ##[endgroup]
contracts	Run npm run check	2026-09-10T17:16:19.3729835Z 
contracts	Run npm run check	2026-09-10T17:16:19.3730253Z ##[group]tests/lifetimes.test.ts:
contracts	Run npm run check	2026-09-10T17:16:19.3900127Z (pass) root, scoped and transient identity have distinct ownership [4.14ms]
contracts	Run npm run check	2026-09-10T17:16:19.3915089Z (pass) child-first roots capture dependencies in the root owner through grandchildren and forks [0.75ms]
contracts	Run npm run check	2026-09-10T17:16:19.3946857Z (pass) same-object transients own separate attempts and preserve every cleanup cause [0.99ms]
contracts	Run npm run check	2026-09-10T17:16:19.3980935Z (pass) raw and native lifetimes retain original pending promises and classification [0.82ms]
contracts	Run npm run check	2026-09-10T17:16:19.4004228Z (pass) failed root cache entries retry across children with new acquisition identities [0.94ms]
contracts	Run npm run check	2026-09-10T17:16:19.4014087Z (pass) public synchronous transient reentrancy is rejected before a second factory invocation [0.35ms]
contracts	Run npm run check	2026-09-10T17:16:19.4043885Z (pass) pure transient post-await ancestry rejects repeated construction [0.42ms]
contracts	Run npm run check	2026-09-10T17:16:19.4094173Z (pass) mixed cached and transient post-await cycles preserve acquisition graph detection [0.36ms]
contracts	Run npm run check	2026-09-10T17:16:19.4095953Z (pass) independent pending transient calls are distinct nonrecursive acquisitions [0.31ms]
contracts	Run npm run check	2026-09-10T17:16:19.4147636Z (pass) a ready transient proxy may create a fresh instance on each later method call [0.74ms]
contracts	Run npm run check	2026-09-10T17:16:19.4174142Z (pass) pending child work acquires roots during parent close and root cleanup follows child cleanup [0.59ms]
contracts	Run npm run check	2026-09-10T17:16:19.4203976Z (pass) strict roots reject new scoped reads directly [0.35ms]
contracts	Run npm run check	2026-09-10T17:16:19.4204914Z (pass) strict roots reject new scoped reads through a transient [0.18ms]
contracts	Run npm run check	2026-09-10T17:16:19.4263949Z (pass) strict roots reject cached scoped reads directly [0.13ms]
contracts	Run npm run check	2026-09-10T17:16:19.4264964Z (pass) strict roots reject cached scoped reads through a transient [0.10ms]
contracts	Run npm run check	2026-09-10T17:16:19.4324164Z (pass) strict capture boundaries survive await and ready transient methods [0.48ms]
contracts	Run npm run check	2026-09-10T17:16:19.4325346Z (pass) strict roots can consume capturing roots without inheriting their permission [0.42ms]
contracts	Run npm run check	2026-09-10T17:16:19.4326545Z (pass) token captive reads reject at the observed edge before scoped creation [0.69ms]
contracts	Run npm run check	2026-09-10T17:16:19.4327855Z (pass) renamed module exports retain private root and transient ownership despite public collisions [0.97ms]
contracts	Run npm run check	2026-09-10T17:16:19.4354165Z (pass) private module scoped capture rejects despite an identically named public root [0.59ms]
contracts	Run npm run check	2026-09-10T17:16:19.4355835Z (pass) failed root rollback and retry retain distinct ownership across child consumers [1.34ms]
contracts	Run npm run check	2026-09-10T17:16:19.4356965Z (pass) child close releases its attempts while a child-first root remains pending [0.46ms]
contracts	Run npm run check	2026-09-10T17:16:19.4358238Z (pass) completed child and retired proxies cannot borrow another attempt closing permission for root reads [0.46ms]
contracts	Run npm run check	2026-09-10T17:16:19.4359511Z (pass) pending source permission survives a ready projection when routing late roots [0.81ms]
contracts	Run npm run check	2026-09-10T17:16:19.4360800Z (pass) family retirement removes cross-owner incoming edges but preserves outgoing rollback dependencies [0.31ms]
contracts	Run npm run check	2026-09-10T17:16:19.4362125Z (pass) retired transient ancestry does not block a retained proxy from retrying its binding [0.28ms]
contracts	Run npm run check	2026-09-10T17:16:19.4363550Z (pass) token roots retain family ownership through a transient token consumer and independent override [0.51ms]
contracts	Run npm run check	2026-09-10T17:16:19.4364824Z (pass) pending source permission survives failed projection rollback for late root reads [0.50ms]
contracts	Run npm run check	2026-09-10T17:16:19.4365448Z 
contracts	Run npm run check	2026-09-10T17:16:19.4365924Z ##[endgroup]
contracts	Run npm run check	2026-09-10T17:16:19.4366101Z 
contracts	Run npm run check	2026-09-10T17:16:19.4366502Z ##[group]tests/dependency-references.test.ts:
contracts	Run npm run check	2026-09-10T17:16:19.4367317Z (pass) optional absence is distinct from a present undefined acquisition [0.66ms]
contracts	Run npm run check	2026-09-10T17:16:19.4368316Z (pass) optional factory failures and native rejections propagate and retry [0.95ms]
contracts	Run npm run check	2026-09-10T17:16:19.4369397Z (pass) lazy scoped dependencies defer construction and retain invocation ownership [0.45ms]
contracts	Run npm run check	2026-09-10T17:16:19.4370480Z (pass) lazy root dependencies defer construction and retain invocation ownership [0.14ms]
contracts	Run npm run check	2026-09-10T17:16:19.4371617Z (pass) lazy transient dependencies defer construction and retain invocation ownership [0.16ms]
contracts	Run npm run check	2026-09-10T17:16:19.4372825Z (pass) all adapters snapshot mixed references by index and authenticate every handle [1.42ms]
contracts	Run npm run check	2026-09-10T17:16:19.4385645Z (pass) lazy reads preserve lexical private tokens, export renames and external optional absence [0.67ms]
contracts	Run npm run check	2026-09-10T17:16:19.4414317Z (pass) lazy closures use shared/root owner context and independent fork overrides [0.78ms]
contracts	Run npm run check	2026-09-10T17:16:19.4474189Z (pass) raw and native references preserve Promise identity and disposal values [0.98ms]
contracts	Run npm run check	2026-09-10T17:16:19.4475240Z (pass) optional synchronous and post-await cycles propagate [0.61ms]
contracts	Run npm run check	2026-09-10T17:16:19.4476121Z (pass) lazy synchronous and post-await cycles propagate [0.31ms]
contracts	Run npm run check	2026-09-10T17:16:19.4477131Z (pass) lazy closure shutdown admission belongs to the capturing source attempt [0.66ms]
contracts	Run npm run check	2026-09-10T17:16:19.4478181Z (pass) observed reference reads retain strict root checks before routing [0.21ms]
contracts	Run npm run check	2026-09-10T17:16:19.4479529Z (pass) lazy reads detect a cycle between already ready consumers [0.24ms]
contracts	Run npm run check	2026-09-10T17:16:19.4480510Z (pass) a pending projection does not extend a lazy source shutdown admission [0.44ms]
contracts	Run npm run check	2026-09-10T17:16:19.4481583Z (pass) root explicit capture and optional reads retain the root lexical context [0.54ms]
contracts	Run npm run check	2026-09-10T17:16:19.4482151Z 
contracts	Run npm run check	2026-09-10T17:16:19.4482619Z ##[endgroup]
contracts	Run npm run check	2026-09-10T17:16:19.4482810Z 
contracts	Run npm run check	2026-09-10T17:16:19.4483358Z ##[group]tests/acquisition-mode.test.ts:
contracts	Run npm run check	2026-09-10T17:16:19.4484240Z (pass) close waits for a native acquisition with shadowed then at source [0.41ms]
contracts	Run npm run check	2026-09-10T17:16:19.4534969Z (pass) close waits for a native acquisition with shadowed then at projection [0.15ms]
contracts	Run npm run check	2026-09-10T17:16:19.4574176Z (pass) close waits for a native acquisition with shadowed then at metadata [0.76ms]
contracts	Run npm run check	2026-09-10T17:16:19.4604113Z (pass) unconfigured core preflights every stage and private module before any factory effects [0.47ms]
contracts	Run npm run check	2026-09-10T17:16:19.4634043Z (pass) facades snapshot and isolate their predicate, carrying it through builders and forks [0.86ms]
contracts	Run npm run check	2026-09-10T17:16:19.4661154Z (pass) invalid configuration, modes and classifier results fail explicitly [0.40ms]
contracts	Run npm run check	2026-09-10T17:16:19.4693952Z (pass) automatic ordinary values preserve the then-presence guard [0.23ms]
contracts	Run npm run check	2026-09-10T17:16:19.4724062Z (pass) raw Promise and then-getter values retain exact ownership without observation or waiting [0.34ms]
contracts	Run npm run check	2026-09-10T17:16:19.4754188Z (pass) explicit native and async projections work without a classifier and preserve previous owners [0.42ms]
contracts	Run npm run check	2026-09-10T17:16:19.4783806Z (pass) auto observes local native state with non-callable then [0.26ms]
contracts	Run npm run check	2026-09-10T17:16:19.4813919Z (pass) nativePromise observes local native state with non-callable then [0.07ms]
contracts	Run npm run check	2026-09-10T17:16:19.4843789Z (pass) auto observes foreign native state with non-callable then [1.25ms]
contracts	Run npm run check	2026-09-10T17:16:19.4874024Z (pass) nativePromise observes foreign native state with non-callable then [0.78ms]
contracts	Run npm run check	2026-09-10T17:16:19.4885236Z (pass) native metadata preserves raw presence records and explicit payload projection [0.53ms]
contracts	Run npm run check	2026-09-10T17:16:19.4914322Z (pass) async metadata retains a native output contract without a portable classifier [0.34ms]
contracts	Run npm run check	2026-09-10T17:16:19.4915675Z 
contracts	Run npm run check	2026-09-10T17:16:19.4922054Z ##[endgroup]
contracts	Run npm run check	2026-09-10T17:16:19.4922431Z 
contracts	Run npm run check	2026-09-10T17:16:19.4922895Z ##[group]tests/contributions.test.ts:
contracts	Run npm run check	2026-09-10T17:16:19.4923899Z (pass) contributions preserve order, empty reads and array immutability [0.41ms]
contracts	Run npm run check	2026-09-10T17:16:19.4925419Z (pass) host and repeated exportless modules append distinct lexical bindings [0.84ms]
contracts	Run npm run check	2026-09-10T17:16:19.4926557Z (pass) all adapters select frozen arrays and retain module export renames [0.76ms]
contracts	Run npm run check	2026-09-10T17:16:19.4927799Z (pass) root scoped and transient contributions retain individual ownership [1.01ms]
contracts	Run npm run check	2026-09-10T17:16:19.4929047Z (pass) shared aggregate borrows the parent graph while a lazy registry reads its local graph [0.60ms]
contracts	Run npm run check	2026-09-10T17:16:19.4930394Z (pass) partial failure retains accepted ownership and retries only failed contributors [0.41ms]
contracts	Run npm run check	2026-09-10T17:16:19.4931608Z (pass) pending native and raw promises preserve identity and disposal payloads [0.45ms]
contracts	Run npm run check	2026-09-10T17:16:19.4932642Z (pass) self collections participate in ordinary cycle detection [0.29ms]
contracts	Run npm run check	2026-09-10T17:16:19.4933997Z (pass) inspection is immutable nonresolving and does not freeze application values [0.39ms]
contracts	Run npm run check	2026-09-10T17:16:19.4935159Z (pass) forged tokens references and providers reject before provider effects [0.61ms]
contracts	Run npm run check	2026-09-10T17:16:19.4936923Z (pass) cooperative lazy registries admit late collection reads only for their in-flight source [1.16ms]
contracts	Run npm run check	2026-09-10T17:16:19.4938074Z (pass) observed strict roots reject cached scoped contributions before owner routing [0.40ms]
contracts	Run npm run check	2026-09-10T17:16:19.4939060Z (pass) startup failure rolls back accepted contribution ownership [0.72ms]
contracts	Run npm run check	2026-09-10T17:16:19.4939567Z 
contracts	Run npm run check	2026-09-10T17:16:19.4939994Z ##[endgroup]
contracts	Run npm run check	2026-09-10T17:16:19.4940673Z 
contracts	Run npm run check	2026-09-10T17:16:19.4941107Z ##[group]tests/persistent-module.test.ts:
contracts	Run npm run check	2026-09-10T17:16:19.4941989Z (pass) one module update does not revisit its existing registration table [4.35ms]
contracts	Run npm run check	2026-09-10T17:16:19.4943303Z (pass) module updates preserve declaration positions, earlier builders and renamed lexical exports [1.00ms]
contracts	Run npm run check	2026-09-10T17:16:19.4944020Z 
contracts	Run npm run check	2026-09-10T17:16:19.4944418Z ##[endgroup]
contracts	Run npm run check	2026-09-10T17:16:19.4944666Z 
contracts	Run npm run check	2026-09-10T17:16:19.4945113Z ##[group]tests/runtime-benchmark-child.test.ts:
contracts	Run npm run check	2026-09-10T17:16:19.4945937Z (pass) build-close constructs 10 registrations without acquiring them [1.52ms]
contracts	Run npm run check	2026-09-10T17:16:19.4946840Z (pass) cold-linear-resolve acquires each of 10 factories once [0.36ms]
contracts	Run npm run check	2026-09-10T17:16:19.4947861Z (pass) warm-root-resolve excludes priming and observes one cached terminal value at 10 [0.29ms]
contracts	Run npm run check	2026-09-10T17:16:19.4948947Z (pass) scope-resolve-close verifies child work after its timed operation at 10 [0.96ms]
contracts	Run npm run check	2026-09-10T17:16:19.4950141Z (pass) transient-resolve-close verifies 10 distinct owned values in reverse cleanup order [0.50ms]
contracts	Run npm run check	2026-09-10T17:16:19.4951349Z (pass) raw-promise-identity retains the exact raw Promise through resolution and disposal at 10 [0.31ms]
contracts	Run npm run check	2026-09-10T17:16:19.4952532Z (pass) node-native-promise awaits the native Promise and disposes its fulfillment at 10 [0.27ms]
contracts	Run npm run check	2026-09-10T17:16:19.4954104Z (pass) build-close constructs 100 registrations without acquiring them [0.85ms]
contracts	Run npm run check	2026-09-10T17:16:19.4955131Z (pass) cold-linear-resolve acquires each of 100 factories once [1.33ms]
contracts	Run npm run check	2026-09-10T17:16:19.4956278Z (pass) warm-root-resolve excludes priming and observes one cached terminal value at 100 [1.28ms]
contracts	Run npm run check	2026-09-10T17:16:19.4957504Z (pass) scope-resolve-close verifies child work after its timed operation at 100 [1.52ms]
contracts	Run npm run check	2026-09-10T17:16:19.4958778Z (pass) transient-resolve-close verifies 100 distinct owned values in reverse cleanup order [1.65ms]
contracts	Run npm run check	2026-09-10T17:16:19.4960139Z (pass) raw-promise-identity retains the exact raw Promise through resolution and disposal at 100 [0.67ms]
contracts	Run npm run check	2026-09-10T17:16:19.4961534Z (pass) node-native-promise awaits the native Promise and disposes its fulfillment at 100 [0.73ms]
contracts	Run npm run check	2026-09-10T17:16:19.4962690Z (pass) scenario preparation rejects unsupported provider counts [0.23ms]
contracts	Run npm run check	2026-09-10T17:16:19.4963991Z (pass) parent expectations cover the complete fixed scenario matrix [0.14ms]
contracts	Run npm run check	2026-09-10T17:16:19.4965072Z (pass) verification rejects a timed result from another preparation [0.51ms]
contracts	Run npm run check	2026-09-10T17:16:19.4966316Z (pass) child argument parser accepts one exact request and rejects malformed or extra input [0.23ms]
contracts	Run npm run check	2026-09-10T17:16:19.4967043Z 
contracts	Run npm run check	2026-09-10T17:16:19.4967533Z ##[endgroup]
contracts	Run npm run check	2026-09-10T17:16:19.4967823Z 
contracts	Run npm run check	2026-09-10T17:16:19.4968303Z ##[group]tests/aliases.test.ts:
contracts	Run npm run check	2026-09-10T17:16:19.4969201Z (pass) named aliases preserve exact canonical object and immutable history [0.38ms]
contracts	Run npm run check	2026-09-10T17:16:19.4970406Z (pass) all token and name combinations and forward token requirements route identically [0.34ms]
contracts	Run npm run check	2026-09-10T17:16:19.4971541Z (pass) aliases preserve explicit raw and native promises without classification [0.28ms]
contracts	Run npm run check	2026-09-10T17:16:19.4972619Z (pass) transient aliases add no ownership and record actual target disposal edges [0.48ms]
contracts	Run npm run check	2026-09-10T17:16:19.4973911Z (pass) module aliases retain private targets and export renames under host collisions [0.46ms]
contracts	Run npm run check	2026-09-10T17:16:19.4975188Z (pass) selected sharing routes alias through parent graph while independent overrides follow child graph [0.40ms]
contracts	Run npm run check	2026-09-10T17:16:19.4976653Z (pass) runtime rejects transient sharing and root captures through aliases before invoking target [0.92ms]
contracts	Run npm run check	2026-09-10T17:16:19.4978107Z (pass) alias inspection reports direct target and canonical attempts without stale target metadata [0.39ms]
contracts	Run npm run check	2026-09-10T17:16:19.4979213Z (pass) alias cycles retain a useful lexical path [0.31ms]
contracts	Run npm run check	2026-09-10T17:16:19.4980225Z (pass) runtime rejects invalid alias selections without changing the builder [0.25ms]
contracts	Run npm run check	2026-09-10T17:16:19.4981543Z (pass) startup through an alias waits for final readiness and retries failed canonical acquisitions [0.66ms]
contracts	Run npm run check	2026-09-10T17:16:19.4983276Z (pass) shared alias inspection identifies its parent target despite a child override [1.08ms]
contracts	Run npm run check	2026-09-10T17:16:19.4984427Z (pass) aliases of root targets retain the root graph under child overrides [0.26ms]
contracts	Run npm run check	2026-09-10T17:16:19.4985700Z (pass) in-flight sources may read aliases while closing and retained reads close with the canonical owner [0.45ms]
contracts	Run npm run check	2026-09-10T17:16:19.4987030Z (pass) module token aliases preserve private identity and external host requirements [0.53ms]
contracts	Run npm run check	2026-09-10T17:16:19.4988219Z (pass) exported target replacements and renames remain visible through module aliases [0.39ms]
contracts	Run npm run check	2026-09-10T17:16:19.4989488Z (pass) re-sharing aliases keeps parent policy while fresh grandchildren and forks use local targets [0.47ms]
contracts	Run npm run check	2026-09-10T17:16:19.4990707Z (pass) strict roots use the effective shared alias policy in both lifetime directions [0.94ms]
contracts	Run npm run check	2026-09-10T17:16:19.4991786Z (pass) raw aliases do not inspect then getters or add cancellation contexts [0.35ms]
contracts	Run npm run check	2026-09-10T17:16:19.4992364Z 
contracts	Run npm run check	2026-09-10T17:16:19.4992836Z ##[endgroup]
contracts	Run npm run check	2026-09-10T17:16:19.4993246Z 
contracts	Run npm run check	2026-09-10T17:16:19.4993879Z ##[group]tests/platform/browser-worker.test.ts:
contracts	Run npm run check	2026-09-10T17:16:19.4994940Z (pass) browser metafile accepts only the installed root export and package-local dependencies [3.97ms]
contracts	Run npm run check	2026-09-10T17:16:19.4996550Z (pass) browser bundle validation rejects stale bytes, sizes, gzip size, metafile and root identity [7.54ms]
contracts	Run npm run check	2026-09-10T17:16:19.4997851Z (pass) Worker protocol accepts exactly one structured portable result and rejects hostile transcripts [0.48ms]
contracts	Run npm run check	2026-09-10T17:16:19.6761429Z (pass) browser Worker lane rechecks the artifact before execution and maps protocol failures [193.25ms]
contracts	Run npm run check	2026-09-10T17:16:19.7281494Z (pass) explicitly unprovisioned browser tools stay unavailable without archive or bundle fallback [51.96ms]
contracts	Run npm run check	2026-09-10T17:16:19.9725975Z (pass) provisioned browser tools execute the real packed archive lane [244.35ms]
contracts	Run npm run check	2026-09-10T17:16:19.9726458Z 
contracts	Run npm run check	2026-09-10T17:16:19.9726831Z ##[endgroup]
contracts	Run npm run check	2026-09-10T17:16:19.9726975Z 
contracts	Run npm run check	2026-09-10T17:16:19.9727081Z 1 tests failed:
contracts	Run npm run check	2026-09-10T17:16:19.9727639Z (fail) supervisor drains and reaps a zombie when status reports ESRCH before the exit callback [88.23ms]
contracts	Run npm run check	2026-09-10T17:16:19.9728039Z 
contracts	Run npm run check	2026-09-10T17:16:19.9728136Z  953 pass
contracts	Run npm run check	2026-09-10T17:16:19.9728368Z  1 fail
contracts	Run npm run check	2026-09-10T17:16:19.9728591Z  18974 expect() calls
contracts	Run npm run check	2026-09-10T17:16:19.9728906Z Ran 954 tests across 56 files. [793.23s]
contracts	Run npm run check	2026-09-10T17:16:20.5695457Z ##[error]Process completed with exit code 1.
contracts	Post Run actions/checkout@d23441a48e516b6c34aea4fa41551a30e30af803	﻿2026-09-10T17:16:20.5845899Z Post job cleanup.
contracts	Post Run actions/checkout@d23441a48e516b6c34aea4fa41551a30e30af803	2026-09-10T17:16:20.6751004Z [command]/usr/bin/git version
contracts	Post Run actions/checkout@d23441a48e516b6c34aea4fa41551a30e30af803	2026-09-10T17:16:20.6797645Z git version 2.55.0
contracts	Post Run actions/checkout@d23441a48e516b6c34aea4fa41551a30e30af803	2026-09-10T17:16:20.6842460Z Temporarily overriding HOME='/home/runner/work/_temp/0c7ff89a-1832-4557-961f-764bcf050135' before making global git config changes
contracts	Post Run actions/checkout@d23441a48e516b6c34aea4fa41551a30e30af803	2026-09-10T17:16:20.6844004Z Adding repository directory to the temporary git global config as a safe directory
contracts	Post Run actions/checkout@d23441a48e516b6c34aea4fa41551a30e30af803	2026-09-10T17:16:20.6848381Z [command]/usr/bin/git config --global --add safe.directory /home/runner/work/di-bag/di-bag
contracts	Post Run actions/checkout@d23441a48e516b6c34aea4fa41551a30e30af803	2026-09-10T17:16:20.6890767Z Removing SSH command configuration
contracts	Post Run actions/checkout@d23441a48e516b6c34aea4fa41551a30e30af803	2026-09-10T17:16:20.6897896Z [command]/usr/bin/git config --local --name-only --get-regexp core\.sshCommand
contracts	Post Run actions/checkout@d23441a48e516b6c34aea4fa41551a30e30af803	2026-09-10T17:16:20.6937866Z [command]/usr/bin/git submodule foreach --recursive sh -c "git config --local --name-only --get-regexp 'core\.sshCommand' && git config --local --unset-all 'core.sshCommand' || :"
contracts	Post Run actions/checkout@d23441a48e516b6c34aea4fa41551a30e30af803	2026-09-10T17:16:20.7224104Z Removing HTTP extra header
contracts	Post Run actions/checkout@d23441a48e516b6c34aea4fa41551a30e30af803	2026-09-10T17:16:20.7225251Z [command]/usr/bin/git config --local --name-only --get-regexp http\.https\:\/\/github\.com\/\.extraheader
contracts	Post Run actions/checkout@d23441a48e516b6c34aea4fa41551a30e30af803	2026-09-10T17:16:20.7264185Z [command]/usr/bin/git submodule foreach --recursive sh -c "git config --local --name-only --get-regexp 'http\.https\:\/\/github\.com\/\.extraheader' && git config --local --unset-all 'http.https://github.com/.extraheader' || :"
contracts	Post Run actions/checkout@d23441a48e516b6c34aea4fa41551a30e30af803	2026-09-10T17:16:20.7555692Z Removing includeIf entries pointing to credentials config files
contracts	Post Run actions/checkout@d23441a48e516b6c34aea4fa41551a30e30af803	2026-09-10T17:16:20.7565163Z [command]/usr/bin/git config --local --name-only --get-regexp ^includeIf\.gitdir:
contracts	Post Run actions/checkout@d23441a48e516b6c34aea4fa41551a30e30af803	2026-09-10T17:16:20.7621973Z [command]/usr/bin/git submodule foreach --recursive git config --local --show-origin --name-only --get-regexp remote.origin.url
contracts	Complete job	﻿2026-09-10T17:16:20.8172446Z Cleaning up orphan processes
