contracts	Run npm run check	﻿2026-09-10T05:53:12.8671117Z ##[group]Run npm run check
contracts	Run npm run check	2026-09-10T05:53:12.8671431Z ^[[36;1mnpm run check^[[0m
contracts	Run npm run check	2026-09-10T05:53:12.8728475Z shell: /usr/bin/bash -e {0}
contracts	Run npm run check	2026-09-10T05:53:12.8728762Z ##[endgroup]
contracts	Run npm run check	2026-09-10T05:53:12.9730893Z 
contracts	Run npm run check	2026-09-10T05:53:12.9731457Z > di-bag@0.1.0 check
contracts	Run npm run check	2026-09-10T05:53:12.9732234Z > npm run typecheck && npm test && npm run build
contracts	Run npm run check	2026-09-10T05:53:12.9732545Z 
contracts	Run npm run check	2026-09-10T05:53:13.0741342Z 
contracts	Run npm run check	2026-09-10T05:53:13.0742121Z > di-bag@0.1.0 typecheck
contracts	Run npm run check	2026-09-10T05:53:13.0742862Z > tsc6 -p tsconfig.json
contracts	Run npm run check	2026-09-10T05:53:13.0743128Z 
contracts	Run npm run check	2026-09-10T05:53:22.8144509Z 
contracts	Run npm run check	2026-09-10T05:53:22.8145048Z > di-bag@0.1.0 test
contracts	Run npm run check	2026-09-10T05:53:22.8145365Z > bun test tests
contracts	Run npm run check	2026-09-10T05:53:22.8145521Z 
contracts	Run npm run check	2026-09-10T05:53:22.8209044Z bun test v1.4.0 (34cbb9a40)
contracts	Run npm run check	2026-09-10T05:53:22.8265805Z 
contracts	Run npm run check	2026-09-10T05:53:22.8267267Z ##[group]tests/native-replacement-diagnostics.test.ts:
contracts	Run npm run check	2026-09-10T05:53:24.8285777Z (pass) native replacement diagnostics retain every useful primary and supplemental message [1989.90ms]
contracts	Run npm run check	2026-09-10T05:53:24.8297057Z (pass) strict replacement audit requires useful primary text at its own region [1.18ms]
contracts	Run npm run check	2026-09-10T05:53:24.8300509Z (pass) strict replacement audit requires exact supplemental code and text [0.37ms]
contracts	Run npm run check	2026-09-10T05:53:24.8301840Z (pass) replacement audit keeps its ten source fixtures independent of native gap comments [0.11ms]
contracts	Run npm run check	2026-09-10T05:53:24.8303974Z (pass) replacement audit rejects a fixture when its marker and invalid expression both disappear [0.22ms]
contracts	Run npm run check	2026-09-10T05:53:24.8304650Z 
contracts	Run npm run check	2026-09-10T05:53:24.8305032Z ##[endgroup]
contracts	Run npm run check	2026-09-10T05:53:24.8305156Z 
contracts	Run npm run check	2026-09-10T05:53:24.8305679Z ##[group]tests/platform-deno.test.ts:
contracts	Run npm run check	2026-09-10T05:53:24.8528433Z (pass) portable root contract has host-independent semantics [6.98ms]
contracts	Run npm run check	2026-09-10T05:53:24.8533433Z (pass) portable inspection proof rejects nonobjects and inexact or unfrozen metadata [0.17ms]
contracts	Run npm run check	2026-09-10T05:53:24.8542653Z (pass) Deno child validation requires canonical output from the local installed archive [1.29ms]
contracts	Run npm run check	2026-09-10T05:53:24.8546043Z (pass) Deno child validation fails closed when the expected installation is absent [0.33ms]
contracts	Run npm run check	2026-09-10T05:53:24.9599986Z (pass) an unprovisioned Deno pin yields an explicit unavailable row without touching the archive [105.30ms]
contracts	Run npm run check	2026-09-10T05:53:24.9600750Z 
contracts	Run npm run check	2026-09-10T05:53:24.9601145Z ##[endgroup]
contracts	Run npm run check	2026-09-10T05:53:24.9601278Z 
contracts	Run npm run check	2026-09-10T05:53:24.9601608Z ##[group]tests/final-adversarial-integration.test.ts:
contracts	Run npm run check	2026-09-10T05:53:24.9889157Z (pass) I1 preserves its deterministic adversarial source oracle [25.32ms]
contracts	Run npm run check	2026-09-10T05:53:25.0021514Z (pass) I2 preserves its deterministic adversarial source oracle [13.24ms]
contracts	Run npm run check	2026-09-10T05:53:25.0168318Z (pass) I3 preserves its deterministic adversarial source oracle [14.66ms]
contracts	Run npm run check	2026-09-10T05:53:25.0272986Z (pass) I4 preserves its deterministic adversarial source oracle [10.45ms]
contracts	Run npm run check	2026-09-10T05:53:25.0373538Z (pass) I5 preserves its deterministic adversarial source oracle [9.26ms]
contracts	Run npm run check	2026-09-10T05:53:25.0459517Z (pass) I6 preserves its deterministic adversarial source oracle [9.41ms]
contracts	Run npm run check	2026-09-10T05:53:25.0549780Z (pass) I7 preserves its deterministic adversarial source oracle [8.99ms]
contracts	Run npm run check	2026-09-10T05:53:25.0631186Z (pass) I8 preserves its deterministic adversarial source oracle [8.20ms]
contracts	Run npm run check	2026-09-10T05:53:25.0714537Z (pass) I9 preserves its deterministic adversarial source oracle [8.34ms]
contracts	Run npm run check	2026-09-10T05:53:25.0796258Z (pass) I10 preserves its deterministic adversarial source oracle [8.14ms]
contracts	Run npm run check	2026-09-10T05:53:25.0880854Z (pass) I11 preserves its deterministic adversarial source oracle [8.41ms]
contracts	Run npm run check	2026-09-10T05:53:25.0966346Z (pass) I13 preserves its deterministic adversarial source oracle [8.53ms]
contracts	Run npm run check	2026-09-10T05:53:25.1064462Z (pass) I12 disposes accepted late ownership before independent immediate ownership [9.78ms]
contracts	Run npm run check	2026-09-10T05:53:25.1065748Z 
contracts	Run npm run check	2026-09-10T05:53:25.1066673Z ##[endgroup]
contracts	Run npm run check	2026-09-10T05:53:25.1067295Z 
contracts	Run npm run check	2026-09-10T05:53:25.1068175Z ##[group]tests/token-scale.test.ts:
contracts	Run npm run check	2026-09-10T05:53:28.5150058Z (pass) token scale: 100 bindings valid [3407.71ms]
contracts	Run npm run check	2026-09-10T05:53:31.8657097Z (pass) token scale: 100 bindings missing-final-token [3350.70ms]
contracts	Run npm run check	2026-09-10T05:53:35.3132269Z (pass) token scale: 100 bindings mismatched-invariant-service [3447.45ms]
contracts	Run npm run check	2026-09-10T05:53:39.5317142Z (pass) token scale: 100 modules valid [4218.52ms]
contracts	Run npm run check	2026-09-10T05:53:43.9008639Z (pass) token scale: 100 modules missing-final-token [4369.13ms]
contracts	Run npm run check	2026-09-10T05:53:48.1324264Z (pass) token scale: 100 modules mismatched-invariant-service [4231.56ms]
contracts	Run npm run check	2026-09-10T05:53:48.1361057Z 
contracts	Run npm run check	2026-09-10T05:53:48.1361701Z ##[endgroup]
contracts	Run npm run check	2026-09-10T05:53:48.1362120Z 
contracts	Run npm run check	2026-09-10T05:53:48.1362562Z ##[group]tests/plugins.test.ts:
contracts	Run npm run check	2026-09-10T05:53:48.1394485Z (pass) plugin validation retains raw source ownership on success and failure [0.75ms]
contracts	Run npm run check	2026-09-10T05:53:48.1396917Z (pass) plugin descriptor requires own protocol fields before factory effects [0.24ms]
contracts	Run npm run check	2026-09-10T05:53:48.1398391Z (pass) plugin preflight validates dependencies and options before descriptor reads [0.15ms]
contracts	Run npm run check	2026-09-10T05:53:48.1401563Z (pass) plugin descriptor preflight preserves accessor errors and ignores extra getters [0.28ms]
contracts	Run npm run check	2026-09-10T05:53:48.1406567Z (pass) plugin snapshots dependencies, options and callbacks before later mutation [0.49ms]
contracts	Run npm run check	2026-09-10T05:53:48.1412099Z (pass) plugin routes required optional lazy and all dependency references positionally [0.50ms]
contracts	Run npm run check	2026-09-10T05:53:48.1422815Z (pass) raw plugin validation does not assimilate values or validator results [1.12ms]
contracts	Run npm run check	2026-09-10T05:53:48.1426784Z (pass) native plugin validates fulfilled values, caches final output and releases source ownership [0.40ms]
contracts	Run npm run check	2026-09-10T05:53:48.1433236Z (pass) native plugin rejection and output validation preserve causes and ownership [0.55ms]
contracts	Run npm run check	2026-09-10T05:53:48.1435290Z (pass) native plugins require a genuine Promise source [0.27ms]
contracts	Run npm run check	2026-09-10T05:53:48.1441380Z (pass) startup rollback releases an accepted plugin source once [0.59ms]
contracts	Run npm run check	2026-09-10T05:53:48.1447236Z (pass) plugin callbacks use no receiver and preserve factory and validator failures [0.50ms]
contracts	Run npm run check	2026-09-10T05:53:48.1460560Z (pass) plugin composition retains module privacy, aliases, contributions and selected sharing [1.31ms]
contracts	Run npm run check	2026-09-10T05:53:48.1464648Z (pass) plugin observers retain the canonical acquisition and cleanup events [0.47ms]
contracts	Run npm run check	2026-09-10T05:53:48.1468289Z (pass) native plugin readiness waits for source validation [0.36ms]
contracts	Run npm run check	2026-09-10T05:53:48.1471773Z (pass) plugin close waits for accepted disposer cleanup exactly once [0.34ms]
contracts	Run npm run check	2026-09-10T05:53:48.1476673Z (pass) plugin validation errors survive one failed retirement cleanup [0.48ms]
contracts	Run npm run check	2026-09-10T05:53:48.1480764Z (pass) plugin observer lifecycle events identify its canonical acquisition [0.40ms]
contracts	Run npm run check	2026-09-10T05:53:48.1481583Z 
contracts	Run npm run check	2026-09-10T05:53:48.1482525Z ##[endgroup]
contracts	Run npm run check	2026-09-10T05:53:48.1482900Z 
contracts	Run npm run check	2026-09-10T05:53:48.1483563Z ##[group]tests/platform-tools.test.ts:
contracts	Run npm run check	2026-09-10T05:53:48.1571832Z (pass) tool capture binds the actual artifact and exact observed version output [7.64ms]
contracts	Run npm run check	2026-09-10T05:53:48.2014430Z (pass) tool capture rejects wrong versions, substring matches and unsuccessful probes [44.14ms]
contracts	Run npm run check	2026-09-10T05:53:48.2015222Z 
contracts	Run npm run check	2026-09-10T05:53:48.2015733Z ##[endgroup]
contracts	Run npm run check	2026-09-10T05:53:48.2015942Z 
contracts	Run npm run check	2026-09-10T05:53:48.2016358Z ##[group]tests/observers.test.ts:
contracts	Run npm run check	2026-09-10T05:53:48.2034847Z (pass) observers preserve raw identity and explicit ownership [0.59ms]
contracts	Run npm run check	2026-09-10T05:53:48.2038269Z (pass) ready follows the final native stage while retaining exposed identity [0.32ms]
contracts	Run npm run check	2026-09-10T05:53:48.2042726Z (pass) observer failure monitoring handles throws, rejection and throwing then without gating shutdown [0.40ms]
contracts	Run npm run check	2026-09-10T05:53:48.2048150Z (pass) configuration snapshots callbacks, appends in order and retains classification [0.56ms]
contracts	Run npm run check	2026-09-10T05:53:48.2050904Z (pass) reentrant observer resolution runs outside factory ancestry and respects published close [0.26ms]
contracts	Run npm run check	2026-09-10T05:53:48.2059636Z (pass) canonical owners distinguish shared roots, independent forks, contributions and transients [0.86ms]
contracts	Run npm run check	2026-09-10T05:53:48.2065517Z (pass) failed final projections retire accepted ownership once and preserve cleanup errors [0.58ms]
contracts	Run npm run check	2026-09-10T05:53:48.2067860Z (pass) intermediate native failure bypassed by raw projection is not final failure [0.24ms]
contracts	Run npm run check	2026-09-10T05:53:48.2074479Z (pass) private module frames are immutable snapshots without freezing application metadata [0.64ms]
contracts	Run npm run check	2026-09-10T05:53:48.2079329Z (pass) startup rollback observes accepted cleanup while preserving the startup cause [0.47ms]
contracts	Run npm run check	2026-09-10T05:53:48.2086757Z (pass) cancellation observes late accepted resources and final failure without awaiting telemetry [0.73ms]
contracts	Run npm run check	2026-09-10T05:53:48.2089268Z (pass) throwing-then error sink results are consumed and appending duplicates keeps every callback [0.24ms]
contracts	Run npm run check	2026-09-10T05:53:48.2091808Z (pass) delivery keeps emission order across immutable appended facade configurations [0.25ms]
contracts	Run npm run check	2026-09-10T05:53:48.2092689Z 
contracts	Run npm run check	2026-09-10T05:53:48.2093126Z ##[endgroup]
contracts	Run npm run check	2026-09-10T05:53:48.2093337Z 
contracts	Run npm run check	2026-09-10T05:53:48.2093782Z ##[group]tests/performance-baseline.test.ts:
contracts	Run npm run check	2026-09-10T05:53:48.3201431Z (pass) review requires median, p95 and paired interval regression predicates together [105.89ms]
contracts	Run npm run check	2026-09-10T05:53:48.3354636Z (pass) ordinary hosts remain informational even when every review threshold is met [15.38ms]
contracts	Run npm run check	2026-09-10T05:53:48.3357888Z (pass) paired verdict validates the exact 31-sample protocol and unsigned seed [0.34ms]
contracts	Run npm run check	2026-09-10T05:53:48.3361812Z (pass) seeded execution order is reproducible, balanced and alternates pair orientation [0.37ms]
contracts	Run npm run check	2026-09-10T05:53:48.3387897Z (pass) paired collection runs serial warmups and retains samples in pair index order [2.58ms]
contracts	Run npm run check	2026-09-10T05:53:48.3391030Z (pass) paired collection journals a rejected execution before validation stops the run [0.31ms]
contracts	Run npm run check	2026-09-10T05:53:48.3394758Z (pass) comparison command accepts an exact pinned baseline and unsigned seed only [0.37ms]
contracts	Run npm run check	2026-09-10T05:53:48.3740778Z (pass) comparison row validation rejects incomplete, unsafe and unpaired evidence [34.53ms]
contracts	Run npm run check	2026-09-10T05:53:48.3742607Z (pass) journaling retains unavailable and failed terminal rows as well as validated summaries [0.19ms]
contracts	Run npm run check	2026-09-10T05:53:50.8806644Z (pass) baseline archive is built from the exact commit with retained source and tool identities [2506.32ms]
contracts	Run npm run check	2026-09-10T05:53:50.8807636Z 
contracts	Run npm run check	2026-09-10T05:53:50.8808369Z ##[endgroup]
contracts	Run npm run check	2026-09-10T05:53:50.8808622Z 
contracts	Run npm run check	2026-09-10T05:53:50.8809145Z ##[group]tests/token-package.test.ts:
contracts	Run npm run check	2026-09-10T05:53:53.8918707Z (pass) installed node cjs facade shares core tokens, modes and acquisition metadata [41.29ms]
contracts	Run npm run check	2026-09-10T05:53:53.9376042Z (pass) installed node mjs facade shares core tokens, modes and acquisition metadata [45.75ms]
contracts	Run npm run check	2026-09-10T05:53:53.9611409Z (pass) installed bun cjs facade shares core tokens, modes and acquisition metadata [23.52ms]
contracts	Run npm run check	2026-09-10T05:53:53.9808881Z (pass) installed bun mjs facade shares core tokens, modes and acquisition metadata [19.67ms]
contracts	Run npm run check	2026-09-10T05:53:54.0273270Z (pass) installed token composition crosses Node commonjs and the other loader [46.42ms]
contracts	Run npm run check	2026-09-10T05:53:57.9978612Z (pass) installed commonjs token-modules declaration survives emission and unchanged consumption [3970.49ms]
contracts	Run npm run check	2026-09-10T05:54:00.6879322Z (pass) installed commonjs incremental-modules declaration survives emission and unchanged consumption [2690.04ms]
contracts	Run npm run check	2026-09-10T05:54:03.9224157Z (pass) installed commonjs replacement-reflection declaration survives emission and unchanged consumption [3234.06ms]
contracts	Run npm run check	2026-09-10T05:54:03.9803562Z (pass) installed token composition crosses Node module and the other loader [55.13ms]
contracts	Run npm run check	2026-09-10T05:54:06.8497218Z (pass) installed module token-modules declaration survives emission and unchanged consumption [2872.58ms]
contracts	Run npm run check	2026-09-10T05:54:09.7648021Z (pass) installed module incremental-modules declaration survives emission and unchanged consumption [2914.96ms]
contracts	Run npm run check	2026-09-10T05:54:12.9904462Z (pass) installed module replacement-reflection declaration survives emission and unchanged consumption [3225.42ms]
contracts	Run npm run check	2026-09-10T05:54:13.0042962Z 
contracts	Run npm run check	2026-09-10T05:54:13.0073433Z ##[endgroup]
contracts	Run npm run check	2026-09-10T05:54:13.0102770Z 
contracts	Run npm run check	2026-09-10T05:54:13.0109201Z ##[group]tests/boundaries.test.ts:
contracts	Run npm run check	2026-09-10T05:54:13.0207080Z (pass) fork changes only the selected key hidden behind a narrowed override map [8.47ms]
contracts	Run npm run check	2026-09-10T05:54:13.0223187Z (pass) unselected override values and getters never participate [0.33ms]
contracts	Run npm run check	2026-09-10T05:54:13.0253263Z (pass) hidden duplicate additions throw atomically and leave builders reusable [0.47ms]
contracts	Run npm run check	2026-09-10T05:54:13.0283194Z (pass) hidden new keys cannot later silently replace visible registrations [0.19ms]
contracts	Run npm run check	2026-09-10T05:54:13.0291352Z (pass) add snapshots every own entry and validates before producing a builder [0.34ms]
contracts	Run npm run check	2026-09-10T05:54:13.0293154Z (pass) replacement writes its explicit key and preserves earlier builders [1.02ms]
contracts	Run npm run check	2026-09-10T05:54:13.0294558Z (pass) fork requires selected own entries before reading any selected getter [0.41ms]
contracts	Run npm run check	2026-09-10T05:54:13.0296038Z (pass) fork snapshots selection before an override getter mutates the caller tuple [0.22ms]
contracts	Run npm run check	2026-09-10T05:54:13.0297519Z (pass) fork selects indexed tuple entries even when its iterator omits a key [0.19ms]
contracts	Run npm run check	2026-09-10T05:54:13.0299012Z (pass) fork batches selected replacements without using the single-binding graph path [0.29ms]
contracts	Run npm run check	2026-09-10T05:54:13.0300640Z (pass) empty forks reuse the graph without reading unselected values and retain fresh ownership [0.77ms]
contracts	Run npm run check	2026-09-10T05:54:13.0302536Z (pass) selected overrides can depend on richer capabilities of other selected services [0.84ms]
contracts	Run npm run check	2026-09-10T05:54:13.0304150Z (pass) runtime registration validation rejects cloned and forged owned handles [0.25ms]
contracts	Run npm run check	2026-09-10T05:54:13.0305579Z (pass) normalization does not expose mutable ownership registry metadata [0.28ms]
contracts	Run npm run check	2026-09-10T05:54:13.0306821Z (pass) unchecked source Bag construction is not exported [0.03ms]
contracts	Run npm run check	2026-09-10T05:54:13.0308111Z (pass) plain registration maps from another realm retain their own factories [0.99ms]
contracts	Run npm run check	2026-09-10T05:54:13.0308934Z 
contracts	Run npm run check	2026-09-10T05:54:13.0309738Z ##[endgroup]
contracts	Run npm run check	2026-09-10T05:54:13.0310094Z 
contracts	Run npm run check	2026-09-10T05:54:13.0310630Z ##[group]tests/wbs-scope.test.ts:
contracts	Run npm run check	2026-09-10T05:54:13.0398318Z (pass) WBS scopes borrow infrastructure and recreate stores, collectors and services [2.63ms]
contracts	Run npm run check	2026-09-10T05:54:13.0423173Z (pass) an explicitly shared WBS service keeps its original stores and broadcaster [0.75ms]
contracts	Run npm run check	2026-09-10T05:54:13.0453232Z (pass) closing the root disposes its resources but leaves the startup-owned source usable [0.45ms]
contracts	Run npm run check	2026-09-10T05:54:13.0454838Z (pass) startup cleans every owner and discards held announcements when batch work fails [0.64ms]
contracts	Run npm run check	2026-09-10T05:54:13.0483191Z (pass) startup still closes later bags and its source when multiple disposers fail [1.34ms]
contracts	Run npm run check	2026-09-10T05:54:13.0492455Z (pass) a factory cleans partial acquisition before throwing; the bag does not dispose it twice [0.56ms]
contracts	Run npm run check	2026-09-10T05:54:13.0523028Z (pass) the runnable example reports published work and complete shutdown [0.78ms]
contracts	Run npm run check	2026-09-10T05:54:13.0552307Z 
contracts	Run npm run check	2026-09-10T05:54:13.0553049Z ##[endgroup]
contracts	Run npm run check	2026-09-10T05:54:13.0582353Z 
contracts	Run npm run check	2026-09-10T05:54:13.0590506Z ##[group]tests/runtime-scale.test.ts:
contracts	Run npm run check	2026-09-10T05:54:13.3733456Z (pass) closing a deep graph disposes every dependent before its dependency exactly once [326.86ms]
contracts	Run npm run check	2026-09-10T05:54:13.3773233Z (pass) retiring an acquisition touches only its actual incoming consumers [2.72ms]
contracts	Run npm run check	2026-09-10T05:54:13.3803440Z (pass) repeated reads of an existing edge do not traverse the downstream graph again [1.56ms]
contracts	Run npm run check	2026-09-10T05:54:13.4135197Z (pass) late edges across a deep ready graph find cycles without overflowing the stack [35.88ms]
contracts	Run npm run check	2026-09-10T05:54:13.4143926Z (pass) one module lexical map is snapshotted once while external mutations stay isolated [0.90ms]
contracts	Run npm run check	2026-09-10T05:54:13.4145872Z (pass) releasing a consumer removes its reverse incoming entries without retiring live peers [0.23ms]
contracts	Run npm run check	2026-09-10T05:54:13.4148064Z (pass) a branching late cycle reports the first dependency-order path and leaves its rejected edge absent [0.21ms]
contracts	Run npm run check	2026-09-10T05:54:13.4149004Z 
contracts	Run npm run check	2026-09-10T05:54:13.4149940Z ##[endgroup]
contracts	Run npm run check	2026-09-10T05:54:13.4150386Z 
contracts	Run npm run check	2026-09-10T05:54:13.4151030Z ##[group]tests/startup.test.ts:
contracts	Run npm run check	2026-09-10T05:54:13.4282387Z (pass) contexts follow acquisition owners through child-first roots and independent forks [0.73ms]
contracts	Run npm run check	2026-09-10T05:54:13.4285163Z (pass) abort listeners cannot reenter any closing scope admission gate [0.44ms]
contracts	Run npm run check	2026-09-10T05:54:13.4295590Z (pass) startup waits for selected native acquisition while leaving unrelated providers lazy [0.95ms]
contracts	Run npm run check	2026-09-10T05:54:13.4304432Z (pass) startup uses native observation with shadowed then and treats raw promises as ready [0.88ms]
contracts	Run npm run check	2026-09-10T05:54:13.4312333Z (pass) a ready native projection starts while its source remains pending until shutdown [0.75ms]
contracts	Run npm run check	2026-09-10T05:54:13.4317614Z (pass) failed native projection aborts a cooperative pending source before cleanup [0.60ms]
contracts	Run npm run check	2026-09-10T05:54:13.4321275Z (pass) sequential startup waits before invoking the next selection [0.36ms]
contracts	Run npm run check	2026-09-10T05:54:13.4329393Z (pass) startup selects genuine tokens and keeps separate owned transient attempts [0.51ms]
contracts	Run npm run check	2026-09-10T05:54:13.4331364Z (pass) late contextual dependencies receive an already aborted owner signal [0.33ms]
contracts	Run npm run check	2026-09-10T05:54:13.4343135Z (pass) startup removes its abort listener on success [0.45ms]
contracts	Run npm run check	2026-09-10T05:54:13.4344190Z (pass) startup removes its abort listener on failure [0.35ms]
contracts	Run npm run check	2026-09-10T05:54:13.4345033Z (pass) startup removes its abort listener on aborted [0.16ms]
contracts	Run npm run check	2026-09-10T05:54:13.4393735Z (pass) startup removes its abort listener on timeout [5.33ms]
contracts	Run npm run check	2026-09-10T05:54:13.4396594Z (pass) startup snapshots option getters once after snapshotting all selected keys [0.33ms]
contracts	Run npm run check	2026-09-10T05:54:13.4403763Z (pass) sequential startup stops after failure and waits for cleanup with original causes [0.62ms]
contracts	Run npm run check	2026-09-10T05:54:13.4407101Z (pass) parallel startup starts later selections after synchronous failure and cleans pending ownership [0.37ms]
contracts	Run npm run check	2026-09-10T05:54:13.4413364Z (pass) aborted rejects before late ownership and exposes eventual cleanup failure [0.63ms]
contracts	Run npm run check	2026-09-10T05:54:13.4467173Z (pass) timeout rejects before late ownership and exposes eventual cleanup failure [5.32ms]
contracts	Run npm run check	2026-09-10T05:54:13.4469058Z (pass) already aborted startup does not invoke any factories [0.26ms]
contracts	Run npm run check	2026-09-10T05:54:13.4473217Z (pass) cancellation can interrupt cleanup after ordinary startup failure [0.39ms]
contracts	Run npm run check	2026-09-10T05:54:13.4476624Z (pass) successful startup removes external cancellation and snapshots indexed selections [0.31ms]
contracts	Run npm run check	2026-09-10T05:54:13.4482318Z (pass) invalid startup inputs reject before factory or unsupported option getter effects [0.54ms]
contracts	Run npm run check	2026-09-10T05:54:13.4490779Z (pass) numeric startup 1 bounds selected readiness and preserves promise identity [0.76ms]
contracts	Run npm run check	2026-09-10T05:54:13.4493192Z (pass) numeric startup 2 bounds selected readiness and preserves promise identity [0.22ms]
contracts	Run npm run check	2026-09-10T05:54:13.4500728Z (pass) numeric startup 20 bounds selected readiness and preserves promise identity [0.21ms]
contracts	Run npm run check	2026-09-10T05:54:13.4503233Z (pass) numeric startup 1 snapshots options and retains duplicate selected lifetimes [0.41ms]
contracts	Run npm run check	2026-09-10T05:54:13.4505248Z (pass) numeric startup 2 snapshots options and retains duplicate selected lifetimes [0.15ms]
contracts	Run npm run check	2026-09-10T05:54:13.4506902Z (pass) numeric startup uses final raw readiness while owned sources remain pending [0.49ms]
contracts	Run npm run check	2026-09-10T05:54:13.4512417Z (pass) bounded startup stops dequeuing after failure and cleans started work [0.71ms]
contracts	Run npm run check	2026-09-10T05:54:13.4514973Z (pass) bounded startup stops dequeuing after aborted and cleans started work [0.30ms]
contracts	Run npm run check	2026-09-10T05:54:13.4568950Z (pass) bounded startup stops dequeuing after timeout and cleans started work [5.33ms]
contracts	Run npm run check	2026-09-10T05:54:13.4571776Z (pass) numeric startup rejects invalid bounds before factories [0.34ms]
contracts	Run npm run check	2026-09-10T05:54:13.4576007Z (pass) numeric startup stops initial worker admission when a factory aborts synchronously [0.40ms]
contracts	Run npm run check	2026-09-10T05:54:13.4576949Z 
contracts	Run npm run check	2026-09-10T05:54:13.4577672Z ##[endgroup]
contracts	Run npm run check	2026-09-10T05:54:13.4578156Z 
contracts	Run npm run check	2026-09-10T05:54:13.4578865Z ##[group]tests/projections.test.ts:
contracts	Run npm run check	2026-09-10T05:54:13.4603364Z (pass) a projected service does not replace its source disposer argument [0.23ms]
contracts	Run npm run check	2026-09-10T05:54:13.4606237Z (pass) an ownership operation on a metadata provider retains earlier ownership [0.36ms]
contracts	Run npm run check	2026-09-10T05:54:13.4608444Z (pass) mapSync receives and returns exact Promise identities [0.23ms]
contracts	Run npm run check	2026-09-10T05:54:13.4612861Z (pass) mapAsync rejects source and projector throws with their original values [0.39ms]
contracts	Run npm run check	2026-09-10T05:54:13.4615521Z (pass) mapAsync awaits recursive projector thenables and source fulfillment [0.29ms]
contracts	Run npm run check	2026-09-10T05:54:13.4618982Z (pass) a failed sync projection releases late source ownership [0.34ms]
contracts	Run npm run check	2026-09-10T05:54:13.4622755Z (pass) a synchronous status projection stays cached after its raw Promise rejects [0.33ms]
contracts	Run npm run check	2026-09-10T05:54:13.4625283Z (pass) ready outer ownership closes before a raw stage accepted later [0.29ms]
contracts	Run npm run check	2026-09-10T05:54:13.4630492Z (pass) failed projections clean only their stages and preserve cached dependencies [0.41ms]
contracts	Run npm run check	2026-09-10T05:54:13.4633588Z (pass) sync failure starts asynchronous cleanup without waiting and close drains it [0.39ms]
contracts	Run npm run check	2026-09-10T05:54:13.4636949Z (pass) late old ownership cannot evict or dispose a successful retry [0.34ms]
contracts	Run npm run check	2026-09-10T05:54:13.4644573Z (pass) retired cleanup errors keep invocation order and original attempt identities [0.68ms]
contracts	Run npm run check	2026-09-10T05:54:13.4648299Z (pass) a pending source can read dependencies in close after an outer projection is ready [0.41ms]
contracts	Run npm run check	2026-09-10T05:54:13.4652261Z (pass) a pending source can finish dependencies after its outer projection failed [0.37ms]
contracts	Run npm run check	2026-09-10T05:54:13.4655398Z (pass) completed source proxies cannot borrow a pending projection or retry permission [0.32ms]
contracts	Run npm run check	2026-09-10T05:54:13.4657995Z (pass) mapped dependencies still reject genuine acquisition cycles [0.27ms]
contracts	Run npm run check	2026-09-10T05:54:13.4662288Z (pass) asynchronous mappings preserve post-await cycle detection [0.39ms]
contracts	Run npm run check	2026-09-10T05:54:13.4664900Z (pass) a completed source cannot use its still pending asynchronous projector permission [0.25ms]
contracts	Run npm run check	2026-09-10T05:54:13.4670329Z (pass) mapping and added finalizers run receiver-free across metadata operations [0.54ms]
contracts	Run npm run check	2026-09-10T05:54:13.4680543Z (pass) failed outer projections retain owned values until a pending projector finishes using them [0.94ms]
contracts	Run npm run check	2026-09-10T05:54:13.4685040Z (pass) failed exposed acquisition abandons incoming edges while its owned source can acquire the recovered parent [0.44ms]
contracts	Run npm run check	2026-09-10T05:54:13.4685967Z 
contracts	Run npm run check	2026-09-10T05:54:13.4686389Z ##[endgroup]
contracts	Run npm run check	2026-09-10T05:54:13.4686715Z 
contracts	Run npm run check	2026-09-10T05:54:13.4687132Z ##[group]tests/binding-graph.test.ts:
contracts	Run npm run check	2026-09-10T05:54:13.4706204Z (pass) private bindings with the same label have distinct memoized identities [0.79ms]
contracts	Run npm run check	2026-09-10T05:54:13.4711508Z (pass) an owned private dependency closes after its public dependent [0.33ms]
contracts	Run npm run check	2026-09-10T05:54:13.4713256Z (pass) private Promise-valued bindings preserve their original exposed identity [0.27ms]
contracts	Run npm run check	2026-09-10T05:54:13.4719462Z (pass) graph snapshots preserve lexical private refs while forks use replaced public slots [0.68ms]
contracts	Run npm run check	2026-09-10T05:54:13.4728600Z (pass) batch public bindings preserve ordered duplicates and retained private identities [0.52ms]
contracts	Run npm run check	2026-09-10T05:54:13.4729888Z (pass) an empty public binding batch preserves immutable graph identity [0.04ms]
contracts	Run npm run check	2026-09-10T05:54:13.4731115Z (pass) mutating graph input maps cannot change public lookup or binding descriptions [0.20ms]
contracts	Run npm run check	2026-09-10T05:54:13.4732800Z (pass) cycles through private aliases discovered after await show binding labels [0.45ms]
contracts	Run npm run check	2026-09-10T05:54:13.4733451Z 
contracts	Run npm run check	2026-09-10T05:54:13.4733861Z ##[endgroup]
contracts	Run npm run check	2026-09-10T05:54:13.4734061Z 
contracts	Run npm run check	2026-09-10T05:54:13.4734492Z ##[group]tests/performance-evidence.test.ts:
contracts	Run npm run check	2026-09-10T05:54:13.4759662Z (pass) validates one canonical runtime sample and preserves its provenance [0.85ms]
contracts	Run npm run check	2026-09-10T05:54:13.4765851Z (pass) rejects a correct duration with an incorrect workload checksum [0.62ms]
contracts	Run npm run check	2026-09-10T05:54:13.4773209Z (pass) rejects every semantic control mismatch [0.67ms]
contracts	Run npm run check	2026-09-10T05:54:13.4781171Z (pass) rejects invalid request provenance rather than attaching it to a valid child result [0.81ms]
contracts	Run npm run check	2026-09-10T05:54:13.4787841Z (pass) rejects invalid duration arithmetic and malformed result fields [0.67ms]
contracts	Run npm run check	2026-09-10T05:54:13.4801629Z (pass) requires the resolved public entry to stay inside the real installed package [1.36ms]
contracts	Run npm run check	2026-09-10T05:54:13.4808425Z (pass) rejects noncanonical package and entry paths even when they resolve inside the archive [0.66ms]
contracts	Run npm run check	2026-09-10T05:54:13.4816164Z (pass) parses only one canonical JSON object from a clean successful child [0.77ms]
contracts	Run npm run check	2026-09-10T05:54:13.4822817Z (pass) rejects child timeout, signal, status, stderr and unexpected schema keys [0.63ms]
contracts	Run npm run check	2026-09-10T05:54:13.4831590Z (pass) runtime runner validates the execution returned for the exact request [0.89ms]
contracts	Run npm run check	2026-09-10T05:54:13.4833866Z (pass) computes summary from every raw nanosecond without mutating input [0.25ms]
contracts	Run npm run check	2026-09-10T05:54:13.4835703Z (pass) summary rejects absent, nonpositive and unsafe samples instead of producing invalid arithmetic [0.12ms]
contracts	Run npm run check	2026-09-10T05:54:13.5130348Z (pass) paired bootstrap is seeded, paired and sensitive to seed mutations [29.45ms]
contracts	Run npm run check	2026-09-10T05:54:13.5132226Z (pass) paired bootstrap rejects length, seed, count and denominator errors [0.19ms]
contracts	Run npm run check	2026-09-10T05:54:13.5136121Z (pass) scenario execution awaits only runTimed between clock reads and verifies afterwards [0.39ms]
contracts	Run npm run check	2026-09-10T05:54:13.5137905Z (pass) scenario execution rejects a backwards or zero clock before accepting evidence [0.21ms]
contracts	Run npm run check	2026-09-10T05:54:13.5148708Z (pass) child protocol prepares before timing and emits request identity with verified work [1.02ms]
contracts	Run npm run check	2026-09-10T05:54:13.5177294Z (pass) current-only collection runs five warmups then retains 31 validated samples serially [2.85ms]
contracts	Run npm run check	2026-09-10T05:54:13.5185691Z (pass) collection journals every execution before validation so a late failure retains prior and rejected output [0.82ms]
contracts	Run npm run check	2026-09-10T05:54:13.5188869Z (pass) current evidence validation requires reproducible environment, tools, fixture and source identities [0.33ms]
contracts	Run npm run check	2026-09-10T05:54:13.5198264Z (pass) runtime journals use exclusive per-invocation paths and never truncate prior evidence [0.91ms]
contracts	Run npm run check	2026-09-10T05:54:13.5207550Z (pass) actual child printer writes one canonical newline-terminated object accepted by the parent [0.93ms]
contracts	Run npm run check	2026-09-10T05:54:13.5208399Z 
contracts	Run npm run check	2026-09-10T05:54:13.5209458Z ##[endgroup]
contracts	Run npm run check	2026-09-10T05:54:13.5209696Z 
contracts	Run npm run check	2026-09-10T05:54:13.5210158Z ##[group]tests/acquisition-metadata.test.ts:
contracts	Run npm run check	2026-09-10T05:54:13.5227820Z (pass) metadata is lazy, ordered, copied with hidden symbols, and retained after projection [0.66ms]
contracts	Run npm run check	2026-09-10T05:54:13.5231164Z (pass) immediate metadata retains raw Promise identity, policy, and outer disposer value [0.38ms]
contracts	Run npm run check	2026-09-10T05:54:13.5236534Z (pass) async metadata awaits raw thenables and exposes a native Promise [0.51ms]
contracts	Run npm run check	2026-09-10T05:54:13.5239873Z (pass) native acquisition remains pending and disposes fulfilled values after immediate annotation [0.35ms]
contracts	Run npm run check	2026-09-10T05:54:13.5246180Z (pass) annotation errors preserve original failures, cleanup, and independent retries and scopes [0.58ms]
contracts	Run npm run check	2026-09-10T05:54:13.5249091Z (pass) async annotation rejection cleans source ownership and skips failed sources [0.34ms]
contracts	Run npm run check	2026-09-10T05:54:13.5283150Z (pass) metadata callbacks and returned records reject malformed and asynchronous values [2.29ms]
contracts	Run npm run check	2026-09-10T05:54:13.5284764Z (pass) annotations retain present undefined values and add no ownership [0.78ms]
contracts	Run npm run check	2026-09-10T05:54:13.5384439Z (pass) rejecting accidentally async metadata observes its rejected Promise in both modes [10.32ms]
contracts	Run npm run check	2026-09-10T05:54:13.5406771Z (pass) metadata requires plain records and accepts records without a prototype [1.25ms]
contracts	Run npm run check	2026-09-10T05:54:13.5408063Z (pass) metadata getters are captured exactly once, including an ordinary then field [0.25ms]
contracts	Run npm run check	2026-09-10T05:54:13.5409368Z (pass) metadata retains typed token dependencies and root and transient lifetime caching [0.71ms]
contracts	Run npm run check	2026-09-10T05:54:13.5410124Z 
contracts	Run npm run check	2026-09-10T05:54:13.5410626Z ##[endgroup]
contracts	Run npm run check	2026-09-10T05:54:13.5410843Z 
contracts	Run npm run check	2026-09-10T05:54:13.5411668Z ##[group]tests/disposal.test.ts:
contracts	Run npm run check	2026-09-10T05:54:13.5429626Z (pass) disposal callbacks receive the owned value without a receiver [0.18ms]
contracts	Run npm run check	2026-09-10T05:54:13.5434352Z (pass) withDisposal exposes the value and closes each resolved instance once [0.46ms]
contracts	Run npm run check	2026-09-10T05:54:13.5435946Z (pass) ordinary values are borrowed even when they expose disposal methods [0.19ms]
contracts	Run npm run check	2026-09-10T05:54:13.5438585Z (pass) unresolved and failed factories have no disposal [0.22ms]
contracts	Run npm run check	2026-09-10T05:54:13.5443007Z (pass) throwing then inspection rejects each acquisition until a synchronous retry succeeds [0.39ms]
contracts	Run npm run check	2026-09-10T05:54:13.5446405Z (pass) a PromiseLike with a throwing then getter never reaches the fulfilled-value disposer [0.36ms]
contracts	Run npm run check	2026-09-10T05:54:13.5450750Z (pass) native Promise observer setup failures allow retry and preserve accepted Promise identity [0.41ms]
contracts	Run npm run check	2026-09-10T05:54:13.5452796Z (pass) native Promise ownership observation ignores an own then override [0.24ms]
contracts	Run npm run check	2026-09-10T05:54:13.5456377Z (pass) native Promise subclass ownership ignores an own then override [0.33ms]
contracts	Run npm run check	2026-09-10T05:54:13.5460953Z (pass) native constructor TypeError preserves the original failure and permits retry [0.42ms]
contracts	Run npm run check	2026-09-10T05:54:13.5462645Z (pass) native species TypeError preserves the original failure and permits retry [0.16ms]
contracts	Run npm run check	2026-09-10T05:54:13.5470496Z (pass) pending close observes native settlement without assimilating its species result [0.80ms]
contracts	Run npm run check	2026-09-10T05:54:13.5472296Z (pass) direct structural thenables reject without invoking then or accepting ownership [0.21ms]
contracts	Run npm run check	2026-09-10T05:54:13.5474835Z (pass) explicit structural conversion accepts fulfillment before a subsequent throw [0.26ms]
contracts	Run npm run check	2026-09-10T05:54:13.5477729Z (pass) explicit structural conversion retries rejection and disposes only the fulfilled retry [0.28ms]
contracts	Run npm run check	2026-09-10T05:54:13.5482310Z (pass) cleanup runs in reverse acquisition order through unmanaged intermediates [0.45ms]
contracts	Run npm run check	2026-09-10T05:54:13.5492588Z (pass) async disposers are awaited sequentially and receive fulfilled values [0.31ms]
contracts	Run npm run check	2026-09-10T05:54:13.5493870Z (pass) dependency ordering wins over async completion order [0.25ms]
contracts	Run npm run check	2026-09-10T05:54:13.5495123Z (pass) close drains pending factories and dependencies discovered after await [0.33ms]
contracts	Run npm run check	2026-09-10T05:54:13.5496482Z (pass) pending acquisition failure does not stop cleanup of other resources [0.26ms]
contracts	Run npm run check	2026-09-10T05:54:13.5497823Z (pass) every disposer runs and close aggregates the original cleanup failures [0.33ms]
contracts	Run npm run check	2026-09-10T05:54:13.5499852Z (pass) throwing undefined still rejects close and does not skip other disposers [0.26ms]
contracts	Run npm run check	2026-09-10T05:54:13.5502380Z (pass) reentrant close observes the same barrier even when its disposer rejects [0.22ms]
contracts	Run npm run check	2026-09-10T05:54:13.5505269Z (pass) parent and forks own independent instances and borrowed overrides stay borrowed [0.29ms]
contracts	Run npm run check	2026-09-10T05:54:13.5506941Z (pass) an owned override can replace an ordinary factory [0.17ms]
contracts	Run npm run check	2026-09-10T05:54:13.5510217Z (pass) pending factories can create a chain of synchronous dependencies during close [0.29ms]
contracts	Run npm run check	2026-09-10T05:54:13.5511046Z 
contracts	Run npm run check	2026-09-10T05:54:13.5511607Z ##[endgroup]
contracts	Run npm run check	2026-09-10T05:54:13.5512137Z 
contracts	Run npm run check	2026-09-10T05:54:13.5512716Z ##[group]tests/providers.test.ts:
contracts	Run npm run check	2026-09-10T05:54:13.5526167Z (pass) metadata is a snapshot and inspection never starts a factory [0.68ms]
contracts	Run npm run check	2026-09-10T05:54:13.5527813Z (pass) metadata preflight sees hidden collisions before reading any getters [0.19ms]
contracts	Run npm run check	2026-09-10T05:54:13.5529311Z (pass) metadata additions preserve symbol keys and snapshot accessors once [0.14ms]
contracts	Run npm run check	2026-09-10T05:54:13.5530521Z (pass) runtime rejects copied and forged provider registrations [0.11ms]
contracts	Run npm run check	2026-09-10T05:54:13.5534327Z (pass) inspection follows pending retries without retaining failed attempts or changing disposal [0.36ms]
contracts	Run npm run check	2026-09-10T05:54:13.5539959Z (pass) module rename and fork keep metadata with the actual binding [0.54ms]
contracts	Run npm run check	2026-09-10T05:54:13.5541403Z (pass) plain registrations expose empty metadata and frames, including creating snapshots [0.16ms]
contracts	Run npm run check	2026-09-10T05:54:13.5543772Z (pass) metadata preserves synchronous ownership and borrowed cleanup methods [0.24ms]
contracts	Run npm run check	2026-09-10T05:54:13.5548091Z (pass) provider execution captures projected values and acquisition frames [0.42ms]
contracts	Run npm run check	2026-09-10T05:54:13.5548824Z 
contracts	Run npm run check	2026-09-10T05:54:13.5549364Z ##[endgroup]
contracts	Run npm run check	2026-09-10T05:54:13.5549702Z 
contracts	Run npm run check	2026-09-10T05:54:13.5550245Z ##[group]tests/acquisition.test.ts:
contracts	Run npm run check	2026-09-10T05:54:13.5558480Z (pass) a retry does not inherit the identity of a caught failed attempt [0.22ms]
contracts	Run npm run check	2026-09-10T05:54:13.5563713Z (pass) a caught rejected attempt does not retarget its incoming edge to the retry [0.50ms]
contracts	Run npm run check	2026-09-10T05:54:13.5572475Z (pass) shutdown preserves every cleanup cause and its acquisition identity [0.81ms]
contracts	Run npm run check	2026-09-10T05:54:13.5573907Z (pass) cleanup diagnostics snapshot caller records without cloning the original cause [0.10ms]
contracts	Run npm run check	2026-09-10T05:54:13.5576964Z (pass) a failed attempt cannot borrow its pending retry permission to acquire during close [0.39ms]
contracts	Run npm run check	2026-09-10T05:54:13.5580538Z (pass) a completed factory cannot start late acquisitions while another factory drains [0.37ms]
contracts	Run npm run check	2026-09-10T05:54:13.5583798Z (pass) a retained failed proxy follows live dependencies without traversing removed attempts [0.29ms]
contracts	Run npm run check	2026-09-10T05:54:13.5584594Z 
contracts	Run npm run check	2026-09-10T05:54:13.5585039Z ##[endgroup]
contracts	Run npm run check	2026-09-10T05:54:13.5585263Z 
contracts	Run npm run check	2026-09-10T05:54:13.5585744Z ##[group]tests/composition-adapters.test.ts:
contracts	Run npm run check	2026-09-10T05:54:13.5601655Z (pass) class adapters construct lazily with private fields, inherited prototypes and new.target [0.41ms]
contracts	Run npm run check	2026-09-10T05:54:13.5603734Z (pass) constructor validation invokes neither the constructor nor its prototype getter [0.28ms]
contracts	Run npm run check	2026-09-10T05:54:13.5609430Z (pass) function adapters pass positional values exactly and support explicitly bound receivers [0.55ms]
contracts	Run npm run check	2026-09-10T05:54:13.5614533Z (pass) optional and rest function and constructor arguments follow selected positions [0.51ms]
contracts	Run npm run check	2026-09-10T05:54:13.5618043Z (pass) function adapters snapshot indexed tokens and ignore custom iterators [0.35ms]
contracts	Run npm run check	2026-09-10T05:54:13.5624831Z (pass) function adapters reject invalid declaration inputs before user effects [0.60ms]
contracts	Run npm run check	2026-09-10T05:54:13.5627917Z (pass) function acquisition failures retry and disposal is explicit [0.37ms]
contracts	Run npm run check	2026-09-10T05:54:13.5632941Z (pass) class adapters snapshot indexed tokens and ignore custom iterators [0.24ms]
contracts	Run npm run check	2026-09-10T05:54:13.5634257Z (pass) class adapters reject invalid declaration inputs before user effects [0.12ms]
contracts	Run npm run check	2026-09-10T05:54:13.5635463Z (pass) class acquisition failures retry and disposal is explicit [0.17ms]
contracts	Run npm run check	2026-09-10T05:54:13.5636963Z (pass) raw and native adapters retain Promise identity and select the disposal value [0.33ms]
contracts	Run npm run check	2026-09-10T05:54:13.5643032Z (pass) raw class adapters preserve thenables and auto rejects them without assimilation [0.52ms]
contracts	Run npm run check	2026-09-10T05:54:13.5644481Z (pass) automatic adapters require runtime classification before acquisition [0.20ms]
contracts	Run npm run check	2026-09-10T05:54:13.5651234Z (pass) module token graphs and selected sharing keep ownership and parent dependencies [0.64ms]
contracts	Run npm run check	2026-09-10T05:54:13.5655275Z (pass) strict root class adapters retain root dependencies through child overrides [0.37ms]
contracts	Run npm run check	2026-09-10T05:54:13.5666010Z (pass) native class acquisition preserves constructed promises and disposes their fulfilled value [0.47ms]
contracts	Run npm run check	2026-09-10T05:54:13.5667608Z (pass) rejected function acquisitions retry with the original Promise return [0.22ms]
contracts	Run npm run check	2026-09-10T05:54:13.5669049Z (pass) constructor proxies retain their acquisition trap and original new.target [0.28ms]
contracts	Run npm run check	2026-09-10T05:54:13.5669857Z 
contracts	Run npm run check	2026-09-10T05:54:13.5670365Z ##[endgroup]
contracts	Run npm run check	2026-09-10T05:54:13.5670687Z 
contracts	Run npm run check	2026-09-10T05:54:13.5671259Z ##[group]tests/package.test.ts:
contracts	Run npm run check	2026-09-10T05:54:16.3667123Z (pass) standalone archive contains root and node entries without removed adapters [0.26ms]
contracts	Run npm run check	2026-09-10T05:54:19.2523555Z (pass) feature library inferred token exports survive declaration emission [2882.64ms]
contracts	Run npm run check	2026-09-10T05:54:19.2953636Z (pass) classic installed commonjs archive rejects removed box package entry points [45.20ms]
contracts	Run npm run check	2026-09-10T05:54:19.3841111Z (pass) classic installed commonjs archive returns the full adversarial oracle [89.56ms]
contracts	Run npm run check	2026-09-10T05:54:19.4827296Z (pass) Node commonjs consumers can resolve and dispose through the public package [98.57ms]
contracts	Run npm run check	2026-09-10T05:54:19.5290925Z (pass) Node commonjs observes local and foreign native subclass state directly [46.35ms]
contracts	Run npm run check	2026-09-10T05:54:21.2609302Z (pass) TypeScript commonjs consumers can use the emitted declarations [1730.13ms]
contracts	Run npm run check	2026-09-10T05:54:22.6414697Z (pass) TypeScript commonjs emitted provider contracts: plugins.ts [1382.19ms]
contracts	Run npm run check	2026-09-10T05:54:23.9695196Z (pass) TypeScript commonjs emitted provider contracts: negative/plugins.ts [1328.08ms]
contracts	Run npm run check	2026-09-10T05:54:25.3125608Z (pass) TypeScript commonjs emitted provider contracts: observers.ts [1342.98ms]
contracts	Run npm run check	2026-09-10T05:54:26.9023735Z (pass) TypeScript commonjs emitted provider contracts: negative/observers.ts [1587.62ms]
contracts	Run npm run check	2026-09-10T05:54:28.7183686Z (pass) TypeScript commonjs emitted provider contracts: contributions.ts [1817.31ms]
contracts	Run npm run check	2026-09-10T05:54:30.9813042Z (pass) TypeScript commonjs emitted provider contracts: negative/contributions.ts [2263.71ms]
contracts	Run npm run check	2026-09-10T05:54:32.6983422Z (pass) TypeScript commonjs emitted provider contracts: aliases.ts [1716.88ms]
contracts	Run npm run check	2026-09-10T05:54:34.7544182Z (pass) TypeScript commonjs emitted provider contracts: negative/aliases.ts [2054.85ms]
contracts	Run npm run check	2026-09-10T05:54:36.5351013Z (pass) TypeScript commonjs emitted provider contracts: dependency-references.ts [1781.97ms]
contracts	Run npm run check	2026-09-10T05:54:38.4451300Z (pass) TypeScript commonjs emitted provider contracts: negative/dependency-references.ts [1910.03ms]
contracts	Run npm run check	2026-09-10T05:54:39.8231363Z (pass) TypeScript commonjs emitted provider contracts: composition-adapters.ts [1377.97ms]
contracts	Run npm run check	2026-09-10T05:54:41.1824605Z (pass) TypeScript commonjs emitted provider contracts: negative/composition-adapters.ts [1359.33ms]
contracts	Run npm run check	2026-09-10T05:54:42.8731023Z (pass) TypeScript commonjs emitted provider contracts: selected-scopes.ts [1690.64ms]
contracts	Run npm run check	2026-09-10T05:54:44.7434987Z (pass) TypeScript commonjs emitted provider contracts: negative/selected-scopes.ts [1870.30ms]
contracts	Run npm run check	2026-09-10T05:54:46.1256586Z (pass) TypeScript commonjs emitted provider contracts: acquisition-mode.ts [1382.15ms]
contracts	Run npm run check	2026-09-10T05:54:47.4233321Z (pass) TypeScript commonjs emitted provider contracts: negative/acquisition-mode.ts [1297.59ms]
contracts	Run npm run check	2026-09-10T05:54:48.9986657Z (pass) TypeScript commonjs emitted provider contracts: scopes.ts [1575.35ms]
contracts	Run npm run check	2026-09-10T05:54:50.4005421Z (pass) TypeScript commonjs emitted provider contracts: negative/scopes.ts [1401.89ms]
contracts	Run npm run check	2026-09-10T05:54:52.0895499Z (pass) TypeScript commonjs emitted provider contracts: lifetimes.ts [1689.02ms]
contracts	Run npm run check	2026-09-10T05:54:54.3076144Z (pass) TypeScript commonjs emitted provider contracts: negative/lifetimes.ts [2218.02ms]
contracts	Run npm run check	2026-09-10T05:54:55.6963176Z (pass) TypeScript commonjs emitted provider contracts: tokens.ts [1387.79ms]
contracts	Run npm run check	2026-09-10T05:54:57.4010729Z (pass) TypeScript commonjs emitted provider contracts: negative/tokens.ts [1705.58ms]
contracts	Run npm run check	2026-09-10T05:54:58.7893306Z (pass) TypeScript commonjs emitted provider contracts: negative/token-modules.ts [1388.21ms]
contracts	Run npm run check	2026-09-10T05:55:00.1154898Z (pass) TypeScript commonjs emitted provider contracts: token-contracts.ts [1326.21ms]
contracts	Run npm run check	2026-09-10T05:55:01.4964275Z (pass) TypeScript commonjs emitted provider contracts: negative/token-contracts.ts [1380.87ms]
contracts	Run npm run check	2026-09-10T05:55:03.0510650Z (pass) TypeScript commonjs emitted provider contracts: providers.ts [1554.59ms]
contracts	Run npm run check	2026-09-10T05:55:04.8682892Z (pass) TypeScript commonjs emitted provider contracts: replacement-context.ts [1817.22ms]
contracts	Run npm run check	2026-09-10T05:55:06.3789272Z (pass) TypeScript commonjs emitted provider contracts: negative/replacement-context.ts [1510.61ms]
contracts	Run npm run check	2026-09-10T05:55:07.8388479Z (pass) TypeScript commonjs emitted provider contracts: negative/provider-boundaries.ts [1459.86ms]
contracts	Run npm run check	2026-09-10T05:55:09.2725383Z (pass) TypeScript commonjs emitted provider contracts: negative/provider-module-metadata.ts [1433.67ms]
contracts	Run npm run check	2026-09-10T05:55:10.6346581Z (pass) TypeScript commonjs emitted provider contracts: negative/provider-projections.ts [1362.15ms]
contracts	Run npm run check	2026-09-10T05:55:10.6688070Z (pass) classic installed module archive rejects removed box package entry points [34.16ms]
contracts	Run npm run check	2026-09-10T05:55:10.7358935Z (pass) classic installed module archive returns the full adversarial oracle [67.15ms]
contracts	Run npm run check	2026-09-10T05:55:10.8290521Z (pass) Node module consumers can resolve and dispose through the public package [93.13ms]
contracts	Run npm run check	2026-09-10T05:55:10.8845452Z (pass) Node module observes local and foreign native subclass state directly [55.44ms]
contracts	Run npm run check	2026-09-10T05:55:12.4418895Z (pass) TypeScript module consumers can use the emitted declarations [1557.32ms]
contracts	Run npm run check	2026-09-10T05:55:13.6846370Z (pass) TypeScript module emitted provider contracts: plugins.ts [1242.73ms]
contracts	Run npm run check	2026-09-10T05:55:14.9428573Z (pass) TypeScript module emitted provider contracts: negative/plugins.ts [1258.17ms]
contracts	Run npm run check	2026-09-10T05:55:16.1810068Z (pass) TypeScript module emitted provider contracts: observers.ts [1238.15ms]
contracts	Run npm run check	2026-09-10T05:55:17.3869816Z (pass) TypeScript module emitted provider contracts: negative/observers.ts [1205.95ms]
contracts	Run npm run check	2026-09-10T05:55:18.9848122Z (pass) TypeScript module emitted provider contracts: contributions.ts [1597.79ms]
contracts	Run npm run check	2026-09-10T05:55:21.3364885Z (pass) TypeScript module emitted provider contracts: negative/contributions.ts [2351.39ms]
contracts	Run npm run check	2026-09-10T05:55:23.1656733Z (pass) TypeScript module emitted provider contracts: aliases.ts [1829.49ms]
contracts	Run npm run check	2026-09-10T05:55:25.2151617Z (pass) TypeScript module emitted provider contracts: negative/aliases.ts [2048.05ms]
contracts	Run npm run check	2026-09-10T05:55:26.7855825Z (pass) TypeScript module emitted provider contracts: dependency-references.ts [1571.70ms]
contracts	Run npm run check	2026-09-10T05:55:28.4980518Z (pass) TypeScript module emitted provider contracts: negative/dependency-references.ts [1712.34ms]
contracts	Run npm run check	2026-09-10T05:55:29.7850363Z (pass) TypeScript module emitted provider contracts: composition-adapters.ts [1286.96ms]
contracts	Run npm run check	2026-09-10T05:55:31.1797385Z (pass) TypeScript module emitted provider contracts: negative/composition-adapters.ts [1394.72ms]
contracts	Run npm run check	2026-09-10T05:55:32.6012969Z (pass) TypeScript module emitted provider contracts: selected-scopes.ts [1421.50ms]
contracts	Run npm run check	2026-09-10T05:55:34.2910558Z (pass) TypeScript module emitted provider contracts: negative/selected-scopes.ts [1689.79ms]
contracts	Run npm run check	2026-09-10T05:55:35.8577662Z (pass) TypeScript module emitted provider contracts: acquisition-mode.ts [1566.67ms]
contracts	Run npm run check	2026-09-10T05:55:37.2377931Z (pass) TypeScript module emitted provider contracts: negative/acquisition-mode.ts [1380.03ms]
contracts	Run npm run check	2026-09-10T05:55:38.6040264Z (pass) TypeScript module emitted provider contracts: scopes.ts [1366.19ms]
contracts	Run npm run check	2026-09-10T05:55:39.9843573Z (pass) TypeScript module emitted provider contracts: negative/scopes.ts [1379.88ms]
contracts	Run npm run check	2026-09-10T05:55:41.6629388Z (pass) TypeScript module emitted provider contracts: lifetimes.ts [1678.97ms]
contracts	Run npm run check	2026-09-10T05:55:43.6874331Z (pass) TypeScript module emitted provider contracts: negative/lifetimes.ts [2024.39ms]
contracts	Run npm run check	2026-09-10T05:55:45.1692424Z (pass) TypeScript module emitted provider contracts: tokens.ts [1481.82ms]
contracts	Run npm run check	2026-09-10T05:55:46.8358438Z (pass) TypeScript module emitted provider contracts: negative/tokens.ts [1666.61ms]
contracts	Run npm run check	2026-09-10T05:55:48.1944017Z (pass) TypeScript module emitted provider contracts: negative/token-modules.ts [1358.55ms]
contracts	Run npm run check	2026-09-10T05:55:49.4298988Z (pass) TypeScript module emitted provider contracts: token-contracts.ts [1235.44ms]
contracts	Run npm run check	2026-09-10T05:55:50.7492980Z (pass) TypeScript module emitted provider contracts: negative/token-contracts.ts [1319.37ms]
contracts	Run npm run check	2026-09-10T05:55:52.1739570Z (pass) TypeScript module emitted provider contracts: providers.ts [1424.69ms]
contracts	Run npm run check	2026-09-10T05:55:53.9632649Z (pass) TypeScript module emitted provider contracts: replacement-context.ts [1789.27ms]
contracts	Run npm run check	2026-09-10T05:55:55.4674085Z (pass) TypeScript module emitted provider contracts: negative/replacement-context.ts [1504.16ms]
contracts	Run npm run check	2026-09-10T05:55:56.9457064Z (pass) TypeScript module emitted provider contracts: negative/provider-boundaries.ts [1478.27ms]
contracts	Run npm run check	2026-09-10T05:55:58.3002518Z (pass) TypeScript module emitted provider contracts: negative/provider-module-metadata.ts [1354.46ms]
contracts	Run npm run check	2026-09-10T05:55:59.6527648Z (pass) TypeScript module emitted provider contracts: negative/provider-projections.ts [1352.54ms]
contracts	Run npm run check	2026-09-10T05:56:00.8356302Z (pass) unchecked Bag construction is rejected through di-bag [1182.90ms]
contracts	Run npm run check	2026-09-10T05:56:02.6515079Z (pass) unchecked Bag construction is rejected through ../src/di-bag [1815.80ms]
contracts	Run npm run check	2026-09-10T05:56:03.9767376Z (pass) unchecked Module construction is rejected through di-bag [1325.24ms]
contracts	Run npm run check	2026-09-10T05:56:05.8439400Z (pass) unchecked Module construction is rejected through ../src/module [1867.17ms]
contracts	Run npm run check	2026-09-10T05:56:07.0322523Z (pass) unchecked Provider construction is rejected through di-bag [1188.24ms]
contracts	Run npm run check	2026-09-10T05:56:08.0677195Z (pass) unchecked Provider construction is rejected through ../src/provider [1035.53ms]
contracts	Run npm run check	2026-09-10T05:56:09.2410210Z (pass) unchecked Token construction is rejected through di-bag [1173.28ms]
contracts	Run npm run check	2026-09-10T05:56:10.3185962Z (pass) unchecked Token construction is rejected through ../src/tokens [1077.52ms]
contracts	Run npm run check	2026-09-10T05:56:10.3206886Z 
contracts	Run npm run check	2026-09-10T05:56:10.3207807Z ##[endgroup]
contracts	Run npm run check	2026-09-10T05:56:10.3210039Z 
contracts	Run npm run check	2026-09-10T05:56:10.3210871Z ##[group]tests/benchmark-compiler-controls.test.ts:
contracts	Run npm run check	2026-09-10T05:56:10.3493555Z (pass) negative controls reject a fast compile that lost its marker [0.17ms]
contracts	Run npm run check	2026-09-10T05:56:10.3498363Z (pass) negative controls require exactly one marker at the generated boundary [0.57ms]
contracts	Run npm run check	2026-09-10T05:56:10.3499818Z (pass) valid controls reject diagnostics and case identity substitution [0.08ms]
contracts	Run npm run check	2026-09-10T05:56:10.3501056Z (pass) controls reject invalid work metrics and source provenance drift [0.18ms]
contracts	Run npm run check	2026-09-10T05:56:10.3517257Z (pass) normalizer validates classic work and canonicalizes diagnostic paths [0.64ms]
contracts	Run npm run check	2026-09-10T05:56:10.3518677Z (pass) normalizer extracts native extended metrics without substituting process time [0.07ms]
contracts	Run npm run check	2026-09-10T05:56:10.3522278Z (pass) summary preserves every ordered sample and derives literal statistics [0.44ms]
contracts	Run npm run check	2026-09-10T05:56:10.3524277Z (pass) collector performs five warm-ups then 31 retained samples serially [1.15ms]
contracts	Run npm run check	2026-09-10T05:56:10.3525530Z (pass) catalog contains only the exact nine supported controls [0.07ms]
contracts	Run npm run check	2026-09-10T05:56:10.3533689Z (pass) failed child evidence is journaled before normalization rejects it [0.47ms]
contracts	Run npm run check	2026-09-10T05:56:10.3534891Z (pass) spawn failures are journaled even when no child row exists [0.16ms]
contracts	Run npm run check	2026-09-10T05:56:10.3535504Z 
contracts	Run npm run check	2026-09-10T05:56:10.3536013Z ##[endgroup]
contracts	Run npm run check	2026-09-10T05:56:10.3536247Z 
contracts	Run npm run check	2026-09-10T05:56:10.3553329Z ##[group]tests/platform-evidence.test.ts:
contracts	Run npm run check	2026-09-10T05:56:10.3571758Z (pass) required platform evidence rejects incomplete or unavailable matrices [0.55ms]
contracts	Run npm run check	2026-09-10T05:56:10.3578915Z (pass) local platform identity takes precedence and invalid local identity never falls back [0.69ms]
contracts	Run npm run check	2026-09-10T05:56:10.3584182Z (pass) child evidence rejects noncanonical output, stderr, process failures and the wrong lane [0.52ms]
contracts	Run npm run check	2026-09-10T05:56:10.3854241Z (pass) tool verification rejects explicit unavailability, version drift and hash drift [25.06ms]
contracts	Run npm run check	2026-09-10T05:56:10.3856100Z (pass) tool verification rejects malformed pins and unavailable executables before a lane starts [1.08ms]
contracts	Run npm run check	2026-09-10T05:56:10.3880863Z (pass) pack output requires exactly one archive and empty stderr [3.50ms]
contracts	Run npm run check	2026-09-10T05:56:10.3931282Z (pass) pack output rejects every missing declared export and package document [5.04ms]
contracts	Run npm run check	2026-09-10T05:56:10.4010985Z (pass) packed archive validation catches a missing archive, changed bytes and stale file inventory [7.89ms]
contracts	Run npm run check	2026-09-10T05:56:10.4200761Z (pass) archive inventory is an exact allowlist and package documents match isolated inputs byte-for-byte [18.91ms]
contracts	Run npm run check	2026-09-10T05:56:10.6800582Z (pass) repository manifest verifies every provisioned identity and retains absent tools as unavailable [259.99ms]
contracts	Run npm run check	2026-09-10T05:56:13.0324053Z (pass) isolated classic pack contains only freshly built declared exports and rechecks its hash [2351.18ms]
contracts	Run npm run check	2026-09-10T05:56:13.0326080Z (pass) evidence writer appends stable sorted JSONL under the source/date directory [1.49ms]
contracts	Run npm run check	2026-09-10T05:56:15.4557122Z (pass) platform command writes one sorted matrix and executes every provisioned lane [2422.96ms]
contracts	Run npm run check	2026-09-10T05:56:15.7424334Z (pass) platform evidence module imports under the pinned Node ESM loader [286.75ms]
contracts	Run npm run check	2026-09-10T05:56:16.0230438Z (pass) platform command retains archive failure rows and makes required failures nonzero [280.59ms]
contracts	Run npm run check	2026-09-10T05:56:16.0235484Z (pass) browser metafile parser rejects malformed shapes before resolving inputs [0.56ms]
contracts	Run npm run check	2026-09-10T05:56:16.0235944Z 
contracts	Run npm run check	2026-09-10T05:56:16.0236308Z ##[endgroup]
contracts	Run npm run check	2026-09-10T05:56:16.0238857Z 
contracts	Run npm run check	2026-09-10T05:56:16.0239302Z ##[group]tests/release-artifacts.test.ts:
contracts	Run npm run check	2026-09-10T05:56:16.0365710Z (pass) release documentation contract > adversarial release gates are separately supervised file commands [0.37ms]
contracts	Run npm run check	2026-09-10T05:56:16.0369189Z (pass) release documentation contract > release documents match the frozen package and gate every online command [0.36ms]
contracts	Run npm run check	2026-09-10T05:56:16.0374437Z (pass) release documentation contract > the publication boundary rejects stale, missing, duplicated, and misplaced commands [0.43ms]
contracts	Run npm run check	2026-09-10T05:56:16.0382233Z (pass) release documentation contract > public docs state entry-point, adapter, acquisition, ownership, and release limits [0.76ms]
contracts	Run npm run check	2026-09-10T05:56:16.0384109Z (pass) release artifact scripts > reject unsafe and unsupported manifest arguments [0.28ms]
contracts	Run npm run check	2026-09-10T05:56:16.0385470Z (pass) release artifact scripts > expose guarded parsers and archive inspection [0.04ms]
contracts	Run npm run check	2026-09-10T05:56:16.0386882Z (pass) archive verifier TDD boundary > exports a read-only verifier and strict CLI parser [0.02ms]
contracts	Run npm run check	2026-09-10T05:56:16.0417751Z (pass) safe npm archive parser > returns sorted regular entries and exact package metadata bytes [3.22ms]
contracts	Run npm run check	2026-09-10T05:56:16.0422974Z (pass) safe npm archive parser > rejects absolute name [0.56ms]
contracts	Run npm run check	2026-09-10T05:56:16.0429735Z (pass) safe npm archive parser > rejects traversal [0.66ms]
contracts	Run npm run check	2026-09-10T05:56:16.0434360Z (pass) safe npm archive parser > rejects backslash [0.47ms]
contracts	Run npm run check	2026-09-10T05:56:16.0439203Z (pass) safe npm archive parser > rejects outside package [0.46ms]
contracts	Run npm run check	2026-09-10T05:56:16.0445369Z (pass) safe npm archive parser > rejects duplicate [0.63ms]
contracts	Run npm run check	2026-09-10T05:56:16.0473025Z (pass) safe npm archive parser > rejects prefix collision [0.95ms]
contracts	Run npm run check	2026-09-10T05:56:16.0493279Z (pass) safe npm archive parser > rejects symlink [0.57ms]
contracts	Run npm run check	2026-09-10T05:56:16.0499166Z (pass) safe npm archive parser > rejects hardlink [0.39ms]
contracts	Run npm run check	2026-09-10T05:56:16.0500149Z (pass) safe npm archive parser > rejects fifo [0.36ms]
contracts	Run npm run check	2026-09-10T05:56:16.0501055Z (pass) safe npm archive parser > rejects device [0.63ms]
contracts	Run npm run check	2026-09-10T05:56:16.0502206Z (pass) safe npm archive parser > rejects unknown type [0.57ms]
contracts	Run npm run check	2026-09-10T05:56:16.0503338Z (pass) safe npm archive parser > rejects NUL ambiguity [0.67ms]
contracts	Run npm run check	2026-09-10T05:56:16.0504273Z (pass) safe npm archive parser > rejects entry size ceiling [0.54ms]
contracts	Run npm run check	2026-09-10T05:56:16.0505624Z (pass) safe npm archive parser > rejects checksum [0.55ms]
contracts	Run npm run check	2026-09-10T05:56:16.0509604Z (pass) safe npm archive parser > rejects magic [0.54ms]
contracts	Run npm run check	2026-09-10T05:56:16.0510661Z (pass) safe npm archive parser > rejects numeric NUL suffix [0.49ms]
contracts	Run npm run check	2026-09-10T05:56:16.0513477Z (pass) safe npm archive parser > rejects nonzero padding [0.52ms]
contracts	Run npm run check	2026-09-10T05:56:16.0517748Z (pass) safe npm archive parser > rejects terminator [0.40ms]
contracts	Run npm run check	2026-09-10T05:56:16.0521697Z (pass) safe npm archive parser > rejects trailing junk [0.40ms]
contracts	Run npm run check	2026-09-10T05:56:16.0529147Z (pass) safe npm archive parser > rejects truncated entry [0.56ms]
contracts	Run npm run check	2026-09-10T05:56:16.0533215Z (pass) safe npm archive parser > rejects missing metadata [0.45ms]
contracts	Run npm run check	2026-09-10T05:56:16.0539224Z (pass) safe npm archive parser > rejects invalid and empty gzip bytes [0.70ms]
contracts	Run npm run check	2026-09-10T05:56:16.0551665Z (pass) command evidence runner > parses canonical sorted inputs and preserves argv spaces [1.22ms]
contracts	Run npm run check	2026-09-10T05:56:16.0553109Z (pass) command evidence runner > rejects unsafe argv: bash -c echo hi [0.05ms]
contracts	Run npm run check	2026-09-10T05:56:16.0554196Z (pass) command evidence runner > rejects unsafe argv: npm view di-bag [0.04ms]
contracts	Run npm run check	2026-09-10T05:56:16.0555509Z (pass) command evidence runner > rejects unsafe argv: npm login [0.01ms]
contracts	Run npm run check	2026-09-10T05:56:16.0556555Z (pass) command evidence runner > rejects unsafe argv: npm publish a.tgz [0.03ms]
contracts	Run npm run check	2026-09-10T05:56:16.0557654Z (pass) command evidence runner > rejects unsafe argv: npm dist-tag add [0.01ms]
contracts	Run npm run check	2026-09-10T05:56:16.0558677Z (pass) command evidence runner > rejects unsafe argv: git push [0.03ms]
contracts	Run npm run check	2026-09-10T05:56:16.0559649Z (pass) command evidence runner > rejects unsafe argv: git tag v1 [0.01ms]
contracts	Run npm run check	2026-09-10T05:56:16.0560628Z (pass) command evidence runner > rejects unsafe argv: node --registry x
contracts	Run npm run check	2026-09-10T05:56:16.0561534Z (pass) command evidence runner > rejects unsafe argv: node https://registry.npmjs.org
contracts	Run npm run check	2026-09-10T05:56:16.0562371Z (pass) command evidence runner > rejects unsafe argv: node &&
contracts	Run npm run check	2026-09-10T05:56:16.0562904Z (pass) command evidence runner > rejects unsafe argv: node -e thing
contracts	Run npm run check	2026-09-10T05:56:16.0563498Z (pass) command evidence runner > rejects unsafe argv: env npm publish x.tgz [0.02ms]
contracts	Run npm run check	2026-09-10T05:56:16.0564083Z (pass) command evidence runner > rejects unsafe argv: env git push
contracts	Run npm run check	2026-09-10T05:56:16.0564624Z (pass) command evidence runner > rejects unsafe argv: npx npm view di-bag
contracts	Run npm run check	2026-09-10T05:56:16.0565151Z (pass) command evidence runner > rejects unsafe argv: bunx tool
contracts	Run npm run check	2026-09-10T05:56:16.0565676Z (pass) command evidence runner > rejects unsafe argv: corepack npm login
contracts	Run npm run check	2026-09-10T05:56:16.0566434Z (pass) command evidence runner > rejects relative, escaping, symlinked, duplicate, and unsupported arguments [0.26ms]
contracts	Run npm run check	2026-09-10T05:56:16.0635834Z (pass) command evidence runner > records stdout, stderr, input hashes, normalized success and record-last evidence [7.65ms]
contracts	Run npm run check	2026-09-10T05:56:16.0989932Z (pass) command evidence runner > rejects timeout, output overflow, nonzero status, and spawn failure without publishing a record [34.85ms]
contracts	Run npm run check	2026-09-10T05:56:16.1000940Z (pass) command evidence runner > rejects injected memory, monitor, signal and spawn outcomes [1.11ms]
contracts	Run npm run check	2026-09-10T05:56:16.1171301Z (pass) command evidence runner > failed reruns and thrown supervisors erase stale success evidence [17.47ms]
contracts	Run npm run check	2026-09-10T05:56:16.1456713Z (pass) command evidence runner > hashes inputs before execution and rolls back orphan logs if record publication fails [28.57ms]
contracts	Run npm run check	2026-09-10T05:56:16.1480677Z (pass) native gap inventory > freezes the exact current zero-gap source authority [2.49ms]
contracts	Run npm run check	2026-09-10T05:56:16.1495353Z (pass) native gap inventory > accepts empty and reviewed fresh inventory while an empty authority rejects a new gap [1.42ms]
contracts	Run npm run check	2026-09-10T05:56:16.1516007Z (pass) native gap inventory > parses the documented relative reviewed root and exact absolute outputs [2.08ms]
contracts	Run npm run check	2026-09-10T05:56:16.1522717Z (pass) release tree hashing > hashes sorted regular paths deterministically [0.69ms]
contracts	Run npm run check	2026-09-10T05:56:16.1664845Z (pass) release tree hashing > rejects empty, symlink, special and unsafe argument layouts [14.22ms]
contracts	Run npm run check	2026-09-10T05:56:16.1668026Z (pass) release tree hashing > detects byte mutations through changed digest [0.33ms]
contracts	Run npm run check	2026-09-10T05:56:16.1682815Z (pass) manifest validation and deterministic projection > manifest fixtures leave root candidate archive existence and bytes unchanged [1.42ms]
contracts	Run npm run check	2026-09-10T05:56:16.1760995Z (pass) manifest validation and deterministic projection > derives immutable archive facts and is deterministic across caller ordering [7.77ms]
contracts	Run npm run check	2026-09-10T05:56:16.1836847Z (pass) manifest validation and deterministic projection > public evidence has no absolute paths and is invariant to final commit and approved observed diff [7.53ms]
contracts	Run npm run check	2026-09-10T05:56:16.1875197Z (pass) manifest validation and deterministic projection > allows canonical SHA-512 SRI only in package integrity fields [3.88ms]
contracts	Run npm run check	2026-09-10T05:56:16.2032894Z (pass) manifest validation and deterministic projection > rejects duplicate/missing packages, bad versions, metadata, pack facts and handoff paths [15.73ms]
contracts	Run npm run check	2026-09-10T05:56:16.2071249Z (pass) manifest validation and deterministic projection > accepts zero reviewed and fresh native gaps and rejects every unexpected fresh occurrence [3.84ms]
contracts	Run npm run check	2026-09-10T05:56:16.2104943Z (pass) manifest validation and deterministic projection > retains nonempty-authority manifest validation for historical candidates [3.35ms]
contracts	Run npm run check	2026-09-10T05:56:16.2157607Z (pass) manifest validation and deterministic projection > rejects failed, malformed-time, duplicate-input and mutated-log command evidence [5.27ms]
contracts	Run npm run check	2026-09-10T05:56:16.2172774Z (pass) manifest validation and deterministic projection > rejects archive containment, symlink escape, absence and replacement facts [1.54ms]
contracts	Run npm run check	2026-09-10T05:56:16.2177302Z (pass) manifest validation and deterministic projection > manifest CLI rejects every non-fixed public target form [0.44ms]
contracts	Run npm run check	2026-09-10T05:56:16.2373203Z (pass) manifest validation and deterministic projection > public projection rejects absolute argv and input paths outside known roots [19.53ms]
contracts	Run npm run check	2026-09-10T05:56:18.5923063Z (pass) archive verifier > independently accepts exact archive, pack, metadata, export, dependency, and public facts [27.70ms]
contracts	Run npm run check	2026-09-10T05:56:18.7125708Z (pass) archive verifier > rejects every archive digest and file-list mismatch [119.99ms]
contracts	Run npm run check	2026-09-10T05:56:18.8788639Z (pass) archive verifier > rejects altered, duplicate, stale, divergent, extra-field, and filename pack JSON [166.57ms]
contracts	Run npm run check	2026-09-10T05:56:19.0435724Z (pass) archive verifier > enforces exact package metadata, exports, and empty dependencies [164.70ms]
contracts	Run npm run check	2026-09-10T05:56:19.3030702Z (pass) archive verifier > rejects malformed dependency, files, and bundled dependency metadata shapes [259.51ms]
contracts	Run npm run check	2026-09-10T05:56:19.9579158Z (pass) archive verifier > rejects forbidden source, test, fixture, dependency, credential, and tarball content [654.83ms]
contracts	Run npm run check	2026-09-10T05:56:20.2451095Z (pass) archive verifier > rejects missing public export pairs and removed adapter entries from archive bytes [287.12ms]
contracts	Run npm run check	2026-09-10T05:56:20.3356765Z (pass) archive verifier > requires byte-identical stable public evidence and rejects missing, stale, malformed, and extra bytes [90.56ms]
contracts	Run npm run check	2026-09-10T05:56:20.3602952Z (pass) archive verifier > rejects malicious archives before creating or running a consumer workdir [24.62ms]
contracts	Run npm run check	2026-09-10T05:56:20.3604513Z (pass) archive verifier > uses one fixed explicit offline install argv with no fallback [0.12ms]
contracts	Run npm run check	2026-09-10T05:56:20.3611848Z (pass) archive verifier > core import tracing rejects bare, self, node builtin, and unresolved relative specifiers [0.83ms]
contracts	Run npm run check	2026-09-10T05:56:21.0489325Z (pass) archive verifier > CLI accepts only canonical contained manifest and empty work directory paths [687.70ms]
contracts	Run npm run check	2026-09-10T05:56:21.0500603Z (pass) archive verifier > direct verifier API rejects outside, relative, aliased, and nonempty work paths before mutation [1.17ms]
contracts	Run npm run check	2026-09-10T05:56:21.9534114Z (pass) archive verifier > binds both declaration compilers to the exact manifest versions before emitting [903.25ms]
contracts	Run npm run check	2026-09-10T05:56:21.9538293Z (pass) archive verifier > matches both I14 diagnostics to their marked regions and expected message fragments [0.50ms]
contracts	Run npm run check	2026-09-10T05:56:26.3791548Z 724 |     expect(matchesReleaseNegativeDiagnostics(source, file, located('unrelated first', 2, 'unrelated second', 4), directory)).toBe(false);
contracts	Run npm run check	2026-09-10T05:56:26.3795004Z 725 |     expect(matchesReleaseNegativeDiagnostics(source, file, located('wanted first', 1, 'wanted second', 2), directory)).toBe(false);
contracts	Run npm run check	2026-09-10T05:56:26.3796384Z 726 |   });
contracts	Run npm run check	2026-09-10T05:56:26.3797750Z 727 |   test('installs owned verified bytes and passes real Node/Bun, CJS/ESM, core-only, and declaration oracles', async () => {
contracts	Run npm run check	2026-09-10T05:56:26.3799001Z 728 |     publish(manifest); const work = resolve(directory, 'real-work'); const result = await verifyReleaseArtifacts(manifestPath, work);
contracts	Run npm run check	2026-09-10T05:56:26.3799881Z 729 |     expect(result, result.failures.join('\n')).toEqual({ ok: true, failures: [] });
contracts	Run npm run check	2026-09-10T05:56:26.3800390Z                                                      ^
contracts	Run npm run check	2026-09-10T05:56:26.3802458Z error: offline consumer verification failed: Error: command failed: {"argv":["/tmp/di-bag-release-candidate/task3-test-2490/checkout/node_modules/.bin/tsc6","-p","/tmp/di-bag-release-candidate/task3-test-2490/real-work/consumer/declarations-classic6-cts/out/tsconfig.classic6.json"],"status":0,"signal":null,"terminationReason":"monitor","stderr":""}
contracts	Run npm run check	2026-09-10T05:56:26.3807680Z 
contracts	Run npm run check	2026-09-10T05:56:26.3807864Z   {
contracts	Run npm run check	2026-09-10T05:56:26.3808246Z -   "failures": [],
contracts	Run npm run check	2026-09-10T05:56:26.3808925Z -   "ok": true,
contracts	Run npm run check	2026-09-10T05:56:26.3809326Z +   "failures": [
contracts	Run npm run check	2026-09-10T05:56:26.3812756Z +     "offline consumer verification failed: Error: command failed: {"argv":["/tmp/di-bag-release-candidate/task3-test-2490/checkout/node_modules/.bin/tsc6","-p","/tmp/di-bag-release-candidate/task3-test-2490/real-work/consumer/declarations-classic6-cts/out/tsconfig.classic6.json"],"status":0,"signal":null,"terminationReason":"monitor","stderr":""}",
contracts	Run npm run check	2026-09-10T05:56:26.3814335Z +   ],
contracts	Run npm run check	2026-09-10T05:56:26.3814538Z +   "ok": false,
contracts	Run npm run check	2026-09-10T05:56:26.3814742Z   }
contracts	Run npm run check	2026-09-10T05:56:26.3814860Z 
contracts	Run npm run check	2026-09-10T05:56:26.3814954Z - Expected  - 2
contracts	Run npm run check	2026-09-10T05:56:26.3815163Z + Received  + 4
contracts	Run npm run check	2026-09-10T05:56:26.3815283Z 
contracts	Run npm run check	2026-09-10T05:56:26.3815614Z       at <anonymous> (/home/runner/work/di-bag/di-bag/tests/release-artifacts.test.ts:729:48)
contracts	Run npm run check	2026-09-10T05:56:26.3815983Z 
contracts	Run npm run check	2026-09-10T05:56:26.3838093Z ##[error]  {
contracts	Run npm run check	-   "failures": [],
contracts	Run npm run check	-   "ok": true,
contracts	Run npm run check	+   "failures": [
contracts	Run npm run check	+     "offline consumer verification failed: Error: command failed: {"argv":["/tmp/di-bag-release-candidate/task3-test-2490/checkout/node_modules/.bin/tsc6","-p","/tmp/di-bag-release-candidate/task3-test-2490/real-work/consumer/declarations-classic6-cts/out/tsconfig.classic6.json"],"status":0,"signal":null,"terminationReason":"monitor","stderr":""}",
contracts	Run npm run check	+   ],
contracts	Run npm run check	+   "ok": false,
contracts	Run npm run check	  }
contracts	Run npm run check	
contracts	Run npm run check	- Expected  - 2
contracts	Run npm run check	+ Received  + 4
contracts	Run npm run check	
contracts	Run npm run check	      at <anonymous> (/home/runner/work/di-bag/di-bag/tests/release-artifacts.test.ts:729:48)
contracts	Run npm run check	2026-09-10T05:56:26.3846840Z (fail) archive verifier > installs owned verified bytes and passes real Node/Bun, CJS/ESM, core-only, and declaration oracles [4425.29ms]
contracts	Run npm run check	2026-09-10T05:56:26.3961701Z (pass) final release audit > validates exactly five roles and produces deterministic non-self-attestation [5.25ms]
contracts	Run npm run check	2026-09-10T05:56:26.4053687Z (pass) final release audit > rejects missing, duplicate, failed, mutated, stale-input and wrong-Git evidence [8.17ms]
contracts	Run npm run check	2026-09-10T05:56:26.4794700Z (pass) final release audit > rejects every invalid retained command field and fixed limit violation [75.05ms]
contracts	Run npm run check	2026-09-10T05:56:26.4799627Z (pass) final release audit > audit CLI rejects wrong output, public location, OIDs, duplicate and extra options [0.50ms]
contracts	Run npm run check	2026-09-10T05:56:26.4811372Z 
contracts	Run npm run check	2026-09-10T05:56:26.4811875Z ##[endgroup]
contracts	Run npm run check	2026-09-10T05:56:26.4814262Z 
contracts	Run npm run check	2026-09-10T05:56:26.4814751Z ##[group]tests/selected-scopes.test.ts:
contracts	Run npm run check	2026-09-10T05:56:26.4854340Z (pass) selected sharing keeps parent dependencies while child overrides stay local [1.50ms]
contracts	Run npm run check	2026-09-10T05:56:26.4883880Z (pass) mixed token selections retain exact borrowed pending values and override bindings [0.62ms]
contracts	Run npm run check	2026-09-10T05:56:26.4885242Z (pass) scope snapshots selections and ignores unselected override getters and tuple iterators [0.52ms]
contracts	Run npm run check	2026-09-10T05:56:26.4886378Z (pass) invalid selections reject before override values or provider effects [0.66ms]
contracts	Run npm run check	2026-09-10T05:56:26.4887392Z (pass) empty selections are lazy and duplicates read each override once [0.42ms]
contracts	Run npm run check	2026-09-10T05:56:26.4888552Z (pass) inherited strict roots keep their graph when a child overrides a dependency as scoped [0.36ms]
contracts	Run npm run check	2026-09-10T05:56:26.4889178Z 
contracts	Run npm run check	2026-09-10T05:56:26.4889628Z ##[endgroup]
contracts	Run npm run check	2026-09-10T05:56:26.4889805Z 
contracts	Run npm run check	2026-09-10T05:56:26.4890197Z ##[group]tests/compiler-case.test.ts:
contracts	Run npm run check	2026-09-10T05:56:26.4983673Z (pass) selected compiler case admits only original matrix identities [0.23ms]
contracts	Run npm run check	2026-09-10T05:56:26.4987924Z (pass) a claimed accepted result cannot hide an original-boundary failure [0.44ms]
contracts	Run npm run check	2026-09-10T05:56:26.4991453Z (pass) direct selected-case calls reject invalid lane and matrix identities before dispatch [0.35ms]
contracts	Run npm run check	2026-09-10T05:56:26.4993699Z (pass) recomputed boundary rejects self-consistent worker evidence at the wrong boundary [0.23ms]
contracts	Run npm run check	2026-09-10T05:56:26.4995007Z (pass) selected evidence rejects sourceCommit drift while compilation runs [0.12ms]
contracts	Run npm run check	2026-09-10T05:56:26.4996079Z (pass) selected evidence rejects sourceStatus drift while compilation runs [0.01ms]
contracts	Run npm run check	2026-09-10T05:56:26.4996891Z (pass) selected evidence rejects sourceSha256 drift while compilation runs
contracts	Run npm run check	2026-09-10T05:56:26.4997680Z (pass) selected evidence rejects generatedSha256 drift while compilation runs
contracts	Run npm run check	2026-09-10T05:56:26.4998363Z (pass) native selected evidence preserves the hash of the compiled snapshot [0.10ms]
contracts	Run npm run check	2026-09-10T05:56:26.4999084Z (pass) compiler CLI deterministically selects exit status from simulated evidence [0.08ms]
contracts	Run npm run check	2026-09-10T05:56:26.4999827Z (pass) classic process failures retain compiler identity and complete provenance [0.06ms]
contracts	Run npm run check	2026-09-10T05:56:28.7948425Z (pass) classic selected 100 bulk valid returns verified evidence [2294.92ms]
contracts	Run npm run check	2026-09-10T05:56:31.1662921Z (pass) classic selected 100 bulk missing returns verified evidence [2371.43ms]
contracts	Run npm run check	2026-09-10T05:56:31.3938144Z (pass) native selected 100 bulk valid returns verified evidence [227.52ms]
contracts	Run npm run check	2026-09-10T05:56:31.6250249Z (pass) native selected 100 bulk missing returns verified evidence [231.19ms]
contracts	Run npm run check	2026-09-10T05:56:31.9590419Z (pass) selected compiler CLI rejects an invalid identity without JSON success [334.00ms]
contracts	Run npm run check	2026-09-10T05:56:31.9590923Z 
contracts	Run npm run check	2026-09-10T05:56:31.9591327Z ##[endgroup]
contracts	Run npm run check	2026-09-10T05:56:31.9591459Z 
contracts	Run npm run check	2026-09-10T05:56:31.9591727Z ##[group]tests/scopes.test.ts:
contracts	Run npm run check	2026-09-10T05:56:31.9613980Z (pass) children own fresh acquisitions while independent forks outlive their source [0.77ms]
contracts	Run npm run check	2026-09-10T05:56:31.9620241Z (pass) parent close synchronously closes every descendant admission gate and waits for descendants [0.62ms]
contracts	Run npm run check	2026-09-10T05:56:31.9624678Z (pass) pending child sources may acquire dependencies after parent close starts [0.45ms]
contracts	Run npm run check	2026-09-10T05:56:31.9627091Z (pass) pending acquisition promises deduplicate only within one scope [0.24ms]
contracts	Run npm run check	2026-09-10T05:56:31.9635301Z (pass) nested cleanup failures flatten by registration order despite reversed completion [0.78ms]
contracts	Run npm run check	2026-09-10T05:56:31.9643682Z (pass) independently settled children detach on success and failure without replay [0.55ms]
contracts	Run npm run check	2026-09-10T05:56:31.9645641Z (pass) parent close includes a child already closing until its failure settles [0.49ms]
contracts	Run npm run check	2026-09-10T05:56:31.9650008Z (pass) unexpected child close rejection is retained after parent cleanup [0.43ms]
contracts	Run npm run check	2026-09-10T05:56:31.9656628Z (pass) scope preserves native shadowed-then and raw Promise ownership in configured core [0.60ms]
contracts	Run npm run check	2026-09-10T05:56:31.9662247Z (pass) child projection rollback finishes before a parent-owned finalizer [0.54ms]
contracts	Run npm run check	2026-09-10T05:56:31.9670835Z (pass) scopes retain module-private identities and unchanged public binding metadata [0.88ms]
contracts	Run npm run check	2026-09-10T05:56:31.9675243Z (pass) unchecked scope arguments reject before creating or acquiring a child [0.46ms]
contracts	Run npm run check	2026-09-10T05:56:31.9675745Z 
contracts	Run npm run check	2026-09-10T05:56:31.9676032Z ##[endgroup]
contracts	Run npm run check	2026-09-10T05:56:31.9676162Z 
contracts	Run npm run check	2026-09-10T05:56:31.9676437Z ##[group]tests/enterprise-integration.test.ts:
contracts	Run npm run check	2026-09-10T05:56:31.9698130Z (pass) overlapping requests isolate private dependencies and release scopes before the shared root [1.12ms]
contracts	Run npm run check	2026-09-10T05:56:31.9702315Z (pass) owned-scope fixture preserves handler and cleanup failures without closing twice [0.41ms]
contracts	Run npm run check	2026-09-10T05:56:31.9707008Z (pass) test substitutions retain private module contracts and fresh transient instances [0.47ms]
contracts	Run npm run check	2026-09-10T05:56:31.9721134Z (pass) a dynamically imported module starts private providers and unloads contributions exactly once [1.38ms]
contracts	Run npm run check	2026-09-10T05:56:31.9724060Z (pass) owned-scope fixture preserves a thrown undefined value and cleanup-only failure [0.30ms]
contracts	Run npm run check	2026-09-10T05:56:31.9725581Z (pass) owned-scope work result types follow explicit awaiting of structural thenables [0.16ms]
contracts	Run npm run check	2026-09-10T05:56:31.9730213Z (pass) a fixture whose startup fails releases acquired resources without admitting work [0.41ms]
contracts	Run npm run check	2026-09-10T05:56:31.9730868Z 
contracts	Run npm run check	2026-09-10T05:56:31.9731138Z ##[endgroup]
contracts	Run npm run check	2026-09-10T05:56:31.9731266Z 
contracts	Run npm run check	2026-09-10T05:56:31.9731517Z ##[group]tests/token-modules.test.ts:
contracts	Run npm run check	2026-09-10T05:56:31.9743326Z (pass) exported tokens retarget private module consumers in forks [0.46ms]
contracts	Run npm run check	2026-09-10T05:56:31.9748239Z (pass) private tokens get independent installations and dependency ordered cleanup [0.48ms]
contracts	Run npm run check	2026-09-10T05:56:31.9754256Z (pass) token bindings preserve source reuse, promise identity and public replacement [0.53ms]
contracts	Run npm run check	2026-09-10T05:56:31.9757897Z (pass) fork snapshots mixed selection indices and reads only selected own overrides [0.35ms]
contracts	Run npm run check	2026-09-10T05:56:31.9768222Z (pass) duplicate mixed overrides keep getter order and route final values through private consumers [0.99ms]
contracts	Run npm run check	2026-09-10T05:56:31.9770382Z (pass) invalid token selections preflight before any selected override getter [0.29ms]
contracts	Run npm run check	2026-09-10T05:56:31.9775117Z (pass) runtime duplicate symbols reject atomically and leave builders reusable [0.45ms]
contracts	Run npm run check	2026-09-10T05:56:31.9775813Z 
contracts	Run npm run check	2026-09-10T05:56:31.9776223Z ##[endgroup]
contracts	Run npm run check	2026-09-10T05:56:31.9776434Z 
contracts	Run npm run check	2026-09-10T05:56:31.9776761Z ##[group]tests/persistent-graph.test.ts:
contracts	Run npm run check	2026-09-10T05:56:31.9950948Z (pass) replacement removes obsolete public IDs while earlier versions retain their own values [16.16ms]
contracts	Run npm run check	2026-09-10T05:56:31.9953554Z (pass) replacement counts all public slots and contribution references to a binding [0.37ms]
contracts	Run npm run check	2026-09-10T05:56:31.9958771Z (pass) private aliases protect replaced IDs but public aliases follow current slots [0.45ms]
contracts	Run npm run check	2026-09-10T05:56:31.9960272Z (pass) constructor keeps unused private registrations for explicit preflight and dangling refs for inspection [0.18ms]
contracts	Run npm run check	2026-09-10T05:56:32.0037699Z (pass) shared lexical input maps are snapshotted once per installation [7.70ms]
contracts	Run npm run check	2026-09-10T05:56:32.0245149Z (pass) string collisions, special own keys and same-description symbols stay distinct across updates [20.64ms]
contracts	Run npm run check	2026-09-10T05:56:32.0333576Z (pass) materialized contributions retain order through append and installation without changing old arrays [8.13ms]
contracts	Run npm run check	2026-09-10T05:56:32.0363497Z (pass) root lifetime stays parent-owned after a child overrides one shared public slot [0.44ms]
contracts	Run npm run check	2026-09-10T05:56:32.0383518Z (pass) former public targets are pruned when the last user of a shared lexical snapshot is replaced [0.18ms]
contracts	Run npm run check	2026-09-10T05:56:32.0923598Z (pass) pruning cascades iteratively through displaced lexical targets [57.24ms]
contracts	Run npm run check	2026-09-10T05:56:32.0941721Z (pass) contribution protection uses the once-read input snapshot through public replacement [0.67ms]
contracts	Run npm run check	2026-09-10T05:56:32.0942928Z 
contracts	Run npm run check	2026-09-10T05:56:32.0943576Z ##[endgroup]
contracts	Run npm run check	2026-09-10T05:56:32.0943791Z 
contracts	Run npm run check	2026-09-10T05:56:32.0944453Z ##[group]tests/diagnostic-markers.test.ts:
contracts	Run npm run check	2026-09-10T05:56:32.0945598Z (pass) strict matcher accounts for explicit supplemental diagnostics without splitting regions [0.15ms]
contracts	Run npm run check	2026-09-10T05:56:32.0947229Z (pass) supplement cannot replace a missing primary [0.09ms]
contracts	Run npm run check	2026-09-10T05:56:32.0948135Z (pass) supplement rejects {"code":2345} [0.10ms]
contracts	Run npm run check	2026-09-10T05:56:32.0948971Z (pass) supplement rejects {"file":"/other.ts"} [0.03ms]
contracts	Run npm run check	2026-09-10T05:56:32.0949852Z (pass) supplement rejects {"line":5} [0.02ms]
contracts	Run npm run check	2026-09-10T05:56:32.0950603Z (pass) supplement rejects {"code":2589} [0.02ms]
contracts	Run npm run check	2026-09-10T05:56:32.0951432Z (pass) supplement rejects {"message":"unrelated"} [0.03ms]
contracts	Run npm run check	2026-09-10T05:56:32.0952607Z (pass) unrelated cascades and TS2589 remain unexpected [0.08ms]
contracts	Run npm run check	2026-09-10T05:56:32.0953206Z 
contracts	Run npm run check	2026-09-10T05:56:32.0953776Z ##[endgroup]
contracts	Run npm run check	2026-09-10T05:56:32.0953991Z 
contracts	Run npm run check	2026-09-10T05:56:32.0954424Z ##[group]tests/native-package.test.ts:
contracts	Run npm run check	2026-09-10T05:58:09.9079266Z (pass) native installed contracts and physical downstream declarations from classic6 [97780.92ms]
contracts	Run npm run check	2026-09-10T05:59:15.1233566Z (pass) native installed contracts and physical downstream declarations from native7 [65213.10ms]
contracts	Run npm run check	2026-09-10T05:59:15.1260074Z 
contracts	Run npm run check	2026-09-10T05:59:15.1282805Z ##[endgroup]
contracts	Run npm run check	2026-09-10T05:59:15.1312406Z 
contracts	Run npm run check	2026-09-10T05:59:15.1343561Z ##[group]tests/comparator-contract.test.ts:
contracts	Run npm run check	2026-09-10T05:59:15.1403205Z (pass) admits only a synchronous named graph with singleton, transient and explicit lifecycle semantics [1.10ms]
contracts	Run npm run check	2026-09-10T05:59:15.1443308Z (pass) comparator cannot enter the table with incomplete or forged metadata [0.26ms]
contracts	Run npm run check	2026-09-10T05:59:15.1492393Z (pass) rejects asynchronous construction or resolution from the synchronous common subset [0.23ms]
contracts	Run npm run check	2026-09-10T05:59:15.1844756Z (pass) forbidden rejected async results are consumed before the child exits [59.64ms]
contracts	Run npm run check	2026-09-10T05:59:15.1847529Z (pass) rejects a changed named workload, singleton caching or transient freshness [0.33ms]
contracts	Run npm run check	2026-09-10T05:59:15.1851712Z (pass) rejects missing, partial and failing explicit disposal [0.43ms]
contracts	Run npm run check	2026-09-10T05:59:15.1859522Z (pass) reports absent optional packages as unavailable without inventing adapter rows [0.76ms]
contracts	Run npm run check	2026-09-10T05:59:15.1869204Z (pass) distinguishes unavailable installation from an unreviewed or semantically invalid adapter [0.97ms]
contracts	Run npm run check	2026-09-10T05:59:15.1876317Z (pass) rejects package and adapter identity drift before semantic admission [0.71ms]
contracts	Run npm run check	2026-09-10T05:59:15.1883738Z (pass) comparator CLI mode emits only truthful optional status rows and creates no timing evidence [0.72ms]
contracts	Run npm run check	2026-09-10T05:59:15.1884185Z 
contracts	Run npm run check	2026-09-10T05:59:15.1884640Z ##[endgroup]
contracts	Run npm run check	2026-09-10T05:59:15.1885750Z 
contracts	Run npm run check	2026-09-10T05:59:15.1886060Z ##[group]tests/native-process.test.ts:
contracts	Run npm run check	2026-09-10T05:59:15.2186950Z (pass) supervisor terminates and reaps a live child on monitor EIO [1.47ms]
contracts	Run npm run check	2026-09-10T05:59:15.2194971Z (pass) supervisor terminates and reaps a live child on monitor EACCES [0.82ms]
contracts	Run npm run check	2026-09-10T05:59:15.2201796Z (pass) supervisor terminates and reaps a live child on monitor ENOENT [0.68ms]
contracts	Run npm run check	2026-09-10T05:59:15.2208494Z (pass) supervisor terminates and reaps a live child on monitor ESRCH [0.66ms]
contracts	Run npm run check	2026-09-10T05:59:15.2430769Z (pass) supervisor terminates and reaps a live child on monitor missing VmRSS [22.18ms]
contracts	Run npm run check	2026-09-10T05:59:15.2654139Z (pass) supervisor terminates and reaps a live child on monitor malformed VmRSS [22.30ms]
contracts	Run npm run check	2026-09-10T05:59:15.3536130Z (pass) supervisor drains and reaps a zombie when status reports ENOENT before the exit callback [88.11ms]
contracts	Run npm run check	2026-09-10T05:59:15.4334425Z (pass) supervisor drains and reaps a zombie when status reports ESRCH before the exit callback [79.85ms]
contracts	Run npm run check	2026-09-10T05:59:15.6116899Z (pass) supervisor confirms exit 0 after stale non-zombie status loses VmRSS [178.27ms]
contracts	Run npm run check	2026-09-10T05:59:15.7893127Z (pass) supervisor confirms exit 2 after stale non-zombie status loses VmRSS [177.60ms]
contracts	Run npm run check	2026-09-10T05:59:15.8674911Z (pass) supervisor confirms ESRCH process disappearance before its exit callback runs [78.16ms]
contracts	Run npm run check	2026-09-10T05:59:15.9547327Z (pass) supervisor drains streams and awaits pending sample cleanup for missing VmRSS during exit [87.19ms]
contracts	Run npm run check	2026-09-10T05:59:16.0418055Z (pass) supervisor drains streams and awaits pending sample cleanup for ENOENT after exit [87.11ms]
contracts	Run npm run check	2026-09-10T05:59:16.1310955Z (pass) supervisor drains streams and awaits pending sample cleanup for ESRCH after exit [89.22ms]
contracts	Run npm run check	2026-09-10T05:59:16.1921047Z (pass) monitor termination waits for inherited stdout and stderr to close [61.07ms]
contracts	Run npm run check	2026-09-10T05:59:16.2707583Z (pass) supervisor retains clean child streams and exit status [78.64ms]
contracts	Run npm run check	2026-09-10T05:59:16.2716358Z (pass) failed spawn is explicit evidence [0.94ms]
contracts	Run npm run check	2026-09-10T05:59:16.2942727Z (pass) supervisor terminates and reaps timeout child [22.55ms]
contracts	Run npm run check	2026-09-10T05:59:16.3169335Z (pass) supervisor terminates and reaps memory child [22.64ms]
contracts	Run npm run check	2026-09-10T05:59:16.3450982Z (pass) supervisor terminates and reaps output child [28.16ms]
contracts	Run npm run check	2026-09-10T05:59:16.3454258Z (pass) invalid limits and unsupported platforms fail before spawning [0.35ms]
contracts	Run npm run check	2026-09-10T05:59:16.3707410Z (pass) output overflow remains byte bounded when UTF8 is cut within a character [25.25ms]
contracts	Run npm run check	2026-09-10T05:59:16.3707882Z 
contracts	Run npm run check	2026-09-10T05:59:16.3708206Z ##[endgroup]
contracts	Run npm run check	2026-09-10T05:59:16.3709104Z 
contracts	Run npm run check	2026-09-10T05:59:16.3709599Z ##[group]tests/selected-scope-runtime.test.ts:
contracts	Run npm run check	2026-09-10T05:59:16.3737259Z (pass) selected service borrows parent configuration and ownership while child config is overridden [1.30ms]
contracts	Run npm run check	2026-09-10T05:59:16.3740476Z (pass) scoped sharing selects the immediate parent and must be selected again by grandchildren [0.33ms]
contracts	Run npm run check	2026-09-10T05:59:16.3746987Z (pass) child-defined roots anchor their graph while inherited roots construct in the original graph [0.63ms]
contracts	Run npm run check	2026-09-10T05:59:16.3751350Z (pass) shared pending promises deduplicate and failed acquisitions retry at the owner [0.44ms]
contracts	Run npm run check	2026-09-10T05:59:16.3757308Z (pass) closing a borrower leaves the pending owner context and finalizer intact [0.51ms]
contracts	Run npm run check	2026-09-10T05:59:16.3763011Z (pass) pending child sources discover shared parent dependencies during tree close [0.57ms]
contracts	Run npm run check	2026-09-10T05:59:16.3766771Z (pass) strict child roots reject shared scoped dependencies before reading a cached owner [0.38ms]
contracts	Run npm run check	2026-09-10T05:59:16.3769683Z (pass) shared dependency edges detect cycles through retained owner proxies [0.31ms]
contracts	Run npm run check	2026-09-10T05:59:16.3774307Z (pass) shared module bindings preserve lexical private dependencies despite child public replacements [0.42ms]
contracts	Run npm run check	2026-09-10T05:59:16.3777722Z (pass) synchronous shared owner reentry detects a cycle across acquisition owners [0.36ms]
contracts	Run npm run check	2026-09-10T05:59:16.3782437Z (pass) a ready projection retains source permission for late shared reads [0.43ms]
contracts	Run npm run check	2026-09-10T05:59:16.3784167Z (pass) a failed projection retains source permission for late shared reads [0.23ms]
contracts	Run npm run check	2026-09-10T05:59:16.3788234Z (pass) completed and retired child proxies cannot borrow another source closing permission for shared reads [0.36ms]
contracts	Run npm run check	2026-09-10T05:59:16.3788905Z 
contracts	Run npm run check	2026-09-10T05:59:16.3789341Z ##[endgroup]
contracts	Run npm run check	2026-09-10T05:59:16.3789569Z 
contracts	Run npm run check	2026-09-10T05:59:16.3789996Z ##[group]tests/tokens.test.ts:
contracts	Run npm run check	2026-09-10T05:59:16.3805670Z (pass) token symbols participate in the same acquisition graph [0.44ms]
contracts	Run npm run check	2026-09-10T05:59:16.3807579Z (pass) handles authenticate identity and capture a receiver-free symbol [0.22ms]
contracts	Run npm run check	2026-09-10T05:59:16.3812221Z (pass) indexed snapshots ignore iterators and caller mutations [0.41ms]
contracts	Run npm run check	2026-09-10T05:59:16.3814117Z (pass) invalid selections fail before callbacks and binding transforms [0.22ms]
contracts	Run npm run check	2026-09-10T05:59:16.3817648Z (pass) same actual symbols and repeated token reads reuse one cache slot [0.30ms]
contracts	Run npm run check	2026-09-10T05:59:16.3820490Z (pass) distinct symbols with the same description resolve independent slots [0.27ms]
contracts	Run npm run check	2026-09-10T05:59:16.3825630Z (pass) symbol dependencies follow lexical private and public references [0.52ms]
contracts	Run npm run check	2026-09-10T05:59:16.3831231Z (pass) token and named cycles report symbol labels in both entry orders [0.54ms]
contracts	Run npm run check	2026-09-10T05:59:16.3835488Z (pass) rejected token acquisitions retry without awaiting callback arguments [0.39ms]
contracts	Run npm run check	2026-09-10T05:59:16.3845910Z (pass) late named reads from a token-bound source retain close permission and disposal order [0.51ms]
contracts	Run npm run check	2026-09-10T05:59:16.3847572Z (pass) undeclared well-known symbol reads remain undefined [0.18ms]
contracts	Run npm run check	2026-09-10T05:59:16.3849062Z (pass) binding views and transformations retain frozen source selection without mutating inputs [0.43ms]
contracts	Run npm run check	2026-09-10T05:59:16.3849998Z 
contracts	Run npm run check	2026-09-10T05:59:16.3850553Z ##[endgroup]
contracts	Run npm run check	2026-09-10T05:59:16.3850933Z 
contracts	Run npm run check	2026-09-10T05:59:16.3851518Z ##[group]tests/incremental-scale.test.ts:
contracts	Run npm run check	2026-09-10T05:59:19.1026118Z (pass) incremental compiler work: 100 named additions [2717.33ms]
contracts	Run npm run check	2026-09-10T05:59:22.1103705Z (pass) incremental compiler work: 100 named replacements [3007.71ms]
contracts	Run npm run check	2026-09-10T05:59:25.5101337Z (pass) incremental compiler work: 100 token bindings [3399.80ms]
contracts	Run npm run check	2026-09-10T05:59:25.5101771Z 
contracts	Run npm run check	2026-09-10T05:59:25.5102388Z ##[endgroup]
contracts	Run npm run check	2026-09-10T05:59:25.5103319Z 
contracts	Run npm run check	2026-09-10T05:59:25.5103782Z ##[group]tests/persistent-map.test.ts:
contracts	Run npm run check	2026-09-10T05:59:25.5141675Z (pass) collision replacement and deletion preserve other keys and earlier versions [3.24ms]
contracts	Run npm run check	2026-09-10T05:59:25.5308562Z (pass) mixed insert/delete operations agree with an independent native map [16.65ms]
contracts	Run npm run check	2026-09-10T05:59:25.5309068Z 
contracts	Run npm run check	2026-09-10T05:59:25.5309421Z ##[endgroup]
contracts	Run npm run check	2026-09-10T05:59:25.5310037Z 
contracts	Run npm run check	2026-09-10T05:59:25.5310565Z ##[group]tests/runtime.test.ts:
contracts	Run npm run check	2026-09-10T05:59:25.5324205Z (pass) sync diamond dependencies are created once and stay synchronous [0.39ms]
contracts	Run npm run check	2026-09-10T05:59:25.5325449Z (pass) undefined is memoized [0.15ms]
contracts	Run npm run check	2026-09-10T05:59:25.5329469Z (pass) a creating undefined-valued factory cannot be returned through reentrant resolution [0.34ms]
contracts	Run npm run check	2026-09-10T05:59:25.5332386Z (pass) forward registration and forks use independent memoization [0.30ms]
contracts	Run npm run check	2026-09-10T05:59:25.5333996Z (pass) synchronous factory failure can be retried [0.17ms]
contracts	Run npm run check	2026-09-10T05:59:25.5338314Z (pass) ending one builder twice and forking create fresh owned roots [0.39ms]
contracts	Run npm run check	2026-09-10T05:59:25.5342093Z (pass) async dependencies remain explicit and concurrent resolutions share a promise [0.35ms]
contracts	Run npm run check	2026-09-10T05:59:25.5344349Z (pass) synchronous cycles include their dependency path [0.24ms]
contracts	Run npm run check	2026-09-10T05:59:25.5345135Z (pass) prototype properties are not factories [0.10ms]
contracts	Run npm run check	2026-09-10T05:59:25.5347552Z (pass) async factory rejections can be retried [0.21ms]
contracts	Run npm run check	2026-09-10T05:59:25.5350385Z (pass) synchronous failure discards abandoned edges before retrying another token [0.22ms]
contracts	Run npm run check	2026-09-10T05:59:25.5354180Z (pass) async failure discards abandoned edges before retrying another token [0.42ms]
contracts	Run npm run check	2026-09-10T05:59:25.5357538Z (pass) then inspection failure discards outgoing edges before another token retries [0.35ms]
contracts	Run npm run check	2026-09-10T05:59:25.5362273Z (pass) cycles discovered after await reject instead of hanging [0.41ms]
contracts	Run npm run check	2026-09-10T05:59:25.5362857Z 
contracts	Run npm run check	2026-09-10T05:59:25.5363488Z ##[endgroup]
contracts	Run npm run check	2026-09-10T05:59:25.5363690Z 
contracts	Run npm run check	2026-09-10T05:59:25.5364128Z ##[group]tests/native-diagnostic-markers.test.ts:
contracts	Run npm run check	2026-09-10T05:59:25.5375146Z (pass) known native overload rejection retains its unmet useful requirement separately [0.36ms]
contracts	Run npm run check	2026-09-10T05:59:25.5376324Z (pass) native gap rejects unknown declaration [0.11ms]
contracts	Run npm run check	2026-09-10T05:59:25.5377200Z (pass) native gap rejects malformed declaration [0.03ms]
contracts	Run npm run check	2026-09-10T05:59:25.5378069Z (pass) native gap rejects duplicate declaration [0.04ms]
contracts	Run npm run check	2026-09-10T05:59:25.5378959Z (pass) native gap rejects misplaced declaration [0.03ms]
contracts	Run npm run check	2026-09-10T05:59:25.5389771Z (pass) native gap rejects not adjacent [0.07ms]
contracts	Run npm run check	2026-09-10T05:59:25.5390579Z (pass) native gap rejects stale declaration [0.03ms]
contracts	Run npm run check	2026-09-10T05:59:25.5391323Z (pass) native gap rejects wrong code [0.02ms]
contracts	Run npm run check	2026-09-10T05:59:25.5392317Z (pass) native gap rejects wrong full message [0.02ms]
contracts	Run npm run check	2026-09-10T05:59:25.5393091Z (pass) native gap rejects wrong file [0.02ms]
contracts	Run npm run check	2026-09-10T05:59:25.5393794Z (pass) native gap rejects wrong region [0.04ms]
contracts	Run npm run check	2026-09-10T05:59:25.5394502Z (pass) native gap rejects absent error [0.03ms]
contracts	Run npm run check	2026-09-10T05:59:25.5395154Z (pass) native gap rejects TS2589 [0.02ms]
contracts	Run npm run check	2026-09-10T05:59:25.5395868Z (pass) native gap rejects duplicate error [0.03ms]
contracts	Run npm run check	2026-09-10T05:59:25.5396645Z (pass) native gap rejects unrelated extra [0.02ms]
contracts	Run npm run check	2026-09-10T05:59:25.5397782Z (pass) native gap rejects no declaration [0.02ms]
contracts	Run npm run check	2026-09-10T05:59:25.5398717Z (pass) native gap cannot replace a supplemental expectation [0.12ms]
contracts	Run npm run check	2026-09-10T05:59:25.5400076Z (pass) union and open-template fingerprints require their own exact declarations [0.34ms]
contracts	Run npm run check	2026-09-10T05:59:25.5401530Z (pass) native gap cannot satisfy a different primary even when that primary matches its fingerprint [0.11ms]
contracts	Run npm run check	2026-09-10T05:59:25.5402535Z 
contracts	Run npm run check	2026-09-10T05:59:25.5402958Z ##[endgroup]
contracts	Run npm run check	2026-09-10T05:59:25.5403158Z 
contracts	Run npm run check	2026-09-10T05:59:25.5403573Z ##[group]tests/native-compiler.test.ts:
contracts	Run npm run check	2026-09-10T05:59:25.5404532Z (pass) parser retains real native multiline diagnostics, positions and metrics [0.14ms]
contracts	Run npm run check	2026-09-10T05:59:25.5405652Z (pass) parser exposes configuration errors, TS2589 and unknown output [0.07ms]
contracts	Run npm run check	2026-09-10T05:59:25.5406893Z (pass) source marker gate rejects wrong file, region, message, TS2589 and unmatched cascades [0.22ms]
contracts	Run npm run check	2026-09-10T05:59:26.4861805Z (pass) verified native executable checks real nonempty valid and invalid projects [946.19ms]
contracts	Run npm run check	2026-09-10T05:59:26.6983302Z (pass) native small control bulk valid [212.09ms]
contracts	Run npm run check	2026-09-10T05:59:26.9201430Z (pass) native small control bulk missing [221.83ms]
contracts	Run npm run check	2026-09-10T05:59:27.7573007Z (pass) native small control bindings valid [837.12ms]
contracts	Run npm run check	2026-09-10T05:59:28.5543723Z (pass) native small control bindings missing-final-token [797.06ms]
contracts	Run npm run check	2026-09-10T05:59:28.5544219Z 
contracts	Run npm run check	2026-09-10T05:59:28.5546644Z ##[endgroup]
contracts	Run npm run check	2026-09-10T05:59:28.5546883Z 
contracts	Run npm run check	2026-09-10T05:59:28.5547352Z ##[group]tests/benchmark-types.test.ts:
contracts	Run npm run check	2026-09-10T05:59:28.5565790Z (pass) parent evaluator validates untrusted worker evidence and preserves requested identities [0.68ms]
contracts	Run npm run check	2026-09-10T05:59:28.8744834Z (pass) benchmark rejects unsupported flags: --native --native [317.86ms]
contracts	Run npm run check	2026-09-10T05:59:29.1959806Z (pass) benchmark rejects unsupported flags: --tokens --tokens [321.50ms]
contracts	Run npm run check	2026-09-10T05:59:29.5092499Z (pass) benchmark rejects unsupported flags: --unknown [313.22ms]
contracts	Run npm run check	2026-09-10T05:59:29.8245209Z (pass) benchmark rejects unsupported flags: --native --tokens --unknown [315.29ms]
contracts	Run npm run check	2026-09-10T05:59:31.2277191Z (pass) named benchmark boundary: 100 bulk valid [1403.16ms]
contracts	Run npm run check	2026-09-10T05:59:32.5259730Z (pass) named benchmark boundary: 100 bulk missing [1298.18ms]
contracts	Run npm run check	2026-09-10T05:59:33.7948424Z (pass) named benchmark boundary: 100 bulk wrong-shape [1268.88ms]
contracts	Run npm run check	2026-09-10T05:59:36.3092770Z (pass) named benchmark boundary: 100 chained valid [2514.43ms]
contracts	Run npm run check	2026-09-10T05:59:38.8447504Z (pass) named benchmark boundary: 100 chained missing [2535.48ms]
contracts	Run npm run check	2026-09-10T05:59:41.2773533Z (pass) named benchmark boundary: 100 chained wrong-shape [2432.54ms]
contracts	Run npm run check	2026-09-10T05:59:42.4697435Z (pass) named benchmark boundary: 100 grouped valid [1192.40ms]
contracts	Run npm run check	2026-09-10T05:59:43.7105588Z (pass) named benchmark boundary: 100 grouped missing [1240.80ms]
contracts	Run npm run check	2026-09-10T05:59:44.8464319Z (pass) named benchmark boundary: 100 grouped wrong-shape [1135.89ms]
contracts	Run npm run check	2026-09-10T05:59:47.6483478Z (pass) named benchmark boundary: 100 replacement valid [2801.60ms]
contracts	Run npm run check	2026-09-10T05:59:50.3510617Z (pass) named benchmark boundary: 100 replacement missing [2702.85ms]
contracts	Run npm run check	2026-09-10T05:59:53.2568361Z (pass) named benchmark boundary: 100 replacement wrong-shape [2905.81ms]
contracts	Run npm run check	2026-09-10T05:59:55.9654886Z (pass) named benchmark worker retains complete boundary diagnostics [2708.66ms]
contracts	Run npm run check	2026-09-10T05:59:59.4386267Z (pass) token worker defaults a valid invocation to 100 services [3473.16ms]
contracts	Run npm run check	2026-09-10T06:00:02.8797565Z (pass) token worker accepts an explicit supported count [3441.09ms]
contracts	Run npm run check	2026-09-10T06:00:03.1704974Z (pass) token worker rejects an extra argument before compilation [290.71ms]
contracts	Run npm run check	2026-09-10T06:00:03.4579279Z (pass) token worker rejects count zero before compilation [287.43ms]
contracts	Run npm run check	2026-09-10T06:00:03.7641791Z (pass) token worker rejects an unsupported count before compilation [306.22ms]
contracts	Run npm run check	2026-09-10T06:00:04.0514541Z (pass) token worker rejects an invalid form before compilation [287.32ms]
contracts	Run npm run check	2026-09-10T06:00:04.3430874Z (pass) token worker rejects an invalid scenario before compilation [291.57ms]
contracts	Run npm run check	2026-09-10T06:00:04.3431857Z 
contracts	Run npm run check	2026-09-10T06:00:04.3432671Z ##[endgroup]
contracts	Run npm run check	2026-09-10T06:00:04.3432896Z 
contracts	Run npm run check	2026-09-10T06:00:04.3433346Z ##[group]tests/types.test.ts:
contracts	Run npm run check	2026-09-10T06:00:05.8051041Z (pass) observers retain exact inferred cross-file contracts [1449.75ms]
contracts	Run npm run check	2026-09-10T06:00:07.0762402Z (pass) plugins retain exact inferred cross-file contracts [1271.09ms]
contracts	Run npm run check	2026-09-10T06:00:08.2177961Z (pass) final adversarial integration retains exact inferred cross-file contracts [1141.59ms]
contracts	Run npm run check	2026-09-10T06:00:09.6515189Z (pass) contributions retain exact inferred cross-file contracts [1433.68ms]
contracts	Run npm run check	2026-09-10T06:00:11.2222507Z (pass) aliases retain exact inferred cross-file contracts [1570.69ms]
contracts	Run npm run check	2026-09-10T06:00:12.4626276Z (pass) dependency references retain exact inferred cross-file contracts [1240.43ms]
contracts	Run npm run check	2026-09-10T06:00:13.5699207Z (pass) composition adapters retain exact inferred cross-file contracts [1107.24ms]
contracts	Run npm run check	2026-09-10T06:00:14.7163209Z (pass) selected scopes retain exact inferred cross-file contracts [1144.77ms]
contracts	Run npm run check	2026-09-10T06:00:15.7629301Z (pass) startup and contextual providers retain exact inferred cross-file contracts [1048.14ms]
contracts	Run npm run check	2026-09-10T06:00:17.0546804Z (pass) lifetime declarations retain exact inferred cross-file contracts [1291.81ms]
contracts	Run npm run check	2026-09-10T06:00:19.8680462Z (pass) lifetimes inferred exports survive declaration consumption [2813.32ms]
contracts	Run npm run check	2026-09-10T06:00:23.0234497Z (pass) composition-adapters inferred exports survive declaration consumption [3155.39ms]
contracts	Run npm run check	2026-09-10T06:00:25.9080418Z (pass) dependency-references inferred exports survive declaration consumption [2884.55ms]
contracts	Run npm run check	2026-09-10T06:00:28.9767976Z (pass) aliases inferred exports survive declaration consumption [3068.78ms]
contracts	Run npm run check	2026-09-10T06:00:31.7906667Z (pass) contributions inferred exports survive declaration consumption [2813.83ms]
contracts	Run npm run check	2026-09-10T06:00:34.1760444Z (pass) observers inferred exports survive declaration consumption [2385.37ms]
contracts	Run npm run check	2026-09-10T06:00:36.5611214Z (pass) plugins inferred exports survive declaration consumption [2385.06ms]
contracts	Run npm run check	2026-09-10T06:00:38.8513604Z (pass) final-adversarial-integration inferred exports survive declaration consumption [2288.91ms]
contracts	Run npm run check	2026-09-10T06:00:40.2986094Z (pass) acquisition modes retain exact acquired values across inferred exports [1448.54ms]
contracts	Run npm run check	2026-09-10T06:00:41.6330962Z (pass) token modules preserve exact cross-file contracts [1334.42ms]
contracts	Run npm run check	2026-09-10T06:00:42.9679314Z (pass) public token composition preserves exact outputs and frames [1334.83ms]
contracts	Run npm run check	2026-09-10T06:00:44.1854781Z (pass) token contracts preserve exact identities and provider graphs [1217.53ms]
contracts	Run npm run check	2026-09-10T06:00:45.5983778Z (pass) replacement context preserves exact contracts from surviving consumers [1412.22ms]
contracts	Run npm run check	2026-09-10T06:00:46.7688987Z (pass) incremental checks preserve forward, replacement and frame contracts [1171.19ms]
contracts	Run npm run check	2026-09-10T06:00:47.9381826Z (pass) incremental projection candidates preserve replacement and resolved contracts [1169.25ms]
contracts	Run npm run check	2026-09-10T06:00:49.0530219Z (pass) incremental module installation preserves private, forward, and token contracts [1114.77ms]
contracts	Run npm run check	2026-09-10T06:00:50.2090488Z (pass) incremental module declarations retain exact results and token outputs [1156.01ms]
contracts	Run npm run check	2026-09-10T06:00:51.3474860Z (pass) builder views preserve exact accepted registration histories [1138.42ms]
contracts	Run npm run check	2026-09-10T06:00:52.5044727Z (pass) supported replacement wrappers and reflected methods stay exact and non-any [1156.92ms]
contracts	Run npm run check	2026-09-10T06:00:53.5828962Z (pass) replacement reflection preserves utility soundness and module history [1078.45ms]
contracts	Run npm run check	2026-09-10T06:00:54.7036177Z (pass) modern inline inference retains exact contracts [1120.73ms]
contracts	Run npm run check	2026-09-10T06:00:55.7901921Z (pass) native acquisition metadata preserves exact outputs, requirements and frames [1086.52ms]
contracts	Run npm run check	2026-09-10T06:00:57.0693920Z (pass) typed provider metadata survives checked composition and inspection [1279.15ms]
contracts	Run npm run check	2026-09-10T06:00:58.6672770Z (pass) named modules preserve contracts across a file boundary [1597.86ms]
contracts	Run npm run check	2026-09-10T06:01:00.0241158Z (pass) valid composition preserves inferred values and explicit promise edges [1356.88ms]
contracts	Run npm run check	2026-09-10T06:01:01.3039168Z (pass) registration boundaries preserve selected keys and exact factory types [1279.83ms]
contracts	Run npm run check	2026-09-10T06:01:02.5021312Z (pass) scope preserves exact inferred contracts across a source boundary [1198.13ms]
contracts	Run npm run check	2026-09-10T06:01:03.6244337Z (pass) inline method-returning factories preserve exact types: add [1121.76ms]
contracts	Run npm run check	2026-09-10T06:01:04.7538100Z (pass) inline method-returning factories preserve exact types: fork [1129.89ms]
contracts	Run npm run check	2026-09-10T06:01:05.9079277Z (pass) inline method-returning factories preserve exact types: disposal [1154.05ms]
contracts	Run npm run check	2026-09-10T06:01:06.9400913Z (pass) type rejection: fork-wrong-shape.ts [1032.24ms]
contracts	Run npm run check	2026-09-10T06:01:08.1069330Z (pass) type rejection: final-adversarial-integration.ts [1166.80ms]
contracts	Run npm run check	2026-09-10T06:01:09.1918182Z (pass) type rejection: missing.ts [1084.85ms]
contracts	Run npm run check	2026-09-10T06:01:10.2117812Z (pass) type rejection: object-registrations.ts [1019.99ms]
contracts	Run npm run check	2026-09-10T06:01:11.2661862Z (pass) type rejection: inline-wrong-shape.ts [1054.39ms]
contracts	Run npm run check	2026-09-10T06:01:12.2953457Z (pass) type rejection: object-overrides.ts [1028.25ms]
contracts	Run npm run check	2026-09-10T06:01:13.3871129Z (pass) type rejection: startup.ts [1092.60ms]
contracts	Run npm run check	2026-09-10T06:01:14.4483018Z (pass) type rejection: boolean-registrations.ts [1061.09ms]
contracts	Run npm run check	2026-09-10T06:01:15.8852669Z (pass) type rejection: forward-wrong-shape.ts [1436.94ms]
contracts	Run npm run check	2026-09-10T06:01:17.1001286Z (pass) type rejection: module-missing.ts [1214.88ms]
contracts	Run npm run check	2026-09-10T06:01:18.3178797Z (pass) type rejection: provider-projections.ts [1217.75ms]
contracts	Run npm run check	2026-09-10T06:01:19.4629780Z (pass) type rejection: fork-missing.ts [1145.07ms]
contracts	Run npm run check	2026-09-10T06:01:20.5612473Z (pass) type rejection: inline-replacement-wrong-shape.ts [1098.21ms]
contracts	Run npm run check	2026-09-10T06:01:21.8011699Z (pass) type rejection: scopes.ts [1239.96ms]
contracts	Run npm run check	2026-09-10T06:01:22.9957337Z (pass) type rejection: primitive-parameter.ts [1194.56ms]
contracts	Run npm run check	2026-09-10T06:01:24.0493564Z (pass) type rejection: async-resolve.ts [1053.55ms]
contracts	Run npm run check	2026-09-10T06:01:25.1939892Z (pass) type rejection: incremental-modules.ts [1144.45ms]
contracts	Run npm run check	2026-09-10T06:01:26.2823410Z (pass) type rejection: fork-dependency-shape.ts [1088.51ms]
contracts	Run npm run check	2026-09-10T06:01:27.3928138Z (pass) type rejection: required-this.ts [1110.44ms]
contracts	Run npm run check	2026-09-10T06:01:28.4730299Z (pass) type rejection: disposer-wrong-shape.ts [1080.23ms]
contracts	Run npm run check	2026-09-10T06:01:29.5748628Z (pass) type rejection: replacement-reflection.ts [1101.78ms]
contracts	Run npm run check	2026-09-10T06:01:30.6710525Z (pass) type rejection: template-registrations.ts [1096.19ms]
contracts	Run npm run check	2026-09-10T06:01:32.1178977Z (pass) type rejection: spread-disposal.ts [1446.86ms]
contracts	Run npm run check	2026-09-10T06:01:33.4592963Z (pass) type rejection: module-hidden-private-needs.ts [1341.35ms]
contracts	Run npm run check	2026-09-10T06:01:34.6293401Z (pass) type rejection: invalid-registration.ts [1169.76ms]
contracts	Run npm run check	2026-09-10T06:01:35.8015162Z (pass) type rejection: wrong-shape.ts [1172.39ms]
contracts	Run npm run check	2026-09-10T06:01:37.3948930Z (pass) type rejection: dependency-references.ts [1593.32ms]
contracts	Run npm run check	2026-09-10T06:01:38.6481622Z (pass) type rejection: provider-boundaries.ts [1253.27ms]
contracts	Run npm run check	2026-09-10T06:01:40.0796167Z (pass) type rejection: module-narrowing.ts [1431.44ms]
contracts	Run npm run check	2026-09-10T06:01:41.2497042Z (pass) type rejection: incremental-projections.ts [1170.13ms]
contracts	Run npm run check	2026-09-10T06:01:42.2833178Z (pass) type rejection: inline-fork-extra.ts [1033.49ms]
contracts	Run npm run check	2026-09-10T06:01:43.3471452Z (pass) type rejection: optional-parameter.ts [1063.87ms]
contracts	Run npm run check	2026-09-10T06:01:44.5094021Z (pass) type rejection: composition-adapters.ts [1162.19ms]
contracts	Run npm run check	2026-09-10T06:01:45.7305766Z (pass) type rejection: token-contracts.ts [1221.17ms]
contracts	Run npm run check	2026-09-10T06:01:46.9631378Z (pass) type rejection: fork-selection.ts [1232.55ms]
contracts	Run npm run check	2026-09-10T06:01:48.4555004Z (pass) type rejection: acquisition-mode.ts [1492.38ms]
contracts	Run npm run check	2026-09-10T06:01:50.0233266Z (pass) type rejection: incremental.ts [1567.14ms]
contracts	Run npm run check	2026-09-10T06:01:51.9909520Z (pass) type rejection: contributions.ts [1967.57ms]
contracts	Run npm run check	2026-09-10T06:01:53.1400723Z (pass) type rejection: union-replace.ts [1149.72ms]
contracts	Run npm run check	2026-09-10T06:01:54.4729828Z (pass) type rejection: replacement-context.ts [1332.88ms]
contracts	Run npm run check	2026-09-10T06:01:55.6448446Z (pass) type rejection: modern-inline.ts [1171.86ms]
contracts	Run npm run check	2026-09-10T06:01:56.7590831Z (pass) type rejection: fork-extra.ts [1114.23ms]
contracts	Run npm run check	2026-09-10T06:01:57.9001875Z (pass) type rejection: inline-fork-wrong-shape.ts [1141.06ms]
contracts	Run npm run check	2026-09-10T06:01:58.9554909Z (pass) type rejection: callable-parameter.ts [1055.26ms]
contracts	Run npm run check	2026-09-10T06:02:00.0887754Z (pass) type rejection: acquisition-metadata.ts [1133.31ms]
contracts	Run npm run check	2026-09-10T06:02:01.1775661Z (pass) type rejection: async-dependency.ts [1088.75ms]
contracts	Run npm run check	2026-09-10T06:02:02.2695198Z (pass) type rejection: inline-fork-missing.ts [1091.93ms]
contracts	Run npm run check	2026-09-10T06:02:03.3771441Z (pass) type rejection: module-private.ts [1107.58ms]
contracts	Run npm run check	2026-09-10T06:02:04.7777441Z (pass) type rejection: replacement-wrong-shape.ts [1400.61ms]
contracts	Run npm run check	2026-09-10T06:02:06.1988666Z (pass) type rejection: builder-views.ts [1421.15ms]
contracts	Run npm run check	2026-09-10T06:02:07.4341313Z (pass) type rejection: duplicate-add.ts [1235.18ms]
contracts	Run npm run check	2026-09-10T06:02:08.6319960Z (pass) type rejection: replacement-views.ts [1197.89ms]
contracts	Run npm run check	2026-09-10T06:02:10.2611693Z (pass) type rejection: selected-scopes.ts [1629.17ms]
contracts	Run npm run check	2026-09-10T06:02:11.4466066Z (pass) type rejection: union-parameter.ts [1185.39ms]
contracts	Run npm run check	2026-09-10T06:02:12.5836830Z (pass) type rejection: inline-fork-dependency-shape.ts [1137.01ms]
contracts	Run npm run check	2026-09-10T06:02:14.0749518Z (pass) type rejection: tokens.ts [1491.00ms]
contracts	Run npm run check	2026-09-10T06:02:15.2263308Z (pass) type rejection: plugins.ts [1151.61ms]
contracts	Run npm run check	2026-09-10T06:02:16.4103855Z (pass) type rejection: symbol-dependency.ts [1184.08ms]
contracts	Run npm run check	2026-09-10T06:02:17.4628399Z (pass) type rejection: template-dependencies.ts [1052.42ms]
contracts	Run npm run check	2026-09-10T06:02:18.5610633Z (pass) type rejection: inline-missing.ts [1098.04ms]
contracts	Run npm run check	2026-09-10T06:02:19.6297399Z (pass) type rejection: disposable-missing.ts [1068.77ms]
contracts	Run npm run check	2026-09-10T06:02:21.4070206Z (pass) type rejection: aliases.ts [1777.33ms]
contracts	Run npm run check	2026-09-10T06:02:22.8386008Z (pass) type rejection: inline-forward-wrong-shape.ts [1431.53ms]
contracts	Run npm run check	2026-09-10T06:02:24.0556763Z (pass) type rejection: module-exports.ts [1217.08ms]
contracts	Run npm run check	2026-09-10T06:02:26.1737080Z (pass) type rejection: lifetimes.ts [2118.02ms]
contracts	Run npm run check	2026-09-10T06:02:27.4209598Z (pass) type rejection: token-modules.ts [1247.20ms]
contracts	Run npm run check	2026-09-10T06:02:28.5741796Z (pass) type rejection: module-wrong-shape.ts [1153.20ms]
contracts	Run npm run check	2026-09-10T06:02:29.7451518Z (pass) type rejection: fork-explicit-generics.ts [1170.94ms]
contracts	Run npm run check	2026-09-10T06:02:30.9059468Z (pass) type rejection: module-rename.ts [1160.83ms]
contracts	Run npm run check	2026-09-10T06:02:32.0192889Z (pass) type rejection: provider-unions.ts [1113.26ms]
contracts	Run npm run check	2026-09-10T06:02:33.0740475Z (pass) type rejection: indexed-registrations.ts [1054.76ms]
contracts	Run npm run check	2026-09-10T06:02:34.2520399Z (pass) type rejection: provider-module-metadata.ts [1177.98ms]
contracts	Run npm run check	2026-09-10T06:02:35.3492584Z (pass) type rejection: observers.ts [1097.20ms]
contracts	Run npm run check	2026-09-10T06:02:36.3523581Z (pass) type rejection: prototype-registrations.ts [1003.06ms]
contracts	Run npm run check	2026-09-10T06:02:37.4231645Z (pass) type rejection: disposer-promise.ts [1070.82ms]
contracts	Run npm run check	2026-09-10T06:02:37.4232315Z 
contracts	Run npm run check	2026-09-10T06:02:37.4232732Z ##[endgroup]
contracts	Run npm run check	2026-09-10T06:02:37.4234316Z 
contracts	Run npm run check	2026-09-10T06:02:37.4234890Z ##[group]tests/modules.test.ts:
contracts	Run npm run check	2026-09-10T06:02:37.4373382Z (pass) a module private retry keeps the caught failed attempt separate [2.89ms]
contracts	Run npm run check	2026-09-10T06:02:37.4397195Z (pass) module private dependencies follow exported replacements and fresh forks [1.49ms]
contracts	Run npm run check	2026-09-10T06:02:37.4401872Z (pass) renamed repeated installations isolate private instances and cleanup [0.66ms]
contracts	Run npm run check	2026-09-10T06:02:37.4403290Z (pass) rename preserves original parameter names even when an export takes a private name [0.52ms]
contracts	Run npm run check	2026-09-10T06:02:37.4441828Z (pass) invalid installations and export views fail atomically and reject forged modules [4.20ms]
contracts	Run npm run check	2026-09-10T06:02:37.4447460Z (pass) exports use indexed tuple snapshots and preserve hidden local registrations [0.57ms]
contracts	Run npm run check	2026-09-10T06:02:37.4455285Z (pass) module promise identity, retry and post-await cycle diagnostics use the host runtime [0.75ms]
contracts	Run npm run check	2026-09-10T06:02:37.4458532Z (pass) renaming an export leaves an unrelated external requirement at its original slot [0.32ms]
contracts	Run npm run check	2026-09-10T06:02:37.4462476Z (pass) module providers can be replaced before sealing without mutating earlier views [0.38ms]
contracts	Run npm run check	2026-09-10T06:02:37.4474440Z (pass) close drains module acquisitions that discover private and host dependencies after await [0.85ms]
contracts	Run npm run check	2026-09-10T06:02:37.4475204Z 
contracts	Run npm run check	2026-09-10T06:02:37.4475684Z ##[endgroup]
contracts	Run npm run check	2026-09-10T06:02:37.4475882Z 
contracts	Run npm run check	2026-09-10T06:02:37.4476356Z ##[group]tests/lifetime-declarations.test.ts:
contracts	Run npm run check	2026-09-10T06:02:37.4482947Z (pass) lifetime replacement preserves the source and owned stages [0.13ms]
contracts	Run npm run check	2026-09-10T06:02:37.4486419Z (pass) invalid lifetime declarations fail before evaluating factories or option getters [0.34ms]
contracts	Run npm run check	2026-09-10T06:02:37.4487685Z (pass) options are read once and snapshotted, and replacement clears capture [0.13ms]
contracts	Run npm run check	2026-09-10T06:02:37.4489196Z (pass) all provider transformations retain the immutable policy [0.17ms]
contracts	Run npm run check	2026-09-10T06:02:37.4489743Z 
contracts	Run npm run check	2026-09-10T06:02:37.4490009Z ##[endgroup]
contracts	Run npm run check	2026-09-10T06:02:37.4490275Z 
contracts	Run npm run check	2026-09-10T06:02:37.4490781Z ##[group]tests/type-scale.test.ts:
contracts	Run npm run check	2026-09-10T06:02:39.0993654Z (pass) type scale: 100 bulk providers preserve consumer types [1648.56ms]
contracts	Run npm run check	2026-09-10T06:02:41.9392501Z (pass) type scale: 100 chained providers preserve consumer types [2840.77ms]
contracts	Run npm run check	2026-09-10T06:02:45.0409342Z (pass) type scale: 100 replacement providers preserve consumer types [3101.73ms]
contracts	Run npm run check	2026-09-10T06:02:52.1574071Z (pass) type scale: 1000 grouped providers preserve consumer types [7116.32ms]
contracts	Run npm run check	2026-09-10T06:02:53.4123457Z (pass) type scale: bulk rejects missing at the graph boundary [1253.21ms]
contracts	Run npm run check	2026-09-10T06:02:54.6838638Z (pass) type scale: bulk rejects wrong-shape at the graph boundary [1273.03ms]
contracts	Run npm run check	2026-09-10T06:02:57.5816448Z (pass) type scale: chained rejects missing at the graph boundary [2898.05ms]
contracts	Run npm run check	2026-09-10T06:03:00.3096950Z (pass) type scale: chained rejects wrong-shape at the graph boundary [2728.00ms]
contracts	Run npm run check	2026-09-10T06:03:07.7413608Z (pass) type scale: grouped rejects missing at the graph boundary [7431.13ms]
contracts	Run npm run check	2026-09-10T06:03:15.1185791Z (pass) type scale: grouped rejects wrong-shape at the graph boundary [7377.68ms]
contracts	Run npm run check	2026-09-10T06:03:18.4833693Z (pass) type scale: replacement rejects missing at the graph boundary [3364.80ms]
contracts	Run npm run check	2026-09-10T06:03:21.8482381Z (pass) type scale: replacement rejects wrong-shape at the graph boundary [3364.80ms]
contracts	Run npm run check	2026-09-10T06:03:51.8963236Z (pass) type scale: 1000 providers from reusable named modules: valid [30048.07ms]
contracts	Run npm run check	2026-09-10T06:04:18.9769589Z (pass) type scale: 1000 providers from reusable named modules: missing [27080.63ms]
contracts	Run npm run check	2026-09-10T06:04:46.1823811Z (pass) type scale: 1000 providers from reusable named modules: wrong-shape [27205.41ms]
contracts	Run npm run check	2026-09-10T06:04:46.1913342Z 
contracts	Run npm run check	2026-09-10T06:04:46.1914130Z ##[endgroup]
contracts	Run npm run check	2026-09-10T06:04:46.1919415Z 
contracts	Run npm run check	2026-09-10T06:04:46.1920419Z ##[group]tests/lifetimes.test.ts:
contracts	Run npm run check	2026-09-10T06:04:46.1965074Z (pass) root, scoped and transient identity have distinct ownership [2.57ms]
contracts	Run npm run check	2026-09-10T06:04:46.1990047Z (pass) child-first roots capture dependencies in the root owner through grandchildren and forks [0.86ms]
contracts	Run npm run check	2026-09-10T06:04:46.1991601Z (pass) same-object transients own separate attempts and preserve every cleanup cause [0.56ms]
contracts	Run npm run check	2026-09-10T06:04:46.1993284Z (pass) raw and native lifetimes retain original pending promises and classification [0.87ms]
contracts	Run npm run check	2026-09-10T06:04:46.1994728Z (pass) failed root cache entries retry across children with new acquisition identities [0.41ms]
contracts	Run npm run check	2026-09-10T06:04:46.1996226Z (pass) public synchronous transient reentrancy is rejected before a second factory invocation [0.34ms]
contracts	Run npm run check	2026-09-10T06:04:46.2000145Z (pass) pure transient post-await ancestry rejects repeated construction [0.38ms]
contracts	Run npm run check	2026-09-10T06:04:46.2003961Z (pass) mixed cached and transient post-await cycles preserve acquisition graph detection [0.40ms]
contracts	Run npm run check	2026-09-10T06:04:46.2006299Z (pass) independent pending transient calls are distinct nonrecursive acquisitions [0.23ms]
contracts	Run npm run check	2026-09-10T06:04:46.2009646Z (pass) a ready transient proxy may create a fresh instance on each later method call [0.32ms]
contracts	Run npm run check	2026-09-10T06:04:46.2023818Z (pass) pending child work acquires roots during parent close and root cleanup follows child cleanup [0.73ms]
contracts	Run npm run check	2026-09-10T06:04:46.2025428Z (pass) strict roots reject new scoped reads directly [0.38ms]
contracts	Run npm run check	2026-09-10T06:04:46.2026375Z (pass) strict roots reject new scoped reads through a transient [0.18ms]
contracts	Run npm run check	2026-09-10T06:04:46.2030268Z (pass) strict roots reject cached scoped reads directly [0.19ms]
contracts	Run npm run check	2026-09-10T06:04:46.2031365Z (pass) strict roots reject cached scoped reads through a transient [0.14ms]
contracts	Run npm run check	2026-09-10T06:04:46.2033318Z (pass) strict capture boundaries survive await and ready transient methods [0.72ms]
contracts	Run npm run check	2026-09-10T06:04:46.2036630Z (pass) strict roots can consume capturing roots without inheriting their permission [0.31ms]
contracts	Run npm run check	2026-09-10T06:04:46.2043166Z (pass) token captive reads reject at the observed edge before scoped creation [0.34ms]
contracts	Run npm run check	2026-09-10T06:04:46.2051183Z (pass) renamed module exports retain private root and transient ownership despite public collisions [1.07ms]
contracts	Run npm run check	2026-09-10T06:04:46.2058318Z (pass) private module scoped capture rejects despite an identically named public root [0.69ms]
contracts	Run npm run check	2026-09-10T06:04:46.2071507Z (pass) failed root rollback and retry retain distinct ownership across child consumers [1.31ms]
contracts	Run npm run check	2026-09-10T06:04:46.2082583Z (pass) child close releases its attempts while a child-first root remains pending [1.02ms]
contracts	Run npm run check	2026-09-10T06:04:46.2086587Z (pass) completed child and retired proxies cannot borrow another attempt closing permission for root reads [0.47ms]
contracts	Run npm run check	2026-09-10T06:04:46.2093504Z (pass) pending source permission survives a ready projection when routing late roots [0.63ms]
contracts	Run npm run check	2026-09-10T06:04:46.2096236Z (pass) family retirement removes cross-owner incoming edges but preserves outgoing rollback dependencies [0.32ms]
contracts	Run npm run check	2026-09-10T06:04:46.2099427Z (pass) retired transient ancestry does not block a retained proxy from retrying its binding [0.31ms]
contracts	Run npm run check	2026-09-10T06:04:46.2105816Z (pass) token roots retain family ownership through a transient token consumer and independent override [0.57ms]
contracts	Run npm run check	2026-09-10T06:04:46.2110571Z (pass) pending source permission survives failed projection rollback for late root reads [0.53ms]
contracts	Run npm run check	2026-09-10T06:04:46.2111211Z 
contracts	Run npm run check	2026-09-10T06:04:46.2111744Z ##[endgroup]
contracts	Run npm run check	2026-09-10T06:04:46.2116090Z 
contracts	Run npm run check	2026-09-10T06:04:46.2116747Z ##[group]tests/dependency-references.test.ts:
contracts	Run npm run check	2026-09-10T06:04:46.2163278Z (pass) optional absence is distinct from a present undefined acquisition [0.76ms]
contracts	Run npm run check	2026-09-10T06:04:46.2164704Z (pass) optional factory failures and native rejections propagate and retry [0.61ms]
contracts	Run npm run check	2026-09-10T06:04:46.2166094Z (pass) lazy scoped dependencies defer construction and retain invocation ownership [0.47ms]
contracts	Run npm run check	2026-09-10T06:04:46.2167514Z (pass) lazy root dependencies defer construction and retain invocation ownership [0.18ms]
contracts	Run npm run check	2026-09-10T06:04:46.2169031Z (pass) lazy transient dependencies defer construction and retain invocation ownership [0.18ms]
contracts	Run npm run check	2026-09-10T06:04:46.2170516Z (pass) all adapters snapshot mixed references by index and authenticate every handle [1.45ms]
contracts	Run npm run check	2026-09-10T06:04:46.2175290Z (pass) lazy reads preserve lexical private tokens, export renames and external optional absence [0.61ms]
contracts	Run npm run check	2026-09-10T06:04:46.2181743Z (pass) lazy closures use shared/root owner context and independent fork overrides [0.62ms]
contracts	Run npm run check	2026-09-10T06:04:46.2187780Z (pass) raw and native references preserve Promise identity and disposal values [0.60ms]
contracts	Run npm run check	2026-09-10T06:04:46.2194540Z (pass) optional synchronous and post-await cycles propagate [0.51ms]
contracts	Run npm run check	2026-09-10T06:04:46.2195976Z (pass) lazy synchronous and post-await cycles propagate [0.30ms]
contracts	Run npm run check	2026-09-10T06:04:46.2205392Z (pass) lazy closure shutdown admission belongs to the capturing source attempt [0.60ms]
contracts	Run npm run check	2026-09-10T06:04:46.2206843Z (pass) observed reference reads retain strict root checks before routing [0.37ms]
contracts	Run npm run check	2026-09-10T06:04:46.2209555Z (pass) lazy reads detect a cycle between already ready consumers [0.33ms]
contracts	Run npm run check	2026-09-10T06:04:46.2214801Z (pass) a pending projection does not extend a lazy source shutdown admission [0.46ms]
contracts	Run npm run check	2026-09-10T06:04:46.2220624Z (pass) root explicit capture and optional reads retain the root lexical context [0.61ms]
contracts	Run npm run check	2026-09-10T06:04:46.2221716Z 
contracts	Run npm run check	2026-09-10T06:04:46.2222457Z ##[endgroup]
contracts	Run npm run check	2026-09-10T06:04:46.2225323Z 
contracts	Run npm run check	2026-09-10T06:04:46.2225899Z ##[group]tests/acquisition-mode.test.ts:
contracts	Run npm run check	2026-09-10T06:04:46.2238922Z (pass) close waits for a native acquisition with shadowed then at source [0.29ms]
contracts	Run npm run check	2026-09-10T06:04:46.2240096Z (pass) close waits for a native acquisition with shadowed then at projection [0.14ms]
contracts	Run npm run check	2026-09-10T06:04:46.2242591Z (pass) close waits for a native acquisition with shadowed then at metadata [0.21ms]
contracts	Run npm run check	2026-09-10T06:04:46.2253971Z (pass) unconfigured core preflights every stage and private module before any factory effects [1.04ms]
contracts	Run npm run check	2026-09-10T06:04:46.2265128Z (pass) facades snapshot and isolate their predicate, carrying it through builders and forks [1.10ms]
contracts	Run npm run check	2026-09-10T06:04:46.2268685Z (pass) invalid configuration, modes and classifier results fail explicitly [0.42ms]
contracts	Run npm run check	2026-09-10T06:04:46.2293241Z (pass) automatic ordinary values preserve the then-presence guard [0.33ms]
contracts	Run npm run check	2026-09-10T06:04:46.2313460Z (pass) raw Promise and then-getter values retain exact ownership without observation or waiting [0.39ms]
contracts	Run npm run check	2026-09-10T06:04:46.2315270Z (pass) explicit native and async projections work without a classifier and preserve previous owners [0.44ms]
contracts	Run npm run check	2026-09-10T06:04:46.2317054Z (pass) auto observes local native state with non-callable then [0.29ms]
contracts	Run npm run check	2026-09-10T06:04:46.2318229Z (pass) native observes local native state with non-callable then [0.09ms]
contracts	Run npm run check	2026-09-10T06:04:46.2319408Z (pass) auto observes foreign native state with non-callable then [0.61ms]
contracts	Run npm run check	2026-09-10T06:04:46.2320616Z (pass) native observes foreign native state with non-callable then [0.54ms]
contracts	Run npm run check	2026-09-10T06:04:46.2322166Z (pass) native metadata preserves raw presence records and explicit payload projection [0.90ms]
contracts	Run npm run check	2026-09-10T06:04:46.2323834Z (pass) async metadata retains a native output contract without a portable classifier [0.37ms]
contracts	Run npm run check	2026-09-10T06:04:46.2324538Z 
contracts	Run npm run check	2026-09-10T06:04:46.2324988Z ##[endgroup]
contracts	Run npm run check	2026-09-10T06:04:46.2325209Z 
contracts	Run npm run check	2026-09-10T06:04:46.2325641Z ##[group]tests/contributions.test.ts:
contracts	Run npm run check	2026-09-10T06:04:46.2337773Z (pass) contributions preserve order, empty reads and array immutability [0.36ms]
contracts	Run npm run check	2026-09-10T06:04:46.2349318Z (pass) host and repeated exportless modules append distinct lexical bindings [1.14ms]
contracts	Run npm run check	2026-09-10T06:04:46.2357464Z (pass) all adapters select frozen arrays and retain module export renames [0.81ms]
contracts	Run npm run check	2026-09-10T06:04:46.2362822Z (pass) root scoped and transient contributions retain individual ownership [0.50ms]
contracts	Run npm run check	2026-09-10T06:04:46.2369589Z (pass) shared aggregate borrows the parent graph while a lazy registry reads its local graph [0.65ms]
contracts	Run npm run check	2026-09-10T06:04:46.2380480Z (pass) partial failure retains accepted ownership and retries only failed contributors [1.10ms]
contracts	Run npm run check	2026-09-10T06:04:46.2388386Z (pass) pending native and raw promises preserve identity and disposal payloads [0.78ms]
contracts	Run npm run check	2026-09-10T06:04:46.2415098Z (pass) self collections participate in ordinary cycle detection [0.32ms]
contracts	Run npm run check	2026-09-10T06:04:46.2423692Z (pass) inspection is immutable nonresolving and does not freeze application values [0.39ms]
contracts	Run npm run check	2026-09-10T06:04:46.2425045Z (pass) forged tokens references and providers reject before provider effects [0.67ms]
contracts	Run npm run check	2026-09-10T06:04:46.2426364Z (pass) cooperative lazy registries admit late collection reads only for their in-flight source [0.61ms]
contracts	Run npm run check	2026-09-10T06:04:46.2427677Z (pass) observed strict roots reject cached scoped contributions before owner routing [0.30ms]
contracts	Run npm run check	2026-09-10T06:04:46.2428777Z (pass) startup failure rolls back accepted contribution ownership [0.51ms]
contracts	Run npm run check	2026-09-10T06:04:46.2429325Z 
contracts	Run npm run check	2026-09-10T06:04:46.2429921Z ##[endgroup]
contracts	Run npm run check	2026-09-10T06:04:46.2430098Z 
contracts	Run npm run check	2026-09-10T06:04:46.2430476Z ##[group]tests/persistent-module.test.ts:
contracts	Run npm run check	2026-09-10T06:04:46.2463065Z (pass) one module update does not revisit its existing registration table [3.56ms]
contracts	Run npm run check	2026-09-10T06:04:46.2475443Z (pass) module updates preserve declaration positions, earlier builders and renamed lexical exports [1.22ms]
contracts	Run npm run check	2026-09-10T06:04:46.2476277Z 
contracts	Run npm run check	2026-09-10T06:04:46.2477278Z ##[endgroup]
contracts	Run npm run check	2026-09-10T06:04:46.2479791Z 
contracts	Run npm run check	2026-09-10T06:04:46.2480205Z ##[group]tests/runtime-benchmark-child.test.ts:
contracts	Run npm run check	2026-09-10T06:04:46.2503958Z (pass) build-close constructs 10 registrations without acquiring them [1.21ms]
contracts	Run npm run check	2026-09-10T06:04:46.2512909Z (pass) cold-linear-resolve acquires each of 10 factories once [0.35ms]
contracts	Run npm run check	2026-09-10T06:04:46.2514009Z (pass) warm-root-resolve excludes priming and observes one cached terminal value at 10 [0.34ms]
contracts	Run npm run check	2026-09-10T06:04:46.2529249Z (pass) scope-resolve-close verifies child work after its timed operation at 10 [1.87ms]
contracts	Run npm run check	2026-09-10T06:04:46.2535882Z (pass) transient-resolve-close verifies 10 distinct owned values in reverse cleanup order [0.65ms]
contracts	Run npm run check	2026-09-10T06:04:46.2539566Z (pass) raw-promise-identity retains the exact raw Promise through resolution and disposal at 10 [0.38ms]
contracts	Run npm run check	2026-09-10T06:04:46.2543251Z (pass) node-native-promise awaits the native Promise and disposes its fulfillment at 10 [0.35ms]
contracts	Run npm run check	2026-09-10T06:04:46.2552224Z (pass) build-close constructs 100 registrations without acquiring them [0.85ms]
contracts	Run npm run check	2026-09-10T06:04:46.2569799Z (pass) cold-linear-resolve acquires each of 100 factories once [1.26ms]
contracts	Run npm run check	2026-09-10T06:04:46.2588716Z (pass) warm-root-resolve excludes priming and observes one cached terminal value at 100 [1.46ms]
contracts	Run npm run check	2026-09-10T06:04:46.2603356Z (pass) scope-resolve-close verifies child work after its timed operation at 100 [1.45ms]
contracts	Run npm run check	2026-09-10T06:04:46.2609268Z (pass) transient-resolve-close verifies 100 distinct owned values in reverse cleanup order [1.44ms]
contracts	Run npm run check	2026-09-10T06:04:46.2614677Z (pass) raw-promise-identity retains the exact raw Promise through resolution and disposal at 100 [0.51ms]
contracts	Run npm run check	2026-09-10T06:04:46.2621404Z (pass) node-native-promise awaits the native Promise and disposes its fulfillment at 100 [0.69ms]
contracts	Run npm run check	2026-09-10T06:04:46.2624932Z (pass) scenario preparation rejects unsupported provider counts [0.40ms]
contracts	Run npm run check	2026-09-10T06:04:46.2633342Z (pass) parent expectations cover the complete fixed scenario matrix [0.15ms]
contracts	Run npm run check	2026-09-10T06:04:46.2643547Z (pass) verification rejects a timed result from another preparation [0.43ms]
contracts	Run npm run check	2026-09-10T06:04:46.2644825Z (pass) child argument parser accepts one exact request and rejects malformed or extra input [0.29ms]
contracts	Run npm run check	2026-09-10T06:04:46.2645562Z 
contracts	Run npm run check	2026-09-10T06:04:46.2646211Z ##[endgroup]
contracts	Run npm run check	2026-09-10T06:04:46.2646401Z 
contracts	Run npm run check	2026-09-10T06:04:46.2657612Z ##[group]tests/aliases.test.ts:
contracts	Run npm run check	2026-09-10T06:04:46.2658441Z (pass) named aliases preserve exact canonical object and immutable history [0.27ms]
contracts	Run npm run check	2026-09-10T06:04:46.2660491Z (pass) all token and name combinations and forward token requirements route identically [0.33ms]
contracts	Run npm run check	2026-09-10T06:04:46.2663913Z (pass) aliases preserve explicit raw and native promises without classification [0.33ms]
contracts	Run npm run check	2026-09-10T06:04:46.2668566Z (pass) transient aliases add no ownership and record actual target disposal edges [0.38ms]
contracts	Run npm run check	2026-09-10T06:04:46.2673615Z (pass) module aliases retain private targets and export renames under host collisions [0.46ms]
contracts	Run npm run check	2026-09-10T06:04:46.2677548Z (pass) selected sharing routes alias through parent graph while independent overrides follow child graph [0.41ms]
contracts	Run npm run check	2026-09-10T06:04:46.2680980Z (pass) runtime rejects transient sharing and root captures through aliases before invoking target [0.33ms]
contracts	Run npm run check	2026-09-10T06:04:46.2684079Z (pass) alias inspection reports direct target and canonical attempts without stale target metadata [0.29ms]
contracts	Run npm run check	2026-09-10T06:04:46.2686376Z (pass) alias cycles retain a useful lexical path [0.27ms]
contracts	Run npm run check	2026-09-10T06:04:46.2689957Z (pass) runtime rejects invalid alias selections without changing the builder [0.33ms]
contracts	Run npm run check	2026-09-10T06:04:46.2696142Z (pass) startup through an alias waits for final readiness and retries failed canonical acquisitions [0.53ms]
contracts	Run npm run check	2026-09-10T06:04:46.2698735Z (pass) shared alias inspection identifies its parent target despite a child override [0.30ms]
contracts	Run npm run check	2026-09-10T06:04:46.2701156Z (pass) aliases of root targets retain the root graph under child overrides [0.24ms]
contracts	Run npm run check	2026-09-10T06:04:46.2707677Z (pass) in-flight sources may read aliases while closing and retained reads close with the canonical owner [0.56ms]
contracts	Run npm run check	2026-09-10T06:04:46.2711418Z (pass) module token aliases preserve private identity and external host requirements [0.42ms]
contracts	Run npm run check	2026-09-10T06:04:46.2715787Z (pass) exported target replacements and renames remain visible through module aliases [0.42ms]
contracts	Run npm run check	2026-09-10T06:04:46.2723448Z (pass) re-sharing aliases keeps parent policy while fresh grandchildren and forks use local targets [0.52ms]
contracts	Run npm run check	2026-09-10T06:04:46.2729514Z (pass) strict roots use the effective shared alias policy in both lifetime directions [0.81ms]
contracts	Run npm run check	2026-09-10T06:04:46.2732229Z (pass) raw aliases do not inspect then getters or add cancellation contexts [0.27ms]
contracts	Run npm run check	2026-09-10T06:04:46.2732769Z 
contracts	Run npm run check	2026-09-10T06:04:46.2733153Z ##[endgroup]
contracts	Run npm run check	2026-09-10T06:04:46.2737632Z 
contracts	Run npm run check	2026-09-10T06:04:46.2738255Z ##[group]tests/platform/browser-worker.test.ts:
contracts	Run npm run check	2026-09-10T06:04:46.2783415Z (pass) browser metafile accepts only the installed root export and package-local dependencies [3.25ms]
contracts	Run npm run check	2026-09-10T06:04:46.2840460Z (pass) browser bundle validation rejects stale bytes, sizes, gzip size, metafile and root identity [5.68ms]
contracts	Run npm run check	2026-09-10T06:04:46.2857788Z (pass) Worker protocol accepts exactly one structured portable result and rejects hostile transcripts [0.41ms]
contracts	Run npm run check	2026-09-10T06:04:46.4116912Z (pass) browser Worker lane rechecks the artifact before execution and maps protocol failures [126.69ms]
contracts	Run npm run check	2026-09-10T06:04:46.4576779Z (pass) explicitly unprovisioned browser tools stay unavailable without archive or bundle fallback [46.44ms]
contracts	Run npm run check	2026-09-10T06:04:46.7056085Z (pass) provisioned browser tools execute the real packed archive lane [247.95ms]
contracts	Run npm run check	2026-09-10T06:04:46.7056688Z 
contracts	Run npm run check	2026-09-10T06:04:46.7057324Z ##[endgroup]
contracts	Run npm run check	2026-09-10T06:04:46.7057552Z 
contracts	Run npm run check	2026-09-10T06:04:46.7057708Z 1 tests failed:
contracts	Run npm run check	2026-09-10T06:04:46.7058622Z (fail) archive verifier > installs owned verified bytes and passes real Node/Bun, CJS/ESM, core-only, and declaration oracles [4425.29ms]
contracts	Run npm run check	2026-09-10T06:04:46.7059139Z 
contracts	Run npm run check	2026-09-10T06:04:46.7059231Z  926 pass
contracts	Run npm run check	2026-09-10T06:04:46.7059447Z  1 fail
contracts	Run npm run check	2026-09-10T06:04:46.7059655Z  18813 expect() calls
contracts	Run npm run check	2026-09-10T06:04:46.7059950Z Ran 927 tests across 55 files. [683.88s]
contracts	Run npm run check	2026-09-10T06:04:47.2808602Z ##[error]Process completed with exit code 1.
