contracts	Run npm run check	﻿2026-09-10T05:53:15.1451648Z ##[group]Run npm run check
contracts	Run npm run check	2026-09-10T05:53:15.1451979Z ^[[36;1mnpm run check^[[0m
contracts	Run npm run check	2026-09-10T05:53:15.1491902Z shell: /usr/bin/bash -e {0}
contracts	Run npm run check	2026-09-10T05:53:15.1492187Z ##[endgroup]
contracts	Run npm run check	2026-09-10T05:53:15.2508799Z 
contracts	Run npm run check	2026-09-10T05:53:15.2509374Z > di-bag@0.1.0 check
contracts	Run npm run check	2026-09-10T05:53:15.2509974Z > npm run typecheck && npm test && npm run build
contracts	Run npm run check	2026-09-10T05:53:15.2510214Z 
contracts	Run npm run check	2026-09-10T05:53:15.3504557Z 
contracts	Run npm run check	2026-09-10T05:53:15.3505335Z > di-bag@0.1.0 typecheck
contracts	Run npm run check	2026-09-10T05:53:15.3505923Z > tsc6 -p tsconfig.json
contracts	Run npm run check	2026-09-10T05:53:15.3506173Z 
contracts	Run npm run check	2026-09-10T05:53:24.6862505Z 
contracts	Run npm run check	2026-09-10T05:53:24.6865510Z > di-bag@0.1.0 test
contracts	Run npm run check	2026-09-10T05:53:24.6865988Z > bun test tests
contracts	Run npm run check	2026-09-10T05:53:24.6866201Z 
contracts	Run npm run check	2026-09-10T05:53:24.6952508Z bun test v1.4.0 (34cbb9a40)
contracts	Run npm run check	2026-09-10T05:53:24.7005931Z 
contracts	Run npm run check	2026-09-10T05:53:24.7007704Z ##[group]tests/native-replacement-diagnostics.test.ts:
contracts	Run npm run check	2026-09-10T05:53:26.6896284Z (pass) native replacement diagnostics retain every useful primary and supplemental message [1976.33ms]
contracts	Run npm run check	2026-09-10T05:53:26.6899401Z (pass) strict replacement audit requires useful primary text at its own region [0.38ms]
contracts	Run npm run check	2026-09-10T05:53:26.6902584Z (pass) strict replacement audit requires exact supplemental code and text [0.33ms]
contracts	Run npm run check	2026-09-10T05:53:26.6904101Z (pass) replacement audit keeps its ten source fixtures independent of native gap comments [0.10ms]
contracts	Run npm run check	2026-09-10T05:53:26.6905607Z (pass) replacement audit rejects a fixture when its marker and invalid expression both disappear [0.18ms]
contracts	Run npm run check	2026-09-10T05:53:26.6906525Z 
contracts	Run npm run check	2026-09-10T05:53:26.6907426Z ##[endgroup]
contracts	Run npm run check	2026-09-10T05:53:26.6907671Z 
contracts	Run npm run check	2026-09-10T05:53:26.6908160Z ##[group]tests/platform-deno.test.ts:
contracts	Run npm run check	2026-09-10T05:53:26.7122044Z (pass) portable root contract has host-independent semantics [6.14ms]
contracts	Run npm run check	2026-09-10T05:53:26.7123238Z (pass) portable inspection proof rejects nonobjects and inexact or unfrozen metadata [0.15ms]
contracts	Run npm run check	2026-09-10T05:53:26.7135690Z (pass) Deno child validation requires canonical output from the local installed archive [1.22ms]
contracts	Run npm run check	2026-09-10T05:53:26.7138801Z (pass) Deno child validation fails closed when the expected installation is absent [0.29ms]
contracts	Run npm run check	2026-09-10T05:53:26.8280860Z (pass) an unprovisioned Deno pin yields an explicit unavailable row without touching the archive [114.08ms]
contracts	Run npm run check	2026-09-10T05:53:26.8281369Z 
contracts	Run npm run check	2026-09-10T05:53:26.8281854Z ##[endgroup]
contracts	Run npm run check	2026-09-10T05:53:26.8281989Z 
contracts	Run npm run check	2026-09-10T05:53:26.8282307Z ##[group]tests/final-adversarial-integration.test.ts:
contracts	Run npm run check	2026-09-10T05:53:26.8561028Z (pass) I1 preserves its deterministic adversarial source oracle [24.14ms]
contracts	Run npm run check	2026-09-10T05:53:26.8682775Z (pass) I2 preserves its deterministic adversarial source oracle [12.18ms]
contracts	Run npm run check	2026-09-10T05:53:26.8800736Z (pass) I3 preserves its deterministic adversarial source oracle [11.76ms]
contracts	Run npm run check	2026-09-10T05:53:26.8902826Z (pass) I4 preserves its deterministic adversarial source oracle [10.25ms]
contracts	Run npm run check	2026-09-10T05:53:26.9002205Z (pass) I5 preserves its deterministic adversarial source oracle [8.97ms]
contracts	Run npm run check	2026-09-10T05:53:26.9089649Z (pass) I6 preserves its deterministic adversarial source oracle [9.66ms]
contracts	Run npm run check	2026-09-10T05:53:26.9189675Z (pass) I7 preserves its deterministic adversarial source oracle [9.99ms]
contracts	Run npm run check	2026-09-10T05:53:26.9270478Z (pass) I8 preserves its deterministic adversarial source oracle [8.11ms]
contracts	Run npm run check	2026-09-10T05:53:26.9351276Z (pass) I9 preserves its deterministic adversarial source oracle [8.05ms]
contracts	Run npm run check	2026-09-10T05:53:26.9428137Z (pass) I10 preserves its deterministic adversarial source oracle [7.63ms]
contracts	Run npm run check	2026-09-10T05:53:26.9505320Z (pass) I11 preserves its deterministic adversarial source oracle [7.72ms]
contracts	Run npm run check	2026-09-10T05:53:26.9583664Z (pass) I13 preserves its deterministic adversarial source oracle [7.82ms]
contracts	Run npm run check	2026-09-10T05:53:26.9660483Z (pass) I12 disposes accepted late ownership before independent immediate ownership [7.63ms]
contracts	Run npm run check	2026-09-10T05:53:26.9661459Z 
contracts	Run npm run check	2026-09-10T05:53:26.9662236Z ##[endgroup]
contracts	Run npm run check	2026-09-10T05:53:26.9662797Z 
contracts	Run npm run check	2026-09-10T05:53:26.9663402Z ##[group]tests/token-scale.test.ts:
contracts	Run npm run check	2026-09-10T05:53:30.2495265Z (pass) token scale: 100 bindings valid [3282.75ms]
contracts	Run npm run check	2026-09-10T05:53:33.4880251Z (pass) token scale: 100 bindings missing-final-token [3238.48ms]
contracts	Run npm run check	2026-09-10T05:53:36.7560957Z (pass) token scale: 100 bindings mismatched-invariant-service [3268.04ms]
contracts	Run npm run check	2026-09-10T05:53:40.8575092Z (pass) token scale: 100 modules valid [4101.17ms]
contracts	Run npm run check	2026-09-10T05:53:44.9798175Z (pass) token scale: 100 modules missing-final-token [4122.55ms]
contracts	Run npm run check	2026-09-10T05:53:49.1614066Z (pass) token scale: 100 modules mismatched-invariant-service [4181.54ms]
contracts	Run npm run check	2026-09-10T05:53:49.1614495Z 
contracts	Run npm run check	2026-09-10T05:53:49.1614901Z ##[endgroup]
contracts	Run npm run check	2026-09-10T05:53:49.1615032Z 
contracts	Run npm run check	2026-09-10T05:53:49.1615309Z ##[group]tests/plugins.test.ts:
contracts	Run npm run check	2026-09-10T05:53:49.1670163Z (pass) plugin validation retains raw source ownership on success and failure [2.60ms]
contracts	Run npm run check	2026-09-10T05:53:49.1672373Z (pass) plugin descriptor requires own protocol fields before factory effects [0.26ms]
contracts	Run npm run check	2026-09-10T05:53:49.1674145Z (pass) plugin preflight validates dependencies and options before descriptor reads [0.16ms]
contracts	Run npm run check	2026-09-10T05:53:49.1677135Z (pass) plugin descriptor preflight preserves accessor errors and ignores extra getters [0.29ms]
contracts	Run npm run check	2026-09-10T05:53:49.1682079Z (pass) plugin snapshots dependencies, options and callbacks before later mutation [0.46ms]
contracts	Run npm run check	2026-09-10T05:53:49.1688627Z (pass) plugin routes required optional lazy and all dependency references positionally [0.60ms]
contracts	Run npm run check	2026-09-10T05:53:49.1696159Z (pass) raw plugin validation does not assimilate values or validator results [0.75ms]
contracts	Run npm run check	2026-09-10T05:53:49.1699836Z (pass) native plugin validates fulfilled values, caches final output and releases source ownership [0.35ms]
contracts	Run npm run check	2026-09-10T05:53:49.1704769Z (pass) native plugin rejection and output validation preserve causes and ownership [0.49ms]
contracts	Run npm run check	2026-09-10T05:53:49.1706610Z (pass) native plugins require a genuine Promise source [0.24ms]
contracts	Run npm run check	2026-09-10T05:53:49.1712455Z (pass) startup rollback releases an accepted plugin source once [0.52ms]
contracts	Run npm run check	2026-09-10T05:53:49.1716678Z (pass) plugin callbacks use no receiver and preserve factory and validator failures [0.39ms]
contracts	Run npm run check	2026-09-10T05:53:49.1730532Z (pass) plugin composition retains module privacy, aliases, contributions and selected sharing [1.34ms]
contracts	Run npm run check	2026-09-10T05:53:49.1734352Z (pass) plugin observers retain the canonical acquisition and cleanup events [0.39ms]
contracts	Run npm run check	2026-09-10T05:53:49.1737390Z (pass) native plugin readiness waits for source validation [0.32ms]
contracts	Run npm run check	2026-09-10T05:53:49.1740198Z (pass) plugin close waits for accepted disposer cleanup exactly once [0.26ms]
contracts	Run npm run check	2026-09-10T05:53:49.1744372Z (pass) plugin validation errors survive one failed retirement cleanup [0.39ms]
contracts	Run npm run check	2026-09-10T05:53:49.1748431Z (pass) plugin observer lifecycle events identify its canonical acquisition [0.40ms]
contracts	Run npm run check	2026-09-10T05:53:49.1748952Z 
contracts	Run npm run check	2026-09-10T05:53:49.1749363Z ##[endgroup]
contracts	Run npm run check	2026-09-10T05:53:49.1749494Z 
contracts	Run npm run check	2026-09-10T05:53:49.1749777Z ##[group]tests/platform-tools.test.ts:
contracts	Run npm run check	2026-09-10T05:53:49.1843190Z (pass) tool capture binds the actual artifact and exact observed version output [8.10ms]
contracts	Run npm run check	2026-09-10T05:53:49.2320316Z (pass) tool capture rejects wrong versions, substring matches and unsuccessful probes [47.70ms]
contracts	Run npm run check	2026-09-10T05:53:49.2321058Z 
contracts	Run npm run check	2026-09-10T05:53:49.2321600Z ##[endgroup]
contracts	Run npm run check	2026-09-10T05:53:49.2321805Z 
contracts	Run npm run check	2026-09-10T05:53:49.2322206Z ##[group]tests/observers.test.ts:
contracts	Run npm run check	2026-09-10T05:53:49.2341689Z (pass) observers preserve raw identity and explicit ownership [0.55ms]
contracts	Run npm run check	2026-09-10T05:53:49.2345585Z (pass) ready follows the final native stage while retaining exposed identity [0.39ms]
contracts	Run npm run check	2026-09-10T05:53:49.2350935Z (pass) observer failure monitoring handles throws, rejection and throwing then without gating shutdown [0.51ms]
contracts	Run npm run check	2026-09-10T05:53:49.2355850Z (pass) configuration snapshots callbacks, appends in order and retains classification [0.50ms]
contracts	Run npm run check	2026-09-10T05:53:49.2359087Z (pass) reentrant observer resolution runs outside factory ancestry and respects published close [0.30ms]
contracts	Run npm run check	2026-09-10T05:53:49.2368285Z (pass) canonical owners distinguish shared roots, independent forks, contributions and transients [0.91ms]
contracts	Run npm run check	2026-09-10T05:53:49.2373538Z (pass) failed final projections retire accepted ownership once and preserve cleanup errors [0.52ms]
contracts	Run npm run check	2026-09-10T05:53:49.2375985Z (pass) intermediate native failure bypassed by raw projection is not final failure [0.26ms]
contracts	Run npm run check	2026-09-10T05:53:49.2381896Z (pass) private module frames are immutable snapshots without freezing application metadata [0.55ms]
contracts	Run npm run check	2026-09-10T05:53:49.2386792Z (pass) startup rollback observes accepted cleanup while preserving the startup cause [0.48ms]
contracts	Run npm run check	2026-09-10T05:53:49.2394312Z (pass) cancellation observes late accepted resources and final failure without awaiting telemetry [0.71ms]
contracts	Run npm run check	2026-09-10T05:53:49.2396813Z (pass) throwing-then error sink results are consumed and appending duplicates keeps every callback [0.25ms]
contracts	Run npm run check	2026-09-10T05:53:49.2399025Z (pass) delivery keeps emission order across immutable appended facade configurations [0.22ms]
contracts	Run npm run check	2026-09-10T05:53:49.2399617Z 
contracts	Run npm run check	2026-09-10T05:53:49.2399935Z ##[endgroup]
contracts	Run npm run check	2026-09-10T05:53:49.2400071Z 
contracts	Run npm run check	2026-09-10T05:53:49.2400349Z ##[group]tests/performance-baseline.test.ts:
contracts	Run npm run check	2026-09-10T05:53:49.3565183Z (pass) review requires median, p95 and paired interval regression predicates together [111.34ms]
contracts	Run npm run check	2026-09-10T05:53:49.3756845Z (pass) ordinary hosts remain informational even when every review threshold is met [19.23ms]
contracts	Run npm run check	2026-09-10T05:53:49.3759186Z (pass) paired verdict validates the exact 31-sample protocol and unsigned seed [0.28ms]
contracts	Run npm run check	2026-09-10T05:53:49.3762534Z (pass) seeded execution order is reproducible, balanced and alternates pair orientation [0.32ms]
contracts	Run npm run check	2026-09-10T05:53:49.3787269Z (pass) paired collection runs serial warmups and retains samples in pair index order [2.47ms]
contracts	Run npm run check	2026-09-10T05:53:49.3790918Z (pass) paired collection journals a rejected execution before validation stops the run [0.33ms]
contracts	Run npm run check	2026-09-10T05:53:49.3793334Z (pass) comparison command accepts an exact pinned baseline and unsigned seed only [0.24ms]
contracts	Run npm run check	2026-09-10T05:53:49.4337386Z (pass) comparison row validation rejects incomplete, unsafe and unpaired evidence [54.28ms]
contracts	Run npm run check	2026-09-10T05:53:49.4338728Z (pass) journaling retains unavailable and failed terminal rows as well as validated summaries [0.17ms]
contracts	Run npm run check	2026-09-10T05:53:51.8545723Z (pass) baseline archive is built from the exact commit with retained source and tool identities [2420.36ms]
contracts	Run npm run check	2026-09-10T05:53:51.8546912Z 
contracts	Run npm run check	2026-09-10T05:53:51.8547775Z ##[endgroup]
contracts	Run npm run check	2026-09-10T05:53:51.8551352Z 
contracts	Run npm run check	2026-09-10T05:53:51.8551837Z ##[group]tests/token-package.test.ts:
contracts	Run npm run check	2026-09-10T05:53:54.7994974Z (pass) installed node cjs facade shares core tokens, modes and acquisition metadata [44.28ms]
contracts	Run npm run check	2026-09-10T05:53:54.8437050Z (pass) installed node mjs facade shares core tokens, modes and acquisition metadata [44.21ms]
contracts	Run npm run check	2026-09-10T05:53:54.8685956Z (pass) installed bun cjs facade shares core tokens, modes and acquisition metadata [24.83ms]
contracts	Run npm run check	2026-09-10T05:53:54.8899863Z (pass) installed bun mjs facade shares core tokens, modes and acquisition metadata [21.43ms]
contracts	Run npm run check	2026-09-10T05:53:54.9354791Z (pass) installed token composition crosses Node commonjs and the other loader [45.42ms]
contracts	Run npm run check	2026-09-10T05:53:58.7094481Z (pass) installed commonjs token-modules declaration survives emission and unchanged consumption [3773.91ms]
contracts	Run npm run check	2026-09-10T05:54:01.3366096Z (pass) installed commonjs incremental-modules declaration survives emission and unchanged consumption [2627.12ms]
contracts	Run npm run check	2026-09-10T05:54:04.4646073Z (pass) installed commonjs replacement-reflection declaration survives emission and unchanged consumption [3126.58ms]
contracts	Run npm run check	2026-09-10T05:54:04.5279871Z (pass) installed token composition crosses Node module and the other loader [64.78ms]
contracts	Run npm run check	2026-09-10T05:54:07.6084849Z (pass) installed module token-modules declaration survives emission and unchanged consumption [3080.41ms]
contracts	Run npm run check	2026-09-10T05:54:10.3930158Z (pass) installed module incremental-modules declaration survives emission and unchanged consumption [2784.41ms]
contracts	Run npm run check	2026-09-10T05:54:13.2260221Z (pass) installed module replacement-reflection declaration survives emission and unchanged consumption [2833.08ms]
contracts	Run npm run check	2026-09-10T05:54:13.2297379Z 
contracts	Run npm run check	2026-09-10T05:54:13.2297834Z ##[endgroup]
contracts	Run npm run check	2026-09-10T05:54:13.2298190Z 
contracts	Run npm run check	2026-09-10T05:54:13.2298513Z ##[group]tests/boundaries.test.ts:
contracts	Run npm run check	2026-09-10T05:54:13.2485324Z (pass) fork changes only the selected key hidden behind a narrowed override map [0.93ms]
contracts	Run npm run check	2026-09-10T05:54:13.2516072Z (pass) unselected override values and getters never participate [0.37ms]
contracts	Run npm run check	2026-09-10T05:54:13.2539931Z (pass) hidden duplicate additions throw atomically and leave builders reusable [0.33ms]
contracts	Run npm run check	2026-09-10T05:54:13.2540973Z (pass) hidden new keys cannot later silently replace visible registrations [0.16ms]
contracts	Run npm run check	2026-09-10T05:54:13.2541942Z (pass) add snapshots every own entry and validates before producing a builder [0.31ms]
contracts	Run npm run check	2026-09-10T05:54:13.2542831Z (pass) replacement writes its explicit key and preserves earlier builders [0.29ms]
contracts	Run npm run check	2026-09-10T05:54:13.2543715Z (pass) fork requires selected own entries before reading any selected getter [0.33ms]
contracts	Run npm run check	2026-09-10T05:54:13.2544871Z (pass) fork snapshots selection before an override getter mutates the caller tuple [0.21ms]
contracts	Run npm run check	2026-09-10T05:54:13.2545935Z (pass) fork selects indexed tuple entries even when its iterator omits a key [0.20ms]
contracts	Run npm run check	2026-09-10T05:54:13.2575025Z (pass) fork batches selected replacements without using the single-binding graph path [0.23ms]
contracts	Run npm run check	2026-09-10T05:54:13.2600720Z (pass) empty forks reuse the graph without reading unselected values and retain fresh ownership [0.85ms]
contracts	Run npm run check	2026-09-10T05:54:13.2602034Z (pass) selected overrides can depend on richer capabilities of other selected services [0.48ms]
contracts	Run npm run check	2026-09-10T05:54:13.2604341Z (pass) runtime registration validation rejects cloned and forged owned handles [0.26ms]
contracts	Run npm run check	2026-09-10T05:54:13.2605553Z (pass) normalization does not expose mutable ownership registry metadata [0.29ms]
contracts	Run npm run check	2026-09-10T05:54:13.2606543Z (pass) unchecked source Bag construction is not exported [0.03ms]
contracts	Run npm run check	2026-09-10T05:54:13.2607567Z (pass) plain registration maps from another realm retain their own factories [0.86ms]
contracts	Run npm run check	2026-09-10T05:54:13.2608180Z 
contracts	Run npm run check	2026-09-10T05:54:13.2608868Z ##[endgroup]
contracts	Run npm run check	2026-09-10T05:54:13.2609138Z 
contracts	Run npm run check	2026-09-10T05:54:13.2611886Z ##[group]tests/wbs-scope.test.ts:
contracts	Run npm run check	2026-09-10T05:54:13.2612958Z (pass) WBS scopes borrow infrastructure and recreate stores, collectors and services [2.11ms]
contracts	Run npm run check	2026-09-10T05:54:13.2650711Z (pass) an explicitly shared WBS service keeps its original stores and broadcaster [3.79ms]
contracts	Run npm run check	2026-09-10T05:54:13.2674855Z (pass) closing the root disposes its resources but leaves the startup-owned source usable [0.46ms]
contracts	Run npm run check	2026-09-10T05:54:13.2676018Z (pass) startup cleans every owner and discards held announcements when batch work fails [0.61ms]
contracts	Run npm run check	2026-09-10T05:54:13.2677072Z (pass) startup still closes later bags and its source when multiple disposers fail [1.03ms]
contracts	Run npm run check	2026-09-10T05:54:13.2707666Z (pass) a factory cleans partial acquisition before throwing; the bag does not dispose it twice [3.65ms]
contracts	Run npm run check	2026-09-10T05:54:13.2715633Z (pass) the runnable example reports published work and complete shutdown [0.80ms]
contracts	Run npm run check	2026-09-10T05:54:13.2716240Z 
contracts	Run npm run check	2026-09-10T05:54:13.2716809Z ##[endgroup]
contracts	Run npm run check	2026-09-10T05:54:13.2717132Z 
contracts	Run npm run check	2026-09-10T05:54:13.2717610Z ##[group]tests/runtime-scale.test.ts:
contracts	Run npm run check	2026-09-10T05:54:13.5728456Z (pass) closing a deep graph disposes every dependent before its dependency exactly once [299.69ms]
contracts	Run npm run check	2026-09-10T05:54:13.5785580Z (pass) retiring an acquisition touches only its actual incoming consumers [3.09ms]
contracts	Run npm run check	2026-09-10T05:54:13.5815183Z (pass) repeated reads of an existing edge do not traverse the downstream graph again [1.16ms]
contracts	Run npm run check	2026-09-10T05:54:13.6038811Z (pass) late edges across a deep ready graph find cycles without overflowing the stack [26.72ms]
contracts	Run npm run check	2026-09-10T05:54:13.6047673Z (pass) one module lexical map is snapshotted once while external mutations stay isolated [0.96ms]
contracts	Run npm run check	2026-09-10T05:54:13.6049717Z (pass) releasing a consumer removes its reverse incoming entries without retiring live peers [0.27ms]
contracts	Run npm run check	2026-09-10T05:54:13.6052053Z (pass) a branching late cycle reports the first dependency-order path and leaves its rejected edge absent [0.23ms]
contracts	Run npm run check	2026-09-10T05:54:13.6052635Z 
contracts	Run npm run check	2026-09-10T05:54:13.6053098Z ##[endgroup]
contracts	Run npm run check	2026-09-10T05:54:13.6054116Z 
contracts	Run npm run check	2026-09-10T05:54:13.6054487Z ##[group]tests/startup.test.ts:
contracts	Run npm run check	2026-09-10T05:54:13.6086443Z (pass) contexts follow acquisition owners through child-first roots and independent forks [0.64ms]
contracts	Run npm run check	2026-09-10T05:54:13.6090466Z (pass) abort listeners cannot reenter any closing scope admission gate [0.48ms]
contracts	Run npm run check	2026-09-10T05:54:13.6098541Z (pass) startup waits for selected native acquisition while leaving unrelated providers lazy [0.71ms]
contracts	Run npm run check	2026-09-10T05:54:13.6104677Z (pass) startup uses native observation with shadowed then and treats raw promises as ready [0.61ms]
contracts	Run npm run check	2026-09-10T05:54:13.6109318Z (pass) a ready native projection starts while its source remains pending until shutdown [0.52ms]
contracts	Run npm run check	2026-09-10T05:54:13.6117797Z (pass) failed native projection aborts a cooperative pending source before cleanup [0.79ms]
contracts	Run npm run check	2026-09-10T05:54:13.6121102Z (pass) sequential startup waits before invoking the next selection [0.35ms]
contracts	Run npm run check	2026-09-10T05:54:13.6126019Z (pass) startup selects genuine tokens and keeps separate owned transient attempts [0.50ms]
contracts	Run npm run check	2026-09-10T05:54:13.6129742Z (pass) late contextual dependencies receive an already aborted owner signal [0.36ms]
contracts	Run npm run check	2026-09-10T05:54:13.6141772Z (pass) startup removes its abort listener on success [0.41ms]
contracts	Run npm run check	2026-09-10T05:54:13.6142597Z (pass) startup removes its abort listener on failure [0.19ms]
contracts	Run npm run check	2026-09-10T05:54:13.6143174Z (pass) startup removes its abort listener on aborted [0.35ms]
contracts	Run npm run check	2026-09-10T05:54:13.6193436Z (pass) startup removes its abort listener on timeout [5.35ms]
contracts	Run npm run check	2026-09-10T05:54:13.6197022Z (pass) startup snapshots option getters once after snapshotting all selected keys [0.35ms]
contracts	Run npm run check	2026-09-10T05:54:13.6204043Z (pass) sequential startup stops after failure and waits for cleanup with original causes [0.66ms]
contracts	Run npm run check	2026-09-10T05:54:13.6207830Z (pass) parallel startup starts later selections after synchronous failure and cleans pending ownership [0.37ms]
contracts	Run npm run check	2026-09-10T05:54:13.6214539Z (pass) aborted rejects before late ownership and exposes eventual cleanup failure [0.65ms]
contracts	Run npm run check	2026-09-10T05:54:13.6267557Z (pass) timeout rejects before late ownership and exposes eventual cleanup failure [5.31ms]
contracts	Run npm run check	2026-09-10T05:54:13.6269704Z (pass) already aborted startup does not invoke any factories [0.27ms]
contracts	Run npm run check	2026-09-10T05:54:13.6274449Z (pass) cancellation can interrupt cleanup after ordinary startup failure [0.43ms]
contracts	Run npm run check	2026-09-10T05:54:13.6277634Z (pass) successful startup removes external cancellation and snapshots indexed selections [0.33ms]
contracts	Run npm run check	2026-09-10T05:54:13.6283690Z (pass) invalid startup inputs reject before factory or unsupported option getter effects [0.55ms]
contracts	Run npm run check	2026-09-10T05:54:13.6289885Z (pass) numeric startup 1 bounds selected readiness and preserves promise identity [0.61ms]
contracts	Run npm run check	2026-09-10T05:54:13.6291695Z (pass) numeric startup 2 bounds selected readiness and preserves promise identity [0.17ms]
contracts	Run npm run check	2026-09-10T05:54:13.6293233Z (pass) numeric startup 20 bounds selected readiness and preserves promise identity [0.14ms]
contracts	Run npm run check	2026-09-10T05:54:13.6296731Z (pass) numeric startup 1 snapshots options and retains duplicate selected lifetimes [0.37ms]
contracts	Run npm run check	2026-09-10T05:54:13.6297568Z (pass) numeric startup 2 snapshots options and retains duplicate selected lifetimes [0.12ms]
contracts	Run npm run check	2026-09-10T05:54:13.6301236Z (pass) numeric startup uses final raw readiness while owned sources remain pending [0.36ms]
contracts	Run npm run check	2026-09-10T05:54:13.6307884Z (pass) bounded startup stops dequeuing after failure and cleans started work [0.58ms]
contracts	Run npm run check	2026-09-10T05:54:13.6310047Z (pass) bounded startup stops dequeuing after aborted and cleans started work [0.26ms]
contracts	Run npm run check	2026-09-10T05:54:13.6458266Z (pass) bounded startup stops dequeuing after timeout and cleans started work [14.71ms]
contracts	Run npm run check	2026-09-10T05:54:13.6465898Z (pass) numeric startup rejects invalid bounds before factories [0.83ms]
contracts	Run npm run check	2026-09-10T05:54:13.6469916Z (pass) numeric startup stops initial worker admission when a factory aborts synchronously [0.37ms]
contracts	Run npm run check	2026-09-10T05:54:13.6470498Z 
contracts	Run npm run check	2026-09-10T05:54:13.6470893Z ##[endgroup]
contracts	Run npm run check	2026-09-10T05:54:13.6472322Z 
contracts	Run npm run check	2026-09-10T05:54:13.6472724Z ##[group]tests/projections.test.ts:
contracts	Run npm run check	2026-09-10T05:54:13.6490434Z (pass) a projected service does not replace its source disposer argument [0.24ms]
contracts	Run npm run check	2026-09-10T05:54:13.6493534Z (pass) an ownership operation on a metadata provider retains earlier ownership [0.29ms]
contracts	Run npm run check	2026-09-10T05:54:13.6495468Z (pass) mapSync receives and returns exact Promise identities [0.21ms]
contracts	Run npm run check	2026-09-10T05:54:13.6498612Z (pass) mapAsync rejects source and projector throws with their original values [0.27ms]
contracts	Run npm run check	2026-09-10T05:54:13.6501371Z (pass) mapAsync awaits recursive projector thenables and source fulfillment [0.27ms]
contracts	Run npm run check	2026-09-10T05:54:13.6506222Z (pass) a failed sync projection releases late source ownership [0.48ms]
contracts	Run npm run check	2026-09-10T05:54:13.6509238Z (pass) a synchronous status projection stays cached after its raw Promise rejects [0.27ms]
contracts	Run npm run check	2026-09-10T05:54:13.6511470Z (pass) ready outer ownership closes before a raw stage accepted later [0.22ms]
contracts	Run npm run check	2026-09-10T05:54:13.6515109Z (pass) failed projections clean only their stages and preserve cached dependencies [0.37ms]
contracts	Run npm run check	2026-09-10T05:54:13.6518188Z (pass) sync failure starts asynchronous cleanup without waiting and close drains it [0.32ms]
contracts	Run npm run check	2026-09-10T05:54:13.6523321Z (pass) late old ownership cannot evict or dispose a successful retry [0.49ms]
contracts	Run npm run check	2026-09-10T05:54:13.6528139Z (pass) retired cleanup errors keep invocation order and original attempt identities [0.46ms]
contracts	Run npm run check	2026-09-10T05:54:13.6531227Z (pass) a pending source can read dependencies in close after an outer projection is ready [0.29ms]
contracts	Run npm run check	2026-09-10T05:54:13.6536446Z (pass) a pending source can finish dependencies after its outer projection failed [0.52ms]
contracts	Run npm run check	2026-09-10T05:54:13.6539494Z (pass) completed source proxies cannot borrow a pending projection or retry permission [0.29ms]
contracts	Run npm run check	2026-09-10T05:54:13.6541947Z (pass) mapped dependencies still reject genuine acquisition cycles [0.24ms]
contracts	Run npm run check	2026-09-10T05:54:13.6545117Z (pass) asynchronous mappings preserve post-await cycle detection [0.31ms]
contracts	Run npm run check	2026-09-10T05:54:13.6547454Z (pass) a completed source cannot use its still pending asynchronous projector permission [0.21ms]
contracts	Run npm run check	2026-09-10T05:54:13.6550905Z (pass) mapping and added finalizers run receiver-free across metadata operations [0.34ms]
contracts	Run npm run check	2026-09-10T05:54:13.6558220Z (pass) failed outer projections retain owned values until a pending projector finishes using them [0.70ms]
contracts	Run npm run check	2026-09-10T05:54:13.6562078Z (pass) failed exposed acquisition abandons incoming edges while its owned source can acquire the recovered parent [0.37ms]
contracts	Run npm run check	2026-09-10T05:54:13.6562580Z 
contracts	Run npm run check	2026-09-10T05:54:13.6562898Z ##[endgroup]
contracts	Run npm run check	2026-09-10T05:54:13.6563279Z 
contracts	Run npm run check	2026-09-10T05:54:13.6563652Z ##[group]tests/binding-graph.test.ts:
contracts	Run npm run check	2026-09-10T05:54:13.6586544Z (pass) private bindings with the same label have distinct memoized identities [0.94ms]
contracts	Run npm run check	2026-09-10T05:54:13.6589644Z (pass) an owned private dependency closes after its public dependent [0.34ms]
contracts	Run npm run check	2026-09-10T05:54:13.6592272Z (pass) private Promise-valued bindings preserve their original exposed identity [0.25ms]
contracts	Run npm run check	2026-09-10T05:54:13.6600256Z (pass) graph snapshots preserve lexical private refs while forks use replaced public slots [0.76ms]
contracts	Run npm run check	2026-09-10T05:54:13.6605175Z (pass) batch public bindings preserve ordered duplicates and retained private identities [0.47ms]
contracts	Run npm run check	2026-09-10T05:54:13.6606149Z (pass) an empty public binding batch preserves immutable graph identity [0.04ms]
contracts	Run npm run check	2026-09-10T05:54:13.6607410Z (pass) mutating graph input maps cannot change public lookup or binding descriptions [0.19ms]
contracts	Run npm run check	2026-09-10T05:54:13.6610965Z (pass) cycles through private aliases discovered after await show binding labels [0.36ms]
contracts	Run npm run check	2026-09-10T05:54:13.6611524Z 
contracts	Run npm run check	2026-09-10T05:54:13.6611930Z ##[endgroup]
contracts	Run npm run check	2026-09-10T05:54:13.6612121Z 
contracts	Run npm run check	2026-09-10T05:54:13.6612517Z ##[group]tests/performance-evidence.test.ts:
contracts	Run npm run check	2026-09-10T05:54:13.6641822Z (pass) validates one canonical runtime sample and preserves its provenance [0.73ms]
contracts	Run npm run check	2026-09-10T05:54:13.6647823Z (pass) rejects a correct duration with an incorrect workload checksum [0.60ms]
contracts	Run npm run check	2026-09-10T05:54:13.6657098Z (pass) rejects every semantic control mismatch [0.93ms]
contracts	Run npm run check	2026-09-10T05:54:13.6665886Z (pass) rejects invalid request provenance rather than attaching it to a valid child result [0.84ms]
contracts	Run npm run check	2026-09-10T05:54:13.6671821Z (pass) rejects invalid duration arithmetic and malformed result fields [0.59ms]
contracts	Run npm run check	2026-09-10T05:54:13.6681778Z (pass) requires the resolved public entry to stay inside the real installed package [0.98ms]
contracts	Run npm run check	2026-09-10T05:54:13.6687468Z (pass) rejects noncanonical package and entry paths even when they resolve inside the archive [0.55ms]
contracts	Run npm run check	2026-09-10T05:54:13.6694645Z (pass) parses only one canonical JSON object from a clean successful child [0.70ms]
contracts	Run npm run check	2026-09-10T05:54:13.6700310Z (pass) rejects child timeout, signal, status, stderr and unexpected schema keys [0.57ms]
contracts	Run npm run check	2026-09-10T05:54:13.6710334Z (pass) runtime runner validates the execution returned for the exact request [0.99ms]
contracts	Run npm run check	2026-09-10T05:54:13.6712040Z (pass) computes summary from every raw nanosecond without mutating input [0.18ms]
contracts	Run npm run check	2026-09-10T05:54:13.6713245Z (pass) summary rejects absent, nonpositive and unsafe samples instead of producing invalid arithmetic [0.10ms]
contracts	Run npm run check	2026-09-10T05:54:13.7016682Z (pass) paired bootstrap is seeded, paired and sensitive to seed mutations [30.22ms]
contracts	Run npm run check	2026-09-10T05:54:13.7017949Z (pass) paired bootstrap rejects length, seed, count and denominator errors [0.23ms]
contracts	Run npm run check	2026-09-10T05:54:13.7035061Z (pass) scenario execution awaits only runTimed between clock reads and verifies afterwards [0.44ms]
contracts	Run npm run check	2026-09-10T05:54:13.7036332Z (pass) scenario execution rejects a backwards or zero clock before accepting evidence [0.19ms]
contracts	Run npm run check	2026-09-10T05:54:13.7037549Z (pass) child protocol prepares before timing and emits request identity with verified work [0.89ms]
contracts	Run npm run check	2026-09-10T05:54:13.7063462Z (pass) current-only collection runs five warmups then retains 31 validated samples serially [2.92ms]
contracts	Run npm run check	2026-09-10T05:54:13.7071697Z (pass) collection journals every execution before validation so a late failure retains prior and rejected output [0.78ms]
contracts	Run npm run check	2026-09-10T05:54:13.7074271Z (pass) current evidence validation requires reproducible environment, tools, fixture and source identities [0.29ms]
contracts	Run npm run check	2026-09-10T05:54:13.7083244Z (pass) runtime journals use exclusive per-invocation paths and never truncate prior evidence [0.85ms]
contracts	Run npm run check	2026-09-10T05:54:13.7091599Z (pass) actual child printer writes one canonical newline-terminated object accepted by the parent [0.80ms]
contracts	Run npm run check	2026-09-10T05:54:13.7092323Z 
contracts	Run npm run check	2026-09-10T05:54:13.7095962Z ##[endgroup]
contracts	Run npm run check	2026-09-10T05:54:13.7096299Z 
contracts	Run npm run check	2026-09-10T05:54:13.7096865Z ##[group]tests/acquisition-metadata.test.ts:
contracts	Run npm run check	2026-09-10T05:54:13.7118569Z (pass) metadata is lazy, ordered, copied with hidden symbols, and retained after projection [1.02ms]
contracts	Run npm run check	2026-09-10T05:54:13.7123208Z (pass) immediate metadata retains raw Promise identity, policy, and outer disposer value [0.53ms]
contracts	Run npm run check	2026-09-10T05:54:13.7137523Z (pass) async metadata awaits raw thenables and exposes a native Promise [0.44ms]
contracts	Run npm run check	2026-09-10T05:54:13.7146097Z (pass) native acquisition remains pending and disposes fulfilled values after immediate annotation [0.38ms]
contracts	Run npm run check	2026-09-10T05:54:13.7147553Z (pass) annotation errors preserve original failures, cleanup, and independent retries and scopes [0.58ms]
contracts	Run npm run check	2026-09-10T05:54:13.7148988Z (pass) async annotation rejection cleans source ownership and skips failed sources [0.53ms]
contracts	Run npm run check	2026-09-10T05:54:13.7215211Z (pass) metadata callbacks and returned records reject malformed and asynchronous values [1.52ms]
contracts	Run npm run check	2026-09-10T05:54:13.7216452Z (pass) annotations retain present undefined values and add no ownership [0.83ms]
contracts	Run npm run check	2026-09-10T05:54:13.7217681Z (pass) rejecting accidentally async metadata observes its rejected Promise in both modes [1.66ms]
contracts	Run npm run check	2026-09-10T05:54:13.7218911Z (pass) metadata requires plain records and accepts records without a prototype [1.11ms]
contracts	Run npm run check	2026-09-10T05:54:13.7220072Z (pass) metadata getters are captured exactly once, including an ordinary then field [0.28ms]
contracts	Run npm run check	2026-09-10T05:54:13.7221271Z (pass) metadata retains typed token dependencies and root and transient lifetime caching [0.98ms]
contracts	Run npm run check	2026-09-10T05:54:13.7221889Z 
contracts	Run npm run check	2026-09-10T05:54:13.7222390Z ##[endgroup]
contracts	Run npm run check	2026-09-10T05:54:13.7222581Z 
contracts	Run npm run check	2026-09-10T05:54:13.7223334Z ##[group]tests/disposal.test.ts:
contracts	Run npm run check	2026-09-10T05:54:13.7235095Z (pass) disposal callbacks receive the owned value without a receiver [0.19ms]
contracts	Run npm run check	2026-09-10T05:54:13.7236802Z (pass) withDisposal exposes the value and closes each resolved instance once [0.21ms]
contracts	Run npm run check	2026-09-10T05:54:13.7238233Z (pass) ordinary values are borrowed even when they expose disposal methods [0.14ms]
contracts	Run npm run check	2026-09-10T05:54:13.7239430Z (pass) unresolved and failed factories have no disposal [0.16ms]
contracts	Run npm run check	2026-09-10T05:54:13.7240842Z (pass) throwing then inspection rejects each acquisition until a synchronous retry succeeds [0.40ms]
contracts	Run npm run check	2026-09-10T05:54:13.7242430Z (pass) a PromiseLike with a throwing then getter never reaches the fulfilled-value disposer [0.34ms]
contracts	Run npm run check	2026-09-10T05:54:13.7245944Z (pass) native Promise observer setup failures allow retry and preserve accepted Promise identity [0.44ms]
contracts	Run npm run check	2026-09-10T05:54:13.7248157Z (pass) native Promise ownership observation ignores an own then override [0.24ms]
contracts	Run npm run check	2026-09-10T05:54:13.7252367Z (pass) native Promise subclass ownership ignores an own then override [0.40ms]
contracts	Run npm run check	2026-09-10T05:54:13.7257113Z (pass) native constructor TypeError preserves the original failure and permits retry [0.45ms]
contracts	Run npm run check	2026-09-10T05:54:13.7258639Z (pass) native species TypeError preserves the original failure and permits retry [0.13ms]
contracts	Run npm run check	2026-09-10T05:54:13.7262503Z (pass) pending close observes native settlement without assimilating its species result [0.39ms]
contracts	Run npm run check	2026-09-10T05:54:13.7265717Z (pass) direct structural thenables reject without invoking then or accepting ownership [0.31ms]
contracts	Run npm run check	2026-09-10T05:54:13.7269862Z (pass) explicit structural conversion accepts fulfillment before a subsequent throw [0.41ms]
contracts	Run npm run check	2026-09-10T05:54:13.7273083Z (pass) explicit structural conversion retries rejection and disposes only the fulfilled retry [0.30ms]
contracts	Run npm run check	2026-09-10T05:54:13.7276818Z (pass) cleanup runs in reverse acquisition order through unmanaged intermediates [0.36ms]
contracts	Run npm run check	2026-09-10T05:54:13.7280007Z (pass) async disposers are awaited sequentially and receive fulfilled values [0.32ms]
contracts	Run npm run check	2026-09-10T05:54:13.7282887Z (pass) dependency ordering wins over async completion order [0.27ms]
contracts	Run npm run check	2026-09-10T05:54:13.7290420Z (pass) close drains pending factories and dependencies discovered after await [0.67ms]
contracts	Run npm run check	2026-09-10T05:54:13.7293188Z (pass) pending acquisition failure does not stop cleanup of other resources [0.31ms]
contracts	Run npm run check	2026-09-10T05:54:13.7298113Z (pass) every disposer runs and close aggregates the original cleanup failures [0.46ms]
contracts	Run npm run check	2026-09-10T05:54:13.7301646Z (pass) throwing undefined still rejects close and does not skip other disposers [0.35ms]
contracts	Run npm run check	2026-09-10T05:54:13.7304426Z (pass) reentrant close observes the same barrier even when its disposer rejects [0.26ms]
contracts	Run npm run check	2026-09-10T05:54:13.7309869Z (pass) parent and forks own independent instances and borrowed overrides stay borrowed [0.53ms]
contracts	Run npm run check	2026-09-10T05:54:13.7311723Z (pass) an owned override can replace an ordinary factory [0.22ms]
contracts	Run npm run check	2026-09-10T05:54:13.7314911Z (pass) pending factories can create a chain of synchronous dependencies during close [0.25ms]
contracts	Run npm run check	2026-09-10T05:54:13.7315508Z 
contracts	Run npm run check	2026-09-10T05:54:13.7315876Z ##[endgroup]
contracts	Run npm run check	2026-09-10T05:54:13.7316614Z 
contracts	Run npm run check	2026-09-10T05:54:13.7317006Z ##[group]tests/providers.test.ts:
contracts	Run npm run check	2026-09-10T05:54:13.7330255Z (pass) metadata is a snapshot and inspection never starts a factory [0.39ms]
contracts	Run npm run check	2026-09-10T05:54:13.7332751Z (pass) metadata preflight sees hidden collisions before reading any getters [0.23ms]
contracts	Run npm run check	2026-09-10T05:54:13.7334480Z (pass) metadata additions preserve symbol keys and snapshot accessors once [0.17ms]
contracts	Run npm run check	2026-09-10T05:54:13.7335766Z (pass) runtime rejects copied and forged provider registrations [0.14ms]
contracts	Run npm run check	2026-09-10T05:54:13.7339940Z (pass) inspection follows pending retries without retaining failed attempts or changing disposal [0.36ms]
contracts	Run npm run check	2026-09-10T05:54:13.7346932Z (pass) module rename and fork keep metadata with the actual binding [0.71ms]
contracts	Run npm run check	2026-09-10T05:54:13.7349042Z (pass) plain registrations expose empty metadata and frames, including creating snapshots [0.19ms]
contracts	Run npm run check	2026-09-10T05:54:13.7354826Z (pass) metadata preserves synchronous ownership and borrowed cleanup methods [0.55ms]
contracts	Run npm run check	2026-09-10T05:54:13.7357080Z (pass) provider execution captures projected values and acquisition frames [0.25ms]
contracts	Run npm run check	2026-09-10T05:54:13.7357606Z 
contracts	Run npm run check	2026-09-10T05:54:13.7357922Z ##[endgroup]
contracts	Run npm run check	2026-09-10T05:54:13.7358414Z 
contracts	Run npm run check	2026-09-10T05:54:13.7358794Z ##[group]tests/acquisition.test.ts:
contracts	Run npm run check	2026-09-10T05:54:13.7368660Z (pass) a retry does not inherit the identity of a caught failed attempt [0.20ms]
contracts	Run npm run check	2026-09-10T05:54:13.7373031Z (pass) a caught rejected attempt does not retarget its incoming edge to the retry [0.42ms]
contracts	Run npm run check	2026-09-10T05:54:13.7378670Z (pass) shutdown preserves every cleanup cause and its acquisition identity [0.55ms]
contracts	Run npm run check	2026-09-10T05:54:13.7379795Z (pass) cleanup diagnostics snapshot caller records without cloning the original cause [0.09ms]
contracts	Run npm run check	2026-09-10T05:54:13.7384278Z (pass) a failed attempt cannot borrow its pending retry permission to acquire during close [0.42ms]
contracts	Run npm run check	2026-09-10T05:54:13.7388314Z (pass) a completed factory cannot start late acquisitions while another factory drains [0.38ms]
contracts	Run npm run check	2026-09-10T05:54:13.7390835Z (pass) a retained failed proxy follows live dependencies without traversing removed attempts [0.27ms]
contracts	Run npm run check	2026-09-10T05:54:13.7391474Z 
contracts	Run npm run check	2026-09-10T05:54:13.7391889Z ##[endgroup]
contracts	Run npm run check	2026-09-10T05:54:13.7392082Z 
contracts	Run npm run check	2026-09-10T05:54:13.7392516Z ##[group]tests/composition-adapters.test.ts:
contracts	Run npm run check	2026-09-10T05:54:13.7409629Z (pass) class adapters construct lazily with private fields, inherited prototypes and new.target [0.47ms]
contracts	Run npm run check	2026-09-10T05:54:13.7411882Z (pass) constructor validation invokes neither the constructor nor its prototype getter [0.27ms]
contracts	Run npm run check	2026-09-10T05:54:13.7417680Z (pass) function adapters pass positional values exactly and support explicitly bound receivers [0.52ms]
contracts	Run npm run check	2026-09-10T05:54:13.7422084Z (pass) optional and rest function and constructor arguments follow selected positions [0.44ms]
contracts	Run npm run check	2026-09-10T05:54:13.7426261Z (pass) function adapters snapshot indexed tokens and ignore custom iterators [0.41ms]
contracts	Run npm run check	2026-09-10T05:54:13.7430809Z (pass) function adapters reject invalid declaration inputs before user effects [0.44ms]
contracts	Run npm run check	2026-09-10T05:54:13.7434694Z (pass) function acquisition failures retry and disposal is explicit [0.37ms]
contracts	Run npm run check	2026-09-10T05:54:13.7436500Z (pass) class adapters snapshot indexed tokens and ignore custom iterators [0.21ms]
contracts	Run npm run check	2026-09-10T05:54:13.7437698Z (pass) class adapters reject invalid declaration inputs before user effects [0.13ms]
contracts	Run npm run check	2026-09-10T05:54:13.7439014Z (pass) class acquisition failures retry and disposal is explicit [0.12ms]
contracts	Run npm run check	2026-09-10T05:54:13.7443022Z (pass) raw and native adapters retain Promise identity and select the disposal value [0.32ms]
contracts	Run npm run check	2026-09-10T05:54:13.7446409Z (pass) raw class adapters preserve thenables and auto rejects them without assimilation [0.35ms]
contracts	Run npm run check	2026-09-10T05:54:13.7449014Z (pass) automatic adapters require runtime classification before acquisition [0.26ms]
contracts	Run npm run check	2026-09-10T05:54:13.7456883Z (pass) module token graphs and selected sharing keep ownership and parent dependencies [0.75ms]
contracts	Run npm run check	2026-09-10T05:54:13.7460019Z (pass) strict root class adapters retain root dependencies through child overrides [0.32ms]
contracts	Run npm run check	2026-09-10T05:54:13.7464393Z (pass) native class acquisition preserves constructed promises and disposes their fulfilled value [0.38ms]
contracts	Run npm run check	2026-09-10T05:54:13.7466703Z (pass) rejected function acquisitions retry with the original Promise return [0.29ms]
contracts	Run npm run check	2026-09-10T05:54:13.7469669Z (pass) constructor proxies retain their acquisition trap and original new.target [0.27ms]
contracts	Run npm run check	2026-09-10T05:54:13.7470210Z 
contracts	Run npm run check	2026-09-10T05:54:13.7470608Z ##[endgroup]
contracts	Run npm run check	2026-09-10T05:54:13.7470810Z 
contracts	Run npm run check	2026-09-10T05:54:13.7471185Z ##[group]tests/package.test.ts:
contracts	Run npm run check	2026-09-10T05:54:16.3589501Z (pass) standalone archive contains root and node entries without removed adapters [0.26ms]
contracts	Run npm run check	2026-09-10T05:54:19.5128269Z (pass) feature library inferred token exports survive declaration emission [3153.82ms]
contracts	Run npm run check	2026-09-10T05:54:19.5678292Z (pass) classic installed commonjs archive rejects removed box package entry points [55.09ms]
contracts	Run npm run check	2026-09-10T05:54:19.6355305Z (pass) classic installed commonjs archive returns the full adversarial oracle [67.65ms]
contracts	Run npm run check	2026-09-10T05:54:19.7299494Z (pass) Node commonjs consumers can resolve and dispose through the public package [94.37ms]
contracts	Run npm run check	2026-09-10T05:54:19.7773670Z (pass) Node commonjs observes local and foreign native subclass state directly [47.46ms]
contracts	Run npm run check	2026-09-10T05:54:21.4828015Z (pass) TypeScript commonjs consumers can use the emitted declarations [1705.37ms]
contracts	Run npm run check	2026-09-10T05:54:22.8377239Z (pass) TypeScript commonjs emitted provider contracts: plugins.ts [1354.92ms]
contracts	Run npm run check	2026-09-10T05:54:24.1353186Z (pass) TypeScript commonjs emitted provider contracts: negative/plugins.ts [1297.55ms]
contracts	Run npm run check	2026-09-10T05:54:25.6851005Z (pass) TypeScript commonjs emitted provider contracts: observers.ts [1549.77ms]
contracts	Run npm run check	2026-09-10T05:54:27.0125992Z (pass) TypeScript commonjs emitted provider contracts: negative/observers.ts [1324.90ms]
contracts	Run npm run check	2026-09-10T05:54:28.6079619Z (pass) TypeScript commonjs emitted provider contracts: contributions.ts [1597.85ms]
contracts	Run npm run check	2026-09-10T05:54:30.5663248Z (pass) TypeScript commonjs emitted provider contracts: negative/contributions.ts [1958.32ms]
contracts	Run npm run check	2026-09-10T05:54:32.4860195Z (pass) TypeScript commonjs emitted provider contracts: aliases.ts [1919.65ms]
contracts	Run npm run check	2026-09-10T05:54:34.5700204Z (pass) TypeScript commonjs emitted provider contracts: negative/aliases.ts [2084.01ms]
contracts	Run npm run check	2026-09-10T05:54:36.0915874Z (pass) TypeScript commonjs emitted provider contracts: dependency-references.ts [1521.58ms]
contracts	Run npm run check	2026-09-10T05:54:37.7885679Z (pass) TypeScript commonjs emitted provider contracts: negative/dependency-references.ts [1696.02ms]
contracts	Run npm run check	2026-09-10T05:54:39.3764935Z (pass) TypeScript commonjs emitted provider contracts: composition-adapters.ts [1588.55ms]
contracts	Run npm run check	2026-09-10T05:54:40.7860342Z (pass) TypeScript commonjs emitted provider contracts: negative/composition-adapters.ts [1409.71ms]
contracts	Run npm run check	2026-09-10T05:54:42.2565562Z (pass) TypeScript commonjs emitted provider contracts: selected-scopes.ts [1468.88ms]
contracts	Run npm run check	2026-09-10T05:54:43.8538338Z (pass) TypeScript commonjs emitted provider contracts: negative/selected-scopes.ts [1598.88ms]
contracts	Run npm run check	2026-09-10T05:54:45.4076825Z (pass) TypeScript commonjs emitted provider contracts: acquisition-mode.ts [1553.78ms]
contracts	Run npm run check	2026-09-10T05:54:46.7283771Z (pass) TypeScript commonjs emitted provider contracts: negative/acquisition-mode.ts [1320.71ms]
contracts	Run npm run check	2026-09-10T05:54:48.0161679Z (pass) TypeScript commonjs emitted provider contracts: scopes.ts [1287.62ms]
contracts	Run npm run check	2026-09-10T05:54:49.3685172Z (pass) TypeScript commonjs emitted provider contracts: negative/scopes.ts [1352.38ms]
contracts	Run npm run check	2026-09-10T05:54:50.9243373Z (pass) TypeScript commonjs emitted provider contracts: lifetimes.ts [1555.82ms]
contracts	Run npm run check	2026-09-10T05:54:52.7920781Z (pass) TypeScript commonjs emitted provider contracts: negative/lifetimes.ts [1867.71ms]
contracts	Run npm run check	2026-09-10T05:54:54.1250819Z (pass) TypeScript commonjs emitted provider contracts: tokens.ts [1332.95ms]
contracts	Run npm run check	2026-09-10T05:54:55.7757850Z (pass) TypeScript commonjs emitted provider contracts: negative/tokens.ts [1650.73ms]
contracts	Run npm run check	2026-09-10T05:54:57.0270247Z (pass) TypeScript commonjs emitted provider contracts: negative/token-modules.ts [1251.21ms]
contracts	Run npm run check	2026-09-10T05:54:58.2311963Z (pass) TypeScript commonjs emitted provider contracts: token-contracts.ts [1204.10ms]
contracts	Run npm run check	2026-09-10T05:54:59.5235508Z (pass) TypeScript commonjs emitted provider contracts: negative/token-contracts.ts [1288.68ms]
contracts	Run npm run check	2026-09-10T05:55:01.2095065Z (pass) TypeScript commonjs emitted provider contracts: providers.ts [1689.60ms]
contracts	Run npm run check	2026-09-10T05:55:02.8246495Z (pass) TypeScript commonjs emitted provider contracts: replacement-context.ts [1614.99ms]
contracts	Run npm run check	2026-09-10T05:55:04.3639676Z (pass) TypeScript commonjs emitted provider contracts: negative/replacement-context.ts [1539.44ms]
contracts	Run npm run check	2026-09-10T05:55:05.7501997Z (pass) TypeScript commonjs emitted provider contracts: negative/provider-boundaries.ts [1386.22ms]
contracts	Run npm run check	2026-09-10T05:55:07.0555184Z (pass) TypeScript commonjs emitted provider contracts: negative/provider-module-metadata.ts [1305.25ms]
contracts	Run npm run check	2026-09-10T05:55:08.3759928Z (pass) TypeScript commonjs emitted provider contracts: negative/provider-projections.ts [1320.51ms]
contracts	Run npm run check	2026-09-10T05:55:08.4130946Z (pass) classic installed module archive rejects removed box package entry points [37.09ms]
contracts	Run npm run check	2026-09-10T05:55:08.4775410Z (pass) classic installed module archive returns the full adversarial oracle [64.41ms]
contracts	Run npm run check	2026-09-10T05:55:08.5721628Z (pass) Node module consumers can resolve and dispose through the public package [94.63ms]
contracts	Run npm run check	2026-09-10T05:55:08.6153545Z (pass) Node module observes local and foreign native subclass state directly [43.24ms]
contracts	Run npm run check	2026-09-10T05:55:10.1766818Z (pass) TypeScript module consumers can use the emitted declarations [1561.23ms]
contracts	Run npm run check	2026-09-10T05:55:11.3852296Z (pass) TypeScript module emitted provider contracts: plugins.ts [1208.58ms]
contracts	Run npm run check	2026-09-10T05:55:12.6170630Z (pass) TypeScript module emitted provider contracts: negative/plugins.ts [1231.66ms]
contracts	Run npm run check	2026-09-10T05:55:13.7784984Z (pass) TypeScript module emitted provider contracts: observers.ts [1161.28ms]
contracts	Run npm run check	2026-09-10T05:55:14.9391837Z (pass) TypeScript module emitted provider contracts: negative/observers.ts [1160.85ms]
contracts	Run npm run check	2026-09-10T05:55:16.4352305Z (pass) TypeScript module emitted provider contracts: contributions.ts [1496.01ms]
contracts	Run npm run check	2026-09-10T05:55:18.6926130Z (pass) TypeScript module emitted provider contracts: negative/contributions.ts [2256.76ms]
contracts	Run npm run check	2026-09-10T05:55:20.4494880Z (pass) TypeScript module emitted provider contracts: aliases.ts [1757.43ms]
contracts	Run npm run check	2026-09-10T05:55:22.3845619Z (pass) TypeScript module emitted provider contracts: negative/aliases.ts [1933.72ms]
contracts	Run npm run check	2026-09-10T05:55:23.7666157Z (pass) TypeScript module emitted provider contracts: dependency-references.ts [1383.40ms]
contracts	Run npm run check	2026-09-10T05:55:25.3344087Z (pass) TypeScript module emitted provider contracts: negative/dependency-references.ts [1567.72ms]
contracts	Run npm run check	2026-09-10T05:55:26.5965574Z (pass) TypeScript module emitted provider contracts: composition-adapters.ts [1262.15ms]
contracts	Run npm run check	2026-09-10T05:55:27.8485215Z (pass) TypeScript module emitted provider contracts: negative/composition-adapters.ts [1251.92ms]
contracts	Run npm run check	2026-09-10T05:55:29.0871027Z (pass) TypeScript module emitted provider contracts: selected-scopes.ts [1238.58ms]
contracts	Run npm run check	2026-09-10T05:55:30.6171414Z (pass) TypeScript module emitted provider contracts: negative/selected-scopes.ts [1530.05ms]
contracts	Run npm run check	2026-09-10T05:55:31.7956385Z (pass) TypeScript module emitted provider contracts: acquisition-mode.ts [1178.49ms]
contracts	Run npm run check	2026-09-10T05:55:32.9060536Z (pass) TypeScript module emitted provider contracts: negative/acquisition-mode.ts [1110.43ms]
contracts	Run npm run check	2026-09-10T05:55:34.4402018Z (pass) TypeScript module emitted provider contracts: scopes.ts [1534.06ms]
contracts	Run npm run check	2026-09-10T05:55:35.7224766Z (pass) TypeScript module emitted provider contracts: negative/scopes.ts [1282.22ms]
contracts	Run npm run check	2026-09-10T05:55:37.3377803Z (pass) TypeScript module emitted provider contracts: lifetimes.ts [1615.34ms]
contracts	Run npm run check	2026-09-10T05:55:39.3237125Z (pass) TypeScript module emitted provider contracts: negative/lifetimes.ts [1985.82ms]
contracts	Run npm run check	2026-09-10T05:55:40.5952246Z (pass) TypeScript module emitted provider contracts: tokens.ts [1271.52ms]
contracts	Run npm run check	2026-09-10T05:55:42.0831229Z (pass) TypeScript module emitted provider contracts: negative/tokens.ts [1487.86ms]
contracts	Run npm run check	2026-09-10T05:55:43.3495572Z (pass) TypeScript module emitted provider contracts: negative/token-modules.ts [1266.41ms]
contracts	Run npm run check	2026-09-10T05:55:44.5832438Z (pass) TypeScript module emitted provider contracts: token-contracts.ts [1233.69ms]
contracts	Run npm run check	2026-09-10T05:55:45.8418956Z (pass) TypeScript module emitted provider contracts: negative/token-contracts.ts [1258.60ms]
contracts	Run npm run check	2026-09-10T05:55:47.2471653Z (pass) TypeScript module emitted provider contracts: providers.ts [1405.29ms]
contracts	Run npm run check	2026-09-10T05:55:48.5810840Z (pass) TypeScript module emitted provider contracts: replacement-context.ts [1333.88ms]
contracts	Run npm run check	2026-09-10T05:55:49.9615466Z (pass) TypeScript module emitted provider contracts: negative/replacement-context.ts [1380.44ms]
contracts	Run npm run check	2026-09-10T05:55:51.5971197Z (pass) TypeScript module emitted provider contracts: negative/provider-boundaries.ts [1635.53ms]
contracts	Run npm run check	2026-09-10T05:55:52.9157335Z (pass) TypeScript module emitted provider contracts: negative/provider-module-metadata.ts [1318.63ms]
contracts	Run npm run check	2026-09-10T05:55:54.2208957Z (pass) TypeScript module emitted provider contracts: negative/provider-projections.ts [1305.15ms]
contracts	Run npm run check	2026-09-10T05:55:55.4128681Z (pass) unchecked Bag construction is rejected through di-bag [1191.96ms]
contracts	Run npm run check	2026-09-10T05:55:57.1581035Z (pass) unchecked Bag construction is rejected through ../src/di-bag [1745.20ms]
contracts	Run npm run check	2026-09-10T05:55:58.3536998Z (pass) unchecked Module construction is rejected through di-bag [1195.53ms]
contracts	Run npm run check	2026-09-10T05:56:00.0297562Z (pass) unchecked Module construction is rejected through ../src/module [1676.08ms]
contracts	Run npm run check	2026-09-10T05:56:01.1840265Z (pass) unchecked Provider construction is rejected through di-bag [1154.21ms]
contracts	Run npm run check	2026-09-10T05:56:02.2349248Z (pass) unchecked Provider construction is rejected through ../src/provider [1050.90ms]
contracts	Run npm run check	2026-09-10T05:56:03.3700317Z (pass) unchecked Token construction is rejected through di-bag [1135.10ms]
contracts	Run npm run check	2026-09-10T05:56:04.3208230Z (pass) unchecked Token construction is rejected through ../src/tokens [950.76ms]
contracts	Run npm run check	2026-09-10T05:56:04.3229957Z 
contracts	Run npm run check	2026-09-10T05:56:04.3230709Z ##[endgroup]
contracts	Run npm run check	2026-09-10T05:56:04.3232730Z 
contracts	Run npm run check	2026-09-10T05:56:04.3233302Z ##[group]tests/benchmark-compiler-controls.test.ts:
contracts	Run npm run check	2026-09-10T05:56:04.3453400Z (pass) negative controls reject a fast compile that lost its marker [0.21ms]
contracts	Run npm run check	2026-09-10T05:56:04.3454918Z (pass) negative controls require exactly one marker at the generated boundary [0.17ms]
contracts	Run npm run check	2026-09-10T05:56:04.3497930Z (pass) valid controls reject diagnostics and case identity substitution [0.06ms]
contracts	Run npm run check	2026-09-10T05:56:04.3524976Z (pass) controls reject invalid work metrics and source provenance drift [0.19ms]
contracts	Run npm run check	2026-09-10T05:56:04.3545257Z (pass) normalizer validates classic work and canonicalizes diagnostic paths [0.44ms]
contracts	Run npm run check	2026-09-10T05:56:04.3546603Z (pass) normalizer extracts native extended metrics without substituting process time [0.09ms]
contracts	Run npm run check	2026-09-10T05:56:04.3562930Z (pass) summary preserves every ordered sample and derives literal statistics [0.54ms]
contracts	Run npm run check	2026-09-10T05:56:04.3564385Z (pass) collector performs five warm-ups then 31 retained samples serially [1.49ms]
contracts	Run npm run check	2026-09-10T05:56:04.3565590Z (pass) catalog contains only the exact nine supported controls [0.38ms]
contracts	Run npm run check	2026-09-10T05:56:04.3567040Z (pass) failed child evidence is journaled before normalization rejects it [0.47ms]
contracts	Run npm run check	2026-09-10T05:56:04.3568127Z (pass) spawn failures are journaled even when no child row exists [0.16ms]
contracts	Run npm run check	2026-09-10T05:56:04.3568754Z 
contracts	Run npm run check	2026-09-10T05:56:04.3569393Z ##[endgroup]
contracts	Run npm run check	2026-09-10T05:56:04.3569726Z 
contracts	Run npm run check	2026-09-10T05:56:04.3570252Z ##[group]tests/platform-evidence.test.ts:
contracts	Run npm run check	2026-09-10T05:56:04.3571210Z (pass) required platform evidence rejects incomplete or unavailable matrices [0.34ms]
contracts	Run npm run check	2026-09-10T05:56:04.3572480Z (pass) local platform identity takes precedence and invalid local identity never falls back [0.73ms]
contracts	Run npm run check	2026-09-10T05:56:04.3574135Z (pass) child evidence rejects noncanonical output, stderr, process failures and the wrong lane [0.55ms]
contracts	Run npm run check	2026-09-10T05:56:04.3912842Z (pass) tool verification rejects explicit unavailability, version drift and hash drift [38.97ms]
contracts	Run npm run check	2026-09-10T05:56:04.3927745Z (pass) tool verification rejects malformed pins and unavailable executables before a lane starts [1.54ms]
contracts	Run npm run check	2026-09-10T05:56:04.3941229Z (pass) pack output requires exactly one archive and empty stderr [1.38ms]
contracts	Run npm run check	2026-09-10T05:56:04.3983462Z (pass) pack output rejects every missing declared export and package document [4.20ms]
contracts	Run npm run check	2026-09-10T05:56:04.4058638Z (pass) packed archive validation catches a missing archive, changed bytes and stale file inventory [7.47ms]
contracts	Run npm run check	2026-09-10T05:56:04.4211455Z (pass) archive inventory is an exact allowlist and package documents match isolated inputs byte-for-byte [15.24ms]
contracts	Run npm run check	2026-09-10T05:56:04.6864095Z (pass) repository manifest verifies every provisioned identity and retains absent tools as unavailable [265.24ms]
contracts	Run npm run check	2026-09-10T05:56:06.9527268Z (pass) isolated classic pack contains only freshly built declared exports and rechecks its hash [2266.28ms]
contracts	Run npm run check	2026-09-10T05:56:06.9569882Z (pass) evidence writer appends stable sorted JSONL under the source/date directory [4.34ms]
contracts	Run npm run check	2026-09-10T05:56:09.2821950Z (pass) platform command writes one sorted matrix and executes every provisioned lane [2325.12ms]
contracts	Run npm run check	2026-09-10T05:56:09.5817536Z (pass) platform evidence module imports under the pinned Node ESM loader [299.52ms]
contracts	Run npm run check	2026-09-10T05:56:09.8858481Z (pass) platform command retains archive failure rows and makes required failures nonzero [304.07ms]
contracts	Run npm run check	2026-09-10T05:56:09.8862711Z (pass) browser metafile parser rejects malformed shapes before resolving inputs [0.53ms]
contracts	Run npm run check	2026-09-10T05:56:09.8863273Z 
contracts	Run npm run check	2026-09-10T05:56:09.8863691Z ##[endgroup]
contracts	Run npm run check	2026-09-10T05:56:09.8866818Z 
contracts	Run npm run check	2026-09-10T05:56:09.8867401Z ##[group]tests/release-artifacts.test.ts:
contracts	Run npm run check	2026-09-10T05:56:09.9001219Z (pass) release documentation contract > adversarial release gates are separately supervised file commands [0.33ms]
contracts	Run npm run check	2026-09-10T05:56:09.9005071Z (pass) release documentation contract > release documents match the frozen package and gate every online command [0.40ms]
contracts	Run npm run check	2026-09-10T05:56:09.9009499Z (pass) release documentation contract > the publication boundary rejects stale, missing, duplicated, and misplaced commands [0.49ms]
contracts	Run npm run check	2026-09-10T05:56:09.9015703Z (pass) release documentation contract > public docs state entry-point, adapter, acquisition, ownership, and release limits [0.62ms]
contracts	Run npm run check	2026-09-10T05:56:09.9017937Z (pass) release artifact scripts > reject unsafe and unsupported manifest arguments [0.22ms]
contracts	Run npm run check	2026-09-10T05:56:09.9018719Z (pass) release artifact scripts > expose guarded parsers and archive inspection [0.02ms]
contracts	Run npm run check	2026-09-10T05:56:09.9019442Z (pass) archive verifier TDD boundary > exports a read-only verifier and strict CLI parser [0.05ms]
contracts	Run npm run check	2026-09-10T05:56:09.9057217Z (pass) safe npm archive parser > returns sorted regular entries and exact package metadata bytes [3.82ms]
contracts	Run npm run check	2026-09-10T05:56:09.9061758Z (pass) safe npm archive parser > rejects absolute name [0.47ms]
contracts	Run npm run check	2026-09-10T05:56:09.9067441Z (pass) safe npm archive parser > rejects traversal [0.57ms]
contracts	Run npm run check	2026-09-10T05:56:09.9071128Z (pass) safe npm archive parser > rejects backslash [0.36ms]
contracts	Run npm run check	2026-09-10T05:56:09.9075091Z (pass) safe npm archive parser > rejects outside package [0.38ms]
contracts	Run npm run check	2026-09-10T05:56:09.9084964Z (pass) safe npm archive parser > rejects duplicate [0.53ms]
contracts	Run npm run check	2026-09-10T05:56:09.9090142Z (pass) safe npm archive parser > rejects prefix collision [0.95ms]
contracts	Run npm run check	2026-09-10T05:56:09.9094872Z (pass) safe npm archive parser > rejects symlink [0.47ms]
contracts	Run npm run check	2026-09-10T05:56:09.9099134Z (pass) safe npm archive parser > rejects hardlink [0.42ms]
contracts	Run npm run check	2026-09-10T05:56:09.9103454Z (pass) safe npm archive parser > rejects fifo [0.42ms]
contracts	Run npm run check	2026-09-10T05:56:09.9108157Z (pass) safe npm archive parser > rejects device [0.46ms]
contracts	Run npm run check	2026-09-10T05:56:09.9112722Z (pass) safe npm archive parser > rejects unknown type [0.44ms]
contracts	Run npm run check	2026-09-10T05:56:09.9119123Z (pass) safe npm archive parser > rejects NUL ambiguity [0.58ms]
contracts	Run npm run check	2026-09-10T05:56:09.9123177Z (pass) safe npm archive parser > rejects entry size ceiling [0.42ms]
contracts	Run npm run check	2026-09-10T05:56:09.9127531Z (pass) safe npm archive parser > rejects checksum [0.42ms]
contracts	Run npm run check	2026-09-10T05:56:09.9131179Z (pass) safe npm archive parser > rejects magic [0.39ms]
contracts	Run npm run check	2026-09-10T05:56:09.9138518Z (pass) safe npm archive parser > rejects numeric NUL suffix [0.43ms]
contracts	Run npm run check	2026-09-10T05:56:09.9144272Z (pass) safe npm archive parser > rejects nonzero padding [0.49ms]
contracts	Run npm run check	2026-09-10T05:56:09.9145653Z (pass) safe npm archive parser > rejects terminator [0.50ms]
contracts	Run npm run check	2026-09-10T05:56:09.9149735Z (pass) safe npm archive parser > rejects trailing junk [0.38ms]
contracts	Run npm run check	2026-09-10T05:56:09.9165137Z (pass) safe npm archive parser > rejects truncated entry [0.42ms]
contracts	Run npm run check	2026-09-10T05:56:09.9165722Z (pass) safe npm archive parser > rejects missing metadata [0.49ms]
contracts	Run npm run check	2026-09-10T05:56:09.9166280Z (pass) safe npm archive parser > rejects invalid and empty gzip bytes [0.58ms]
contracts	Run npm run check	2026-09-10T05:56:09.9175956Z (pass) command evidence runner > parses canonical sorted inputs and preserves argv spaces [1.05ms]
contracts	Run npm run check	2026-09-10T05:56:09.9177052Z (pass) command evidence runner > rejects unsafe argv: bash -c echo hi [0.05ms]
contracts	Run npm run check	2026-09-10T05:56:09.9178047Z (pass) command evidence runner > rejects unsafe argv: npm view di-bag [0.04ms]
contracts	Run npm run check	2026-09-10T05:56:09.9179141Z (pass) command evidence runner > rejects unsafe argv: npm login [0.01ms]
contracts	Run npm run check	2026-09-10T05:56:09.9179685Z (pass) command evidence runner > rejects unsafe argv: npm publish a.tgz
contracts	Run npm run check	2026-09-10T05:56:09.9180378Z (pass) command evidence runner > rejects unsafe argv: npm dist-tag add
contracts	Run npm run check	2026-09-10T05:56:09.9180914Z (pass) command evidence runner > rejects unsafe argv: git push [0.03ms]
contracts	Run npm run check	2026-09-10T05:56:09.9181456Z (pass) command evidence runner > rejects unsafe argv: git tag v1 [0.01ms]
contracts	Run npm run check	2026-09-10T05:56:09.9182029Z (pass) command evidence runner > rejects unsafe argv: node --registry x
contracts	Run npm run check	2026-09-10T05:56:09.9182654Z (pass) command evidence runner > rejects unsafe argv: node https://registry.npmjs.org
contracts	Run npm run check	2026-09-10T05:56:09.9183277Z (pass) command evidence runner > rejects unsafe argv: node &&
contracts	Run npm run check	2026-09-10T05:56:09.9183782Z (pass) command evidence runner > rejects unsafe argv: node -e thing
contracts	Run npm run check	2026-09-10T05:56:09.9184486Z (pass) command evidence runner > rejects unsafe argv: env npm publish x.tgz [0.01ms]
contracts	Run npm run check	2026-09-10T05:56:09.9185053Z (pass) command evidence runner > rejects unsafe argv: env git push
contracts	Run npm run check	2026-09-10T05:56:09.9185600Z (pass) command evidence runner > rejects unsafe argv: npx npm view di-bag
contracts	Run npm run check	2026-09-10T05:56:09.9186114Z (pass) command evidence runner > rejects unsafe argv: bunx tool
contracts	Run npm run check	2026-09-10T05:56:09.9186640Z (pass) command evidence runner > rejects unsafe argv: corepack npm login
contracts	Run npm run check	2026-09-10T05:56:09.9187397Z (pass) command evidence runner > rejects relative, escaping, symlinked, duplicate, and unsupported arguments [0.23ms]
contracts	Run npm run check	2026-09-10T05:56:09.9275083Z (pass) command evidence runner > records stdout, stderr, input hashes, normalized success and record-last evidence [9.28ms]
contracts	Run npm run check	2026-09-10T05:56:09.9756178Z (pass) command evidence runner > rejects timeout, output overflow, nonzero status, and spawn failure without publishing a record [48.01ms]
contracts	Run npm run check	2026-09-10T05:56:09.9764373Z (pass) command evidence runner > rejects injected memory, monitor, signal and spawn outcomes [0.94ms]
contracts	Run npm run check	2026-09-10T05:56:09.9916914Z (pass) command evidence runner > failed reruns and thrown supervisors erase stale success evidence [15.18ms]
contracts	Run npm run check	2026-09-10T05:56:10.0205063Z (pass) command evidence runner > hashes inputs before execution and rolls back orphan logs if record publication fails [28.78ms]
contracts	Run npm run check	2026-09-10T05:56:10.0224768Z (pass) native gap inventory > freezes the exact current zero-gap source authority [2.11ms]
contracts	Run npm run check	2026-09-10T05:56:10.0238120Z (pass) native gap inventory > accepts empty and reviewed fresh inventory while an empty authority rejects a new gap [1.33ms]
contracts	Run npm run check	2026-09-10T05:56:10.0260440Z (pass) native gap inventory > parses the documented relative reviewed root and exact absolute outputs [2.17ms]
contracts	Run npm run check	2026-09-10T05:56:10.0267804Z (pass) release tree hashing > hashes sorted regular paths deterministically [0.77ms]
contracts	Run npm run check	2026-09-10T05:56:10.0298249Z (pass) release tree hashing > rejects empty, symlink, special and unsafe argument layouts [3.01ms]
contracts	Run npm run check	2026-09-10T05:56:10.0301571Z (pass) release tree hashing > detects byte mutations through changed digest [0.35ms]
contracts	Run npm run check	2026-09-10T05:56:10.0320438Z (pass) manifest validation and deterministic projection > manifest fixtures leave root candidate archive existence and bytes unchanged [1.81ms]
contracts	Run npm run check	2026-09-10T05:56:10.0400720Z (pass) manifest validation and deterministic projection > derives immutable archive facts and is deterministic across caller ordering [7.97ms]
contracts	Run npm run check	2026-09-10T05:56:10.0479176Z (pass) manifest validation and deterministic projection > public evidence has no absolute paths and is invariant to final commit and approved observed diff [7.87ms]
contracts	Run npm run check	2026-09-10T05:56:10.0532974Z (pass) manifest validation and deterministic projection > allows canonical SHA-512 SRI only in package integrity fields [5.37ms]
contracts	Run npm run check	2026-09-10T05:56:10.0672747Z (pass) manifest validation and deterministic projection > rejects duplicate/missing packages, bad versions, metadata, pack facts and handoff paths [14.00ms]
contracts	Run npm run check	2026-09-10T05:56:10.0711193Z (pass) manifest validation and deterministic projection > accepts zero reviewed and fresh native gaps and rejects every unexpected fresh occurrence [3.88ms]
contracts	Run npm run check	2026-09-10T05:56:10.0745682Z (pass) manifest validation and deterministic projection > retains nonempty-authority manifest validation for historical candidates [3.37ms]
contracts	Run npm run check	2026-09-10T05:56:10.0796471Z (pass) manifest validation and deterministic projection > rejects failed, malformed-time, duplicate-input and mutated-log command evidence [5.04ms]
contracts	Run npm run check	2026-09-10T05:56:10.0810909Z (pass) manifest validation and deterministic projection > rejects archive containment, symlink escape, absence and replacement facts [1.45ms]
contracts	Run npm run check	2026-09-10T05:56:10.0815745Z (pass) manifest validation and deterministic projection > manifest CLI rejects every non-fixed public target form [0.51ms]
contracts	Run npm run check	2026-09-10T05:56:10.1011000Z (pass) manifest validation and deterministic projection > public projection rejects absolute argv and input paths outside known roots [19.44ms]
contracts	Run npm run check	2026-09-10T05:56:12.3612802Z (pass) archive verifier > independently accepts exact archive, pack, metadata, export, dependency, and public facts [30.32ms]
contracts	Run npm run check	2026-09-10T05:56:12.4966674Z (pass) archive verifier > rejects every archive digest and file-list mismatch [135.36ms]
contracts	Run npm run check	2026-09-10T05:56:12.6789540Z (pass) archive verifier > rejects altered, duplicate, stale, divergent, extra-field, and filename pack JSON [182.29ms]
contracts	Run npm run check	2026-09-10T05:56:12.8600439Z (pass) archive verifier > enforces exact package metadata, exports, and empty dependencies [181.03ms]
contracts	Run npm run check	2026-09-10T05:56:13.1487241Z (pass) archive verifier > rejects malformed dependency, files, and bundled dependency metadata shapes [288.72ms]
contracts	Run npm run check	2026-09-10T05:56:13.8833118Z (pass) archive verifier > rejects forbidden source, test, fixture, dependency, credential, and tarball content [734.51ms]
contracts	Run npm run check	2026-09-10T05:56:14.2030527Z (pass) archive verifier > rejects missing public export pairs and removed adapter entries from archive bytes [319.72ms]
contracts	Run npm run check	2026-09-10T05:56:14.3044968Z (pass) archive verifier > requires byte-identical stable public evidence and rejects missing, stale, malformed, and extra bytes [101.40ms]
contracts	Run npm run check	2026-09-10T05:56:14.3281142Z (pass) archive verifier > rejects malicious archives before creating or running a consumer workdir [23.66ms]
contracts	Run npm run check	2026-09-10T05:56:14.3282482Z (pass) archive verifier > uses one fixed explicit offline install argv with no fallback [0.09ms]
contracts	Run npm run check	2026-09-10T05:56:14.3289952Z (pass) archive verifier > core import tracing rejects bare, self, node builtin, and unresolved relative specifiers [0.84ms]
contracts	Run npm run check	2026-09-10T05:56:15.0347618Z (pass) archive verifier > CLI accepts only canonical contained manifest and empty work directory paths [705.75ms]
contracts	Run npm run check	2026-09-10T05:56:15.0359916Z (pass) archive verifier > direct verifier API rejects outside, relative, aliased, and nonempty work paths before mutation [1.30ms]
contracts	Run npm run check	2026-09-10T05:56:15.9210640Z (pass) archive verifier > binds both declaration compilers to the exact manifest versions before emitting [884.93ms]
contracts	Run npm run check	2026-09-10T05:56:15.9215366Z (pass) archive verifier > matches both I14 diagnostics to their marked regions and expected message fragments [0.50ms]
contracts	Run npm run check	2026-09-10T05:56:18.5401060Z 724 |     expect(matchesReleaseNegativeDiagnostics(source, file, located('unrelated first', 2, 'unrelated second', 4), directory)).toBe(false);
contracts	Run npm run check	2026-09-10T05:56:18.5402867Z 725 |     expect(matchesReleaseNegativeDiagnostics(source, file, located('wanted first', 1, 'wanted second', 2), directory)).toBe(false);
contracts	Run npm run check	2026-09-10T05:56:18.5403736Z 726 |   });
contracts	Run npm run check	2026-09-10T05:56:18.5405178Z 727 |   test('installs owned verified bytes and passes real Node/Bun, CJS/ESM, core-only, and declaration oracles', async () => {
contracts	Run npm run check	2026-09-10T05:56:18.5406222Z 728 |     publish(manifest); const work = resolve(directory, 'real-work'); const result = await verifyReleaseArtifacts(manifestPath, work);
contracts	Run npm run check	2026-09-10T05:56:18.5407054Z 729 |     expect(result, result.failures.join('\n')).toEqual({ ok: true, failures: [] });
contracts	Run npm run check	2026-09-10T05:56:18.5407531Z                                                      ^
contracts	Run npm run check	2026-09-10T05:56:18.5409169Z error: offline consumer verification failed: Error: command failed: {"argv":["/tmp/di-bag-release-candidate/task3-test-2539/checkout/node_modules/.bin/tsc6","-p","/tmp/di-bag-release-candidate/task3-test-2539/real-work/consumer/declarations-classic6-cts/tsconfig.json"],"status":0,"signal":null,"terminationReason":"monitor","stderr":""}
contracts	Run npm run check	2026-09-10T05:56:18.5412883Z 
contracts	Run npm run check	2026-09-10T05:56:18.5413032Z   {
contracts	Run npm run check	2026-09-10T05:56:18.5413335Z -   "failures": [],
contracts	Run npm run check	2026-09-10T05:56:18.5413668Z -   "ok": true,
contracts	Run npm run check	2026-09-10T05:56:18.5414198Z +   "failures": [
contracts	Run npm run check	2026-09-10T05:56:18.5416535Z +     "offline consumer verification failed: Error: command failed: {"argv":["/tmp/di-bag-release-candidate/task3-test-2539/checkout/node_modules/.bin/tsc6","-p","/tmp/di-bag-release-candidate/task3-test-2539/real-work/consumer/declarations-classic6-cts/tsconfig.json"],"status":0,"signal":null,"terminationReason":"monitor","stderr":""}",
contracts	Run npm run check	2026-09-10T05:56:18.5418360Z +   ],
contracts	Run npm run check	2026-09-10T05:56:18.5418608Z +   "ok": false,
contracts	Run npm run check	2026-09-10T05:56:18.5418817Z   }
contracts	Run npm run check	2026-09-10T05:56:18.5418929Z 
contracts	Run npm run check	2026-09-10T05:56:18.5419050Z - Expected  - 2
contracts	Run npm run check	2026-09-10T05:56:18.5419284Z + Received  + 4
contracts	Run npm run check	2026-09-10T05:56:18.5419404Z 
contracts	Run npm run check	2026-09-10T05:56:18.5419742Z       at <anonymous> (/home/runner/work/di-bag/di-bag/tests/release-artifacts.test.ts:729:48)
contracts	Run npm run check	2026-09-10T05:56:18.5420111Z 
contracts	Run npm run check	2026-09-10T05:56:18.5450281Z ##[error]  {
contracts	Run npm run check	-   "failures": [],
contracts	Run npm run check	-   "ok": true,
contracts	Run npm run check	+   "failures": [
contracts	Run npm run check	+     "offline consumer verification failed: Error: command failed: {"argv":["/tmp/di-bag-release-candidate/task3-test-2539/checkout/node_modules/.bin/tsc6","-p","/tmp/di-bag-release-candidate/task3-test-2539/real-work/consumer/declarations-classic6-cts/tsconfig.json"],"status":0,"signal":null,"terminationReason":"monitor","stderr":""}",
contracts	Run npm run check	+   ],
contracts	Run npm run check	+   "ok": false,
contracts	Run npm run check	  }
contracts	Run npm run check	
contracts	Run npm run check	- Expected  - 2
contracts	Run npm run check	+ Received  + 4
contracts	Run npm run check	
contracts	Run npm run check	      at <anonymous> (/home/runner/work/di-bag/di-bag/tests/release-artifacts.test.ts:729:48)
contracts	Run npm run check	2026-09-10T05:56:18.5458970Z (fail) archive verifier > installs owned verified bytes and passes real Node/Bun, CJS/ESM, core-only, and declaration oracles [2618.63ms]
contracts	Run npm run check	2026-09-10T05:56:18.5576512Z (pass) final release audit > validates exactly five roles and produces deterministic non-self-attestation [5.33ms]
contracts	Run npm run check	2026-09-10T05:56:18.5666599Z (pass) final release audit > rejects missing, duplicate, failed, mutated, stale-input and wrong-Git evidence [8.94ms]
contracts	Run npm run check	2026-09-10T05:56:18.6465774Z (pass) final release audit > rejects every invalid retained command field and fixed limit violation [79.93ms]
contracts	Run npm run check	2026-09-10T05:56:18.6470683Z (pass) final release audit > audit CLI rejects wrong output, public location, OIDs, duplicate and extra options [0.53ms]
contracts	Run npm run check	2026-09-10T05:56:18.6483187Z 
contracts	Run npm run check	2026-09-10T05:56:18.6483704Z ##[endgroup]
contracts	Run npm run check	2026-09-10T05:56:18.6487223Z 
contracts	Run npm run check	2026-09-10T05:56:18.6487683Z ##[group]tests/selected-scopes.test.ts:
contracts	Run npm run check	2026-09-10T05:56:18.6509821Z (pass) selected sharing keeps parent dependencies while child overrides stay local [1.22ms]
contracts	Run npm run check	2026-09-10T05:56:18.6514444Z (pass) mixed token selections retain exact borrowed pending values and override bindings [0.51ms]
contracts	Run npm run check	2026-09-10T05:56:18.6518129Z (pass) scope snapshots selections and ignores unselected override getters and tuple iterators [0.39ms]
contracts	Run npm run check	2026-09-10T05:56:18.6524423Z (pass) invalid selections reject before override values or provider effects [0.61ms]
contracts	Run npm run check	2026-09-10T05:56:18.6528259Z (pass) empty selections are lazy and duplicates read each override once [0.39ms]
contracts	Run npm run check	2026-09-10T05:56:18.6531633Z (pass) inherited strict roots keep their graph when a child overrides a dependency as scoped [0.30ms]
contracts	Run npm run check	2026-09-10T05:56:18.6532119Z 
contracts	Run npm run check	2026-09-10T05:56:18.6532472Z ##[endgroup]
contracts	Run npm run check	2026-09-10T05:56:18.6532656Z 
contracts	Run npm run check	2026-09-10T05:56:18.6533056Z ##[group]tests/compiler-case.test.ts:
contracts	Run npm run check	2026-09-10T05:56:18.6543476Z (pass) selected compiler case admits only original matrix identities [0.16ms]
contracts	Run npm run check	2026-09-10T05:56:18.6547839Z (pass) a claimed accepted result cannot hide an original-boundary failure [0.43ms]
contracts	Run npm run check	2026-09-10T05:56:18.6551342Z (pass) direct selected-case calls reject invalid lane and matrix identities before dispatch [0.33ms]
contracts	Run npm run check	2026-09-10T05:56:18.6553299Z (pass) recomputed boundary rejects self-consistent worker evidence at the wrong boundary [0.19ms]
contracts	Run npm run check	2026-09-10T05:56:18.6554653Z (pass) selected evidence rejects sourceCommit drift while compilation runs [0.08ms]
contracts	Run npm run check	2026-09-10T05:56:18.6555461Z (pass) selected evidence rejects sourceStatus drift while compilation runs
contracts	Run npm run check	2026-09-10T05:56:18.6556357Z (pass) selected evidence rejects sourceSha256 drift while compilation runs
contracts	Run npm run check	2026-09-10T05:56:18.6557293Z (pass) selected evidence rejects generatedSha256 drift while compilation runs
contracts	Run npm run check	2026-09-10T05:56:18.6558310Z (pass) native selected evidence preserves the hash of the compiled snapshot [0.22ms]
contracts	Run npm run check	2026-09-10T05:56:18.6559157Z (pass) compiler CLI deterministically selects exit status from simulated evidence [0.05ms]
contracts	Run npm run check	2026-09-10T05:56:18.6559940Z (pass) classic process failures retain compiler identity and complete provenance [0.05ms]
contracts	Run npm run check	2026-09-10T05:56:20.8224984Z (pass) classic selected 100 bulk valid returns verified evidence [2166.57ms]
contracts	Run npm run check	2026-09-10T05:56:22.9602278Z (pass) classic selected 100 bulk missing returns verified evidence [2137.74ms]
contracts	Run npm run check	2026-09-10T05:56:23.1934888Z (pass) native selected 100 bulk valid returns verified evidence [233.24ms]
contracts	Run npm run check	2026-09-10T05:56:23.4015671Z (pass) native selected 100 bulk missing returns verified evidence [208.04ms]
contracts	Run npm run check	2026-09-10T05:56:23.7174833Z (pass) selected compiler CLI rejects an invalid identity without JSON success [315.92ms]
contracts	Run npm run check	2026-09-10T05:56:23.7175463Z 
contracts	Run npm run check	2026-09-10T05:56:23.7176012Z ##[endgroup]
contracts	Run npm run check	2026-09-10T05:56:23.7176203Z 
contracts	Run npm run check	2026-09-10T05:56:23.7176580Z ##[group]tests/scopes.test.ts:
contracts	Run npm run check	2026-09-10T05:56:23.7199067Z (pass) children own fresh acquisitions while independent forks outlive their source [0.79ms]
contracts	Run npm run check	2026-09-10T05:56:23.7206746Z (pass) parent close synchronously closes every descendant admission gate and waits for descendants [0.71ms]
contracts	Run npm run check	2026-09-10T05:56:23.7212739Z (pass) pending child sources may acquire dependencies after parent close starts [0.51ms]
contracts	Run npm run check	2026-09-10T05:56:23.7215929Z (pass) pending acquisition promises deduplicate only within one scope [0.44ms]
contracts	Run npm run check	2026-09-10T05:56:23.7225053Z (pass) nested cleanup failures flatten by registration order despite reversed completion [0.87ms]
contracts	Run npm run check	2026-09-10T05:56:23.7235816Z (pass) independently settled children detach on success and failure without replay [0.60ms]
contracts	Run npm run check	2026-09-10T05:56:23.7237024Z (pass) parent close includes a child already closing until its failure settles [0.52ms]
contracts	Run npm run check	2026-09-10T05:56:23.7253804Z (pass) unexpected child close rejection is retained after parent cleanup [0.39ms]
contracts	Run npm run check	2026-09-10T05:56:23.7255285Z (pass) scope preserves native shadowed-then and raw Promise ownership in configured core [0.62ms]
contracts	Run npm run check	2026-09-10T05:56:23.7256454Z (pass) child projection rollback finishes before a parent-owned finalizer [0.52ms]
contracts	Run npm run check	2026-09-10T05:56:23.7261034Z (pass) scopes retain module-private identities and unchanged public binding metadata [0.92ms]
contracts	Run npm run check	2026-09-10T05:56:23.7265473Z (pass) unchecked scope arguments reject before creating or acquiring a child [0.46ms]
contracts	Run npm run check	2026-09-10T05:56:23.7265954Z 
contracts	Run npm run check	2026-09-10T05:56:23.7266361Z ##[endgroup]
contracts	Run npm run check	2026-09-10T05:56:23.7266736Z 
contracts	Run npm run check	2026-09-10T05:56:23.7267344Z ##[group]tests/enterprise-integration.test.ts:
contracts	Run npm run check	2026-09-10T05:56:23.7290510Z (pass) overlapping requests isolate private dependencies and release scopes before the shared root [1.05ms]
contracts	Run npm run check	2026-09-10T05:56:23.7294427Z (pass) owned-scope fixture preserves handler and cleanup failures without closing twice [0.36ms]
contracts	Run npm run check	2026-09-10T05:56:23.7299081Z (pass) test substitutions retain private module contracts and fresh transient instances [0.49ms]
contracts	Run npm run check	2026-09-10T05:56:23.7313396Z (pass) a dynamically imported module starts private providers and unloads contributions exactly once [1.40ms]
contracts	Run npm run check	2026-09-10T05:56:23.7316103Z (pass) owned-scope fixture preserves a thrown undefined value and cleanup-only failure [0.31ms]
contracts	Run npm run check	2026-09-10T05:56:23.7317856Z (pass) owned-scope work result types follow explicit awaiting of structural thenables [0.17ms]
contracts	Run npm run check	2026-09-10T05:56:23.7322499Z (pass) a fixture whose startup fails releases acquired resources without admitting work [0.41ms]
contracts	Run npm run check	2026-09-10T05:56:23.7323450Z 
contracts	Run npm run check	2026-09-10T05:56:23.7324055Z ##[endgroup]
contracts	Run npm run check	2026-09-10T05:56:23.7324241Z 
contracts	Run npm run check	2026-09-10T05:56:23.7324643Z ##[group]tests/token-modules.test.ts:
contracts	Run npm run check	2026-09-10T05:56:23.7336996Z (pass) exported tokens retarget private module consumers in forks [0.51ms]
contracts	Run npm run check	2026-09-10T05:56:23.7347074Z (pass) private tokens get independent installations and dependency ordered cleanup [0.49ms]
contracts	Run npm run check	2026-09-10T05:56:23.7347876Z (pass) token bindings preserve source reuse, promise identity and public replacement [0.53ms]
contracts	Run npm run check	2026-09-10T05:56:23.7350487Z (pass) fork snapshots mixed selection indices and reads only selected own overrides [0.32ms]
contracts	Run npm run check	2026-09-10T05:56:23.7359280Z (pass) duplicate mixed overrides keep getter order and route final values through private consumers [0.82ms]
contracts	Run npm run check	2026-09-10T05:56:23.7361903Z (pass) invalid token selections preflight before any selected override getter [0.29ms]
contracts	Run npm run check	2026-09-10T05:56:23.7366510Z (pass) runtime duplicate symbols reject atomically and leave builders reusable [0.41ms]
contracts	Run npm run check	2026-09-10T05:56:23.7367118Z 
contracts	Run npm run check	2026-09-10T05:56:23.7367709Z ##[endgroup]
contracts	Run npm run check	2026-09-10T05:56:23.7367904Z 
contracts	Run npm run check	2026-09-10T05:56:23.7368305Z ##[group]tests/persistent-graph.test.ts:
contracts	Run npm run check	2026-09-10T05:56:23.7534959Z (pass) replacement removes obsolete public IDs while earlier versions retain their own values [15.58ms]
contracts	Run npm run check	2026-09-10T05:56:23.7537261Z (pass) replacement counts all public slots and contribution references to a binding [0.32ms]
contracts	Run npm run check	2026-09-10T05:56:23.7541752Z (pass) private aliases protect replaced IDs but public aliases follow current slots [0.40ms]
contracts	Run npm run check	2026-09-10T05:56:23.7543354Z (pass) constructor keeps unused private registrations for explicit preflight and dangling refs for inspection [0.18ms]
contracts	Run npm run check	2026-09-10T05:56:23.7634958Z (pass) shared lexical input maps are snapshotted once per installation [9.14ms]
contracts	Run npm run check	2026-09-10T05:56:23.7936226Z (pass) string collisions, special own keys and same-description symbols stay distinct across updates [29.96ms]
contracts	Run npm run check	2026-09-10T05:56:23.8025922Z (pass) materialized contributions retain order through append and installation without changing old arrays [8.18ms]
contracts	Run npm run check	2026-09-10T05:56:23.8035072Z (pass) root lifetime stays parent-owned after a child overrides one shared public slot [0.50ms]
contracts	Run npm run check	2026-09-10T05:56:23.8035934Z (pass) former public targets are pruned when the last user of a shared lexical snapshot is replaced [0.20ms]
contracts	Run npm run check	2026-09-10T05:56:23.8565600Z (pass) pruning cascades iteratively through displaced lexical targets [52.96ms]
contracts	Run npm run check	2026-09-10T05:56:23.8567381Z (pass) contribution protection uses the once-read input snapshot through public replacement [0.79ms]
contracts	Run npm run check	2026-09-10T05:56:23.8568226Z 
contracts	Run npm run check	2026-09-10T05:56:23.8568793Z ##[endgroup]
contracts	Run npm run check	2026-09-10T05:56:23.8569090Z 
contracts	Run npm run check	2026-09-10T05:56:23.8571758Z ##[group]tests/diagnostic-markers.test.ts:
contracts	Run npm run check	2026-09-10T05:56:23.8594340Z (pass) strict matcher accounts for explicit supplemental diagnostics without splitting regions [0.17ms]
contracts	Run npm run check	2026-09-10T05:56:23.8595621Z (pass) supplement cannot replace a missing primary [0.13ms]
contracts	Run npm run check	2026-09-10T05:56:23.8596487Z (pass) supplement rejects {"code":2345} [0.08ms]
contracts	Run npm run check	2026-09-10T05:56:23.8597319Z (pass) supplement rejects {"file":"/other.ts"} [0.07ms]
contracts	Run npm run check	2026-09-10T05:56:23.8598069Z (pass) supplement rejects {"line":5} [0.03ms]
contracts	Run npm run check	2026-09-10T05:56:23.8598773Z (pass) supplement rejects {"code":2589} [0.02ms]
contracts	Run npm run check	2026-09-10T05:56:23.8599616Z (pass) supplement rejects {"message":"unrelated"} [0.02ms]
contracts	Run npm run check	2026-09-10T05:56:23.8600470Z (pass) unrelated cascades and TS2589 remain unexpected [0.10ms]
contracts	Run npm run check	2026-09-10T05:56:23.8601007Z 
contracts	Run npm run check	2026-09-10T05:56:23.8601599Z ##[endgroup]
contracts	Run npm run check	2026-09-10T05:56:23.8601895Z 
contracts	Run npm run check	2026-09-10T05:56:23.8602364Z ##[group]tests/native-package.test.ts:
contracts	Run npm run check	2026-09-10T05:57:56.3425663Z (pass) native installed contracts and physical downstream declarations from classic6 [92448.48ms]
contracts	Run npm run check	2026-09-10T05:58:58.1307869Z (pass) native installed contracts and physical downstream declarations from native7 [61788.33ms]
contracts	Run npm run check	2026-09-10T05:58:58.1343372Z 
contracts	Run npm run check	2026-09-10T05:58:58.1346406Z ##[endgroup]
contracts	Run npm run check	2026-09-10T05:58:58.1359724Z 
contracts	Run npm run check	2026-09-10T05:58:58.1391185Z ##[group]tests/comparator-contract.test.ts:
contracts	Run npm run check	2026-09-10T05:58:58.1393244Z (pass) admits only a synchronous named graph with singleton, transient and explicit lifecycle semantics [1.76ms]
contracts	Run npm run check	2026-09-10T05:58:58.1394965Z (pass) comparator cannot enter the table with incomplete or forged metadata [0.32ms]
contracts	Run npm run check	2026-09-10T05:58:58.1396532Z (pass) rejects asynchronous construction or resolution from the synchronous common subset [0.22ms]
contracts	Run npm run check	2026-09-10T05:58:58.1986092Z (pass) forbidden rejected async results are consumed before the child exits [64.76ms]
contracts	Run npm run check	2026-09-10T05:58:58.1988884Z (pass) rejects a changed named workload, singleton caching or transient freshness [0.36ms]
contracts	Run npm run check	2026-09-10T05:58:58.1993030Z (pass) rejects missing, partial and failing explicit disposal [0.42ms]
contracts	Run npm run check	2026-09-10T05:58:58.2001356Z (pass) reports absent optional packages as unavailable without inventing adapter rows [0.80ms]
contracts	Run npm run check	2026-09-10T05:58:58.2010747Z (pass) distinguishes unavailable installation from an unreviewed or semantically invalid adapter [0.95ms]
contracts	Run npm run check	2026-09-10T05:58:58.2017707Z (pass) rejects package and adapter identity drift before semantic admission [0.70ms]
contracts	Run npm run check	2026-09-10T05:58:58.2025603Z (pass) comparator CLI mode emits only truthful optional status rows and creates no timing evidence [0.76ms]
contracts	Run npm run check	2026-09-10T05:58:58.2026039Z 
contracts	Run npm run check	2026-09-10T05:58:58.2028725Z ##[endgroup]
contracts	Run npm run check	2026-09-10T05:58:58.2028857Z 
contracts	Run npm run check	2026-09-10T05:58:58.2029138Z ##[group]tests/native-process.test.ts:
contracts	Run npm run check	2026-09-10T05:58:58.2361508Z (pass) supervisor terminates and reaps a live child on monitor EIO [1.66ms]
contracts	Run npm run check	2026-09-10T05:58:58.2367806Z (pass) supervisor terminates and reaps a live child on monitor EACCES [0.70ms]
contracts	Run npm run check	2026-09-10T05:58:58.2375438Z (pass) supervisor terminates and reaps a live child on monitor ENOENT [0.76ms]
contracts	Run npm run check	2026-09-10T05:58:58.2382811Z (pass) supervisor terminates and reaps a live child on monitor ESRCH [0.74ms]
contracts	Run npm run check	2026-09-10T05:58:58.2610368Z (pass) supervisor terminates and reaps a live child on monitor missing VmRSS [22.69ms]
contracts	Run npm run check	2026-09-10T05:58:58.2835937Z (pass) supervisor terminates and reaps a live child on monitor malformed VmRSS [22.55ms]
contracts	Run npm run check	2026-09-10T05:58:58.3739025Z (pass) supervisor drains and reaps a zombie when status reports ENOENT before the exit callback [90.28ms]
contracts	Run npm run check	2026-09-10T05:58:58.4565676Z (pass) supervisor drains and reaps a zombie when status reports ESRCH before the exit callback [82.66ms]
contracts	Run npm run check	2026-09-10T05:58:58.6366454Z (pass) supervisor confirms exit 0 after stale non-zombie status loses VmRSS [180.06ms]
contracts	Run npm run check	2026-09-10T05:58:58.8162264Z (pass) supervisor confirms exit 2 after stale non-zombie status loses VmRSS [179.52ms]
contracts	Run npm run check	2026-09-10T05:58:58.9019035Z (pass) supervisor confirms ESRCH process disappearance before its exit callback runs [85.66ms]
contracts	Run npm run check	2026-09-10T05:58:58.9894552Z (pass) supervisor drains streams and awaits pending sample cleanup for missing VmRSS during exit [87.50ms]
contracts	Run npm run check	2026-09-10T05:58:59.0768689Z (pass) supervisor drains streams and awaits pending sample cleanup for ENOENT after exit [87.42ms]
contracts	Run npm run check	2026-09-10T05:58:59.1663625Z (pass) supervisor drains streams and awaits pending sample cleanup for ESRCH after exit [89.50ms]
contracts	Run npm run check	2026-09-10T05:58:59.2292432Z (pass) monitor termination waits for inherited stdout and stderr to close [62.89ms]
contracts	Run npm run check	2026-09-10T05:58:59.3100633Z (pass) supervisor retains clean child streams and exit status [80.82ms]
contracts	Run npm run check	2026-09-10T05:58:59.3109586Z (pass) failed spawn is explicit evidence [0.97ms]
contracts	Run npm run check	2026-09-10T05:58:59.3332643Z (pass) supervisor terminates and reaps timeout child [22.23ms]
contracts	Run npm run check	2026-09-10T05:58:59.3561858Z (pass) supervisor terminates and reaps memory child [22.91ms]
contracts	Run npm run check	2026-09-10T05:58:59.3843137Z (pass) supervisor terminates and reaps output child [28.09ms]
contracts	Run npm run check	2026-09-10T05:58:59.3846022Z (pass) invalid limits and unsupported platforms fail before spawning [0.34ms]
contracts	Run npm run check	2026-09-10T05:58:59.4133352Z (pass) output overflow remains byte bounded when UTF8 is cut within a character [28.68ms]
contracts	Run npm run check	2026-09-10T05:58:59.4133791Z 
contracts	Run npm run check	2026-09-10T05:58:59.4134361Z ##[endgroup]
contracts	Run npm run check	2026-09-10T05:58:59.4136380Z 
contracts	Run npm run check	2026-09-10T05:58:59.4136818Z ##[group]tests/selected-scope-runtime.test.ts:
contracts	Run npm run check	2026-09-10T05:58:59.4164228Z (pass) selected service borrows parent configuration and ownership while child config is overridden [1.24ms]
contracts	Run npm run check	2026-09-10T05:58:59.4167703Z (pass) scoped sharing selects the immediate parent and must be selected again by grandchildren [0.36ms]
contracts	Run npm run check	2026-09-10T05:58:59.4173653Z (pass) child-defined roots anchor their graph while inherited roots construct in the original graph [0.59ms]
contracts	Run npm run check	2026-09-10T05:58:59.4178590Z (pass) shared pending promises deduplicate and failed acquisitions retry at the owner [0.48ms]
contracts	Run npm run check	2026-09-10T05:58:59.4185255Z (pass) closing a borrower leaves the pending owner context and finalizer intact [0.50ms]
contracts	Run npm run check	2026-09-10T05:58:59.4190147Z (pass) pending child sources discover shared parent dependencies during tree close [0.58ms]
contracts	Run npm run check	2026-09-10T05:58:59.4193492Z (pass) strict child roots reject shared scoped dependencies before reading a cached owner [0.33ms]
contracts	Run npm run check	2026-09-10T05:58:59.4196384Z (pass) shared dependency edges detect cycles through retained owner proxies [0.30ms]
contracts	Run npm run check	2026-09-10T05:58:59.4199766Z (pass) shared module bindings preserve lexical private dependencies despite child public replacements [0.30ms]
contracts	Run npm run check	2026-09-10T05:58:59.4202834Z (pass) synchronous shared owner reentry detects a cycle across acquisition owners [0.31ms]
contracts	Run npm run check	2026-09-10T05:58:59.4206731Z (pass) a ready projection retains source permission for late shared reads [0.38ms]
contracts	Run npm run check	2026-09-10T05:58:59.4208338Z (pass) a failed projection retains source permission for late shared reads [0.17ms]
contracts	Run npm run check	2026-09-10T05:58:59.4215263Z (pass) completed and retired child proxies cannot borrow another source closing permission for shared reads [0.32ms]
contracts	Run npm run check	2026-09-10T05:58:59.4216094Z 
contracts	Run npm run check	2026-09-10T05:58:59.4216715Z ##[endgroup]
contracts	Run npm run check	2026-09-10T05:58:59.4216983Z 
contracts	Run npm run check	2026-09-10T05:58:59.4217487Z ##[group]tests/tokens.test.ts:
contracts	Run npm run check	2026-09-10T05:58:59.4230546Z (pass) token symbols participate in the same acquisition graph [0.53ms]
contracts	Run npm run check	2026-09-10T05:58:59.4232120Z (pass) handles authenticate identity and capture a receiver-free symbol [0.21ms]
contracts	Run npm run check	2026-09-10T05:58:59.4236997Z (pass) indexed snapshots ignore iterators and caller mutations [0.45ms]
contracts	Run npm run check	2026-09-10T05:58:59.4238490Z (pass) invalid selections fail before callbacks and binding transforms [0.18ms]
contracts	Run npm run check	2026-09-10T05:58:59.4241770Z (pass) same actual symbols and repeated token reads reuse one cache slot [0.29ms]
contracts	Run npm run check	2026-09-10T05:58:59.4244495Z (pass) distinct symbols with the same description resolve independent slots [0.25ms]
contracts	Run npm run check	2026-09-10T05:58:59.4250039Z (pass) symbol dependencies follow lexical private and public references [0.52ms]
contracts	Run npm run check	2026-09-10T05:58:59.4255325Z (pass) token and named cycles report symbol labels in both entry orders [0.57ms]
contracts	Run npm run check	2026-09-10T05:58:59.4260895Z (pass) rejected token acquisitions retry without awaiting callback arguments [0.38ms]
contracts	Run npm run check	2026-09-10T05:58:59.4264701Z (pass) late named reads from a token-bound source retain close permission and disposal order [0.49ms]
contracts	Run npm run check	2026-09-10T05:58:59.4266773Z (pass) undeclared well-known symbol reads remain undefined [0.24ms]
contracts	Run npm run check	2026-09-10T05:58:59.4272159Z (pass) binding views and transformations retain frozen source selection without mutating inputs [0.48ms]
contracts	Run npm run check	2026-09-10T05:58:59.4273188Z 
contracts	Run npm run check	2026-09-10T05:58:59.4273777Z ##[endgroup]
contracts	Run npm run check	2026-09-10T05:58:59.4276751Z 
contracts	Run npm run check	2026-09-10T05:58:59.4277702Z ##[group]tests/incremental-scale.test.ts:
contracts	Run npm run check	2026-09-10T05:59:02.0347133Z (pass) incremental compiler work: 100 named additions [2606.78ms]
contracts	Run npm run check	2026-09-10T05:59:04.8980488Z (pass) incremental compiler work: 100 named replacements [2863.33ms]
contracts	Run npm run check	2026-09-10T05:59:08.1760463Z (pass) incremental compiler work: 100 token bindings [3277.96ms]
contracts	Run npm run check	2026-09-10T05:59:08.1760918Z 
contracts	Run npm run check	2026-09-10T05:59:08.1761326Z ##[endgroup]
contracts	Run npm run check	2026-09-10T05:59:08.1762016Z 
contracts	Run npm run check	2026-09-10T05:59:08.1762408Z ##[group]tests/persistent-map.test.ts:
contracts	Run npm run check	2026-09-10T05:59:08.1807893Z (pass) collision replacement and deletion preserve other keys and earlier versions [3.85ms]
contracts	Run npm run check	2026-09-10T05:59:08.1960792Z (pass) mixed insert/delete operations agree with an independent native map [15.26ms]
contracts	Run npm run check	2026-09-10T05:59:08.1961310Z 
contracts	Run npm run check	2026-09-10T05:59:08.1961703Z ##[endgroup]
contracts	Run npm run check	2026-09-10T05:59:08.1963017Z 
contracts	Run npm run check	2026-09-10T05:59:08.1963590Z ##[group]tests/runtime.test.ts:
contracts	Run npm run check	2026-09-10T05:59:08.1977635Z (pass) sync diamond dependencies are created once and stay synchronous [0.40ms]
contracts	Run npm run check	2026-09-10T05:59:08.1978643Z (pass) undefined is memoized [0.13ms]
contracts	Run npm run check	2026-09-10T05:59:08.1981828Z (pass) a creating undefined-valued factory cannot be returned through reentrant resolution [0.27ms]
contracts	Run npm run check	2026-09-10T05:59:08.1984316Z (pass) forward registration and forks use independent memoization [0.24ms]
contracts	Run npm run check	2026-09-10T05:59:08.1985430Z (pass) synchronous factory failure can be retried [0.13ms]
contracts	Run npm run check	2026-09-10T05:59:08.1988828Z (pass) ending one builder twice and forking create fresh owned roots [0.31ms]
contracts	Run npm run check	2026-09-10T05:59:08.1993621Z (pass) async dependencies remain explicit and concurrent resolutions share a promise [0.42ms]
contracts	Run npm run check	2026-09-10T05:59:08.1995894Z (pass) synchronous cycles include their dependency path [0.24ms]
contracts	Run npm run check	2026-09-10T05:59:08.1996627Z (pass) prototype properties are not factories [0.10ms]
contracts	Run npm run check	2026-09-10T05:59:08.1998930Z (pass) async factory rejections can be retried [0.19ms]
contracts	Run npm run check	2026-09-10T05:59:08.2001198Z (pass) synchronous failure discards abandoned edges before retrying another token [0.21ms]
contracts	Run npm run check	2026-09-10T05:59:08.2005404Z (pass) async failure discards abandoned edges before retrying another token [0.42ms]
contracts	Run npm run check	2026-09-10T05:59:08.2008784Z (pass) then inspection failure discards outgoing edges before another token retries [0.32ms]
contracts	Run npm run check	2026-09-10T05:59:08.2013106Z (pass) cycles discovered after await reject instead of hanging [0.44ms]
contracts	Run npm run check	2026-09-10T05:59:08.2013569Z 
contracts	Run npm run check	2026-09-10T05:59:08.2014070Z ##[endgroup]
contracts	Run npm run check	2026-09-10T05:59:08.2014253Z 
contracts	Run npm run check	2026-09-10T05:59:08.2014666Z ##[group]tests/native-diagnostic-markers.test.ts:
contracts	Run npm run check	2026-09-10T05:59:08.2025587Z (pass) known native overload rejection retains its unmet useful requirement separately [0.33ms]
contracts	Run npm run check	2026-09-10T05:59:08.2026618Z (pass) native gap rejects unknown declaration [0.12ms]
contracts	Run npm run check	2026-09-10T05:59:08.2027241Z (pass) native gap rejects malformed declaration [0.02ms]
contracts	Run npm run check	2026-09-10T05:59:08.2027907Z (pass) native gap rejects duplicate declaration [0.03ms]
contracts	Run npm run check	2026-09-10T05:59:08.2034938Z (pass) native gap rejects misplaced declaration [0.03ms]
contracts	Run npm run check	2026-09-10T05:59:08.2037478Z (pass) native gap rejects not adjacent [0.03ms]
contracts	Run npm run check	2026-09-10T05:59:08.2038447Z (pass) native gap rejects stale declaration [0.01ms]
contracts	Run npm run check	2026-09-10T05:59:08.2039167Z (pass) native gap rejects wrong code [0.02ms]
contracts	Run npm run check	2026-09-10T05:59:08.2039830Z (pass) native gap rejects wrong full message [0.03ms]
contracts	Run npm run check	2026-09-10T05:59:08.2040465Z (pass) native gap rejects wrong file [0.02ms]
contracts	Run npm run check	2026-09-10T05:59:08.2041069Z (pass) native gap rejects wrong region [0.02ms]
contracts	Run npm run check	2026-09-10T05:59:08.2041689Z (pass) native gap rejects absent error [0.01ms]
contracts	Run npm run check	2026-09-10T05:59:08.2042232Z (pass) native gap rejects TS2589
contracts	Run npm run check	2026-09-10T05:59:08.2042778Z (pass) native gap rejects duplicate error [0.01ms]
contracts	Run npm run check	2026-09-10T05:59:08.2043400Z (pass) native gap rejects unrelated extra [0.02ms]
contracts	Run npm run check	2026-09-10T05:59:08.2044033Z (pass) native gap rejects no declaration [0.03ms]
contracts	Run npm run check	2026-09-10T05:59:08.2044522Z (pass) native gap cannot replace a supplemental expectation [0.07ms]
contracts	Run npm run check	2026-09-10T05:59:08.2045439Z (pass) union and open-template fingerprints require their own exact declarations [0.15ms]
contracts	Run npm run check	2026-09-10T05:59:08.2046423Z (pass) native gap cannot satisfy a different primary even when that primary matches its fingerprint [0.06ms]
contracts	Run npm run check	2026-09-10T05:59:08.2046822Z 
contracts	Run npm run check	2026-09-10T05:59:08.2047095Z ##[endgroup]
contracts	Run npm run check	2026-09-10T05:59:08.2047223Z 
contracts	Run npm run check	2026-09-10T05:59:08.2047476Z ##[group]tests/native-compiler.test.ts:
contracts	Run npm run check	2026-09-10T05:59:08.2048003Z (pass) parser retains real native multiline diagnostics, positions and metrics [0.10ms]
contracts	Run npm run check	2026-09-10T05:59:08.2048657Z (pass) parser exposes configuration errors, TS2589 and unknown output [0.07ms]
contracts	Run npm run check	2026-09-10T05:59:08.2049338Z (pass) source marker gate rejects wrong file, region, message, TS2589 and unmatched cascades [0.21ms]
contracts	Run npm run check	2026-09-10T05:59:09.0920500Z (pass) verified native executable checks real nonempty valid and invalid projects [887.37ms]
contracts	Run npm run check	2026-09-10T05:59:09.2827422Z (pass) native small control bulk valid [190.75ms]
contracts	Run npm run check	2026-09-10T05:59:09.4810471Z (pass) native small control bulk missing [198.24ms]
contracts	Run npm run check	2026-09-10T05:59:10.2622658Z (pass) native small control bindings valid [781.21ms]
contracts	Run npm run check	2026-09-10T05:59:11.0254091Z (pass) native small control bindings missing-final-token [763.09ms]
contracts	Run npm run check	2026-09-10T05:59:11.0254502Z 
contracts	Run npm run check	2026-09-10T05:59:11.0254861Z ##[endgroup]
contracts	Run npm run check	2026-09-10T05:59:11.0263242Z 
contracts	Run npm run check	2026-09-10T05:59:11.0264005Z ##[group]tests/benchmark-types.test.ts:
contracts	Run npm run check	2026-09-10T05:59:11.0276764Z (pass) parent evaluator validates untrusted worker evidence and preserves requested identities [0.67ms]
contracts	Run npm run check	2026-09-10T05:59:11.3420399Z (pass) benchmark rejects unsupported flags: --native --native [314.30ms]
contracts	Run npm run check	2026-09-10T05:59:11.6526232Z (pass) benchmark rejects unsupported flags: --tokens --tokens [310.56ms]
contracts	Run npm run check	2026-09-10T05:59:11.9666185Z (pass) benchmark rejects unsupported flags: --unknown [313.99ms]
contracts	Run npm run check	2026-09-10T05:59:12.2878510Z (pass) benchmark rejects unsupported flags: --native --tokens --unknown [321.22ms]
contracts	Run npm run check	2026-09-10T05:59:13.5422601Z (pass) named benchmark boundary: 100 bulk valid [1254.36ms]
contracts	Run npm run check	2026-09-10T05:59:14.7832249Z (pass) named benchmark boundary: 100 bulk missing [1240.92ms]
contracts	Run npm run check	2026-09-10T05:59:15.9757684Z (pass) named benchmark boundary: 100 bulk wrong-shape [1192.52ms]
contracts	Run npm run check	2026-09-10T05:59:18.3760786Z (pass) named benchmark boundary: 100 chained valid [2400.31ms]
contracts	Run npm run check	2026-09-10T05:59:20.8988238Z (pass) named benchmark boundary: 100 chained missing [2522.72ms]
contracts	Run npm run check	2026-09-10T05:59:23.1499018Z (pass) named benchmark boundary: 100 chained wrong-shape [2251.07ms]
contracts	Run npm run check	2026-09-10T05:59:24.2914490Z (pass) named benchmark boundary: 100 grouped valid [1141.53ms]
contracts	Run npm run check	2026-09-10T05:59:25.3925099Z (pass) named benchmark boundary: 100 grouped missing [1098.61ms]
contracts	Run npm run check	2026-09-10T05:59:26.4284508Z (pass) named benchmark boundary: 100 grouped wrong-shape [1038.26ms]
contracts	Run npm run check	2026-09-10T05:59:29.1215535Z (pass) named benchmark boundary: 100 replacement valid [2691.26ms]
contracts	Run npm run check	2026-09-10T05:59:31.8717206Z (pass) named benchmark boundary: 100 replacement missing [2751.97ms]
contracts	Run npm run check	2026-09-10T05:59:34.6475191Z (pass) named benchmark boundary: 100 replacement wrong-shape [2775.52ms]
contracts	Run npm run check	2026-09-10T05:59:37.2541440Z (pass) named benchmark worker retains complete boundary diagnostics [2606.92ms]
contracts	Run npm run check	2026-09-10T05:59:40.5113063Z (pass) token worker defaults a valid invocation to 100 services [3257.11ms]
contracts	Run npm run check	2026-09-10T05:59:43.8063046Z (pass) token worker accepts an explicit supported count [3295.04ms]
contracts	Run npm run check	2026-09-10T05:59:44.0955644Z (pass) token worker rejects an extra argument before compilation [289.15ms]
contracts	Run npm run check	2026-09-10T05:59:44.3798104Z (pass) token worker rejects count zero before compilation [284.29ms]
contracts	Run npm run check	2026-09-10T05:59:44.6711626Z (pass) token worker rejects an unsupported count before compilation [291.33ms]
contracts	Run npm run check	2026-09-10T05:59:44.9665739Z (pass) token worker rejects an invalid form before compilation [295.38ms]
contracts	Run npm run check	2026-09-10T05:59:45.2612350Z (pass) token worker rejects an invalid scenario before compilation [294.70ms]
contracts	Run npm run check	2026-09-10T05:59:45.2714803Z 
contracts	Run npm run check	2026-09-10T05:59:45.2715445Z ##[endgroup]
contracts	Run npm run check	2026-09-10T05:59:45.2718284Z 
contracts	Run npm run check	2026-09-10T05:59:45.2718842Z ##[group]tests/types.test.ts:
contracts	Run npm run check	2026-09-10T05:59:46.6380326Z (pass) observers retain exact inferred cross-file contracts [1361.62ms]
contracts	Run npm run check	2026-09-10T05:59:47.9050735Z (pass) plugins retain exact inferred cross-file contracts [1265.55ms]
contracts	Run npm run check	2026-09-10T05:59:49.0386201Z (pass) final adversarial integration retains exact inferred cross-file contracts [1135.01ms]
contracts	Run npm run check	2026-09-10T05:59:50.3946871Z (pass) contributions retain exact inferred cross-file contracts [1356.09ms]
contracts	Run npm run check	2026-09-10T05:59:51.8442212Z (pass) aliases retain exact inferred cross-file contracts [1449.47ms]
contracts	Run npm run check	2026-09-10T05:59:53.0275283Z (pass) dependency references retain exact inferred cross-file contracts [1183.27ms]
contracts	Run npm run check	2026-09-10T05:59:54.0475656Z (pass) composition adapters retain exact inferred cross-file contracts [1019.98ms]
contracts	Run npm run check	2026-09-10T05:59:55.0607131Z (pass) selected scopes retain exact inferred cross-file contracts [1013.13ms]
contracts	Run npm run check	2026-09-10T05:59:56.0570438Z (pass) startup and contextual providers retain exact inferred cross-file contracts [996.27ms]
contracts	Run npm run check	2026-09-10T05:59:57.2735614Z (pass) lifetime declarations retain exact inferred cross-file contracts [1216.49ms]
contracts	Run npm run check	2026-09-10T05:59:59.8315134Z (pass) lifetimes inferred exports survive declaration consumption [2557.97ms]
contracts	Run npm run check	2026-09-10T06:00:02.7162597Z (pass) composition-adapters inferred exports survive declaration consumption [2884.78ms]
contracts	Run npm run check	2026-09-10T06:00:05.5354260Z (pass) dependency-references inferred exports survive declaration consumption [2819.06ms]
contracts	Run npm run check	2026-09-10T06:00:08.5567212Z (pass) aliases inferred exports survive declaration consumption [3021.32ms]
contracts	Run npm run check	2026-09-10T06:00:11.2278678Z (pass) contributions inferred exports survive declaration consumption [2671.12ms]
contracts	Run npm run check	2026-09-10T06:00:13.6321559Z (pass) observers inferred exports survive declaration consumption [2404.27ms]
contracts	Run npm run check	2026-09-10T06:00:15.8955457Z (pass) plugins inferred exports survive declaration consumption [2262.85ms]
contracts	Run npm run check	2026-09-10T06:00:18.5708341Z (pass) final-adversarial-integration inferred exports survive declaration consumption [2675.75ms]
contracts	Run npm run check	2026-09-10T06:00:19.8016461Z (pass) acquisition modes retain exact acquired values across inferred exports [1230.79ms]
contracts	Run npm run check	2026-09-10T06:00:20.9844644Z (pass) token modules preserve exact cross-file contracts [1182.77ms]
contracts	Run npm run check	2026-09-10T06:00:22.2316130Z (pass) public token composition preserves exact outputs and frames [1247.14ms]
contracts	Run npm run check	2026-09-10T06:00:23.4064580Z (pass) token contracts preserve exact identities and provider graphs [1174.77ms]
contracts	Run npm run check	2026-09-10T06:00:24.6952559Z (pass) replacement context preserves exact contracts from surviving consumers [1288.79ms]
contracts	Run npm run check	2026-09-10T06:00:25.9236287Z (pass) incremental checks preserve forward, replacement and frame contracts [1228.38ms]
contracts	Run npm run check	2026-09-10T06:00:27.0229563Z (pass) incremental projection candidates preserve replacement and resolved contracts [1099.27ms]
contracts	Run npm run check	2026-09-10T06:00:28.0980954Z (pass) incremental module installation preserves private, forward, and token contracts [1075.11ms]
contracts	Run npm run check	2026-09-10T06:00:29.2312969Z (pass) incremental module declarations retain exact results and token outputs [1133.18ms]
contracts	Run npm run check	2026-09-10T06:00:30.2612678Z (pass) builder views preserve exact accepted registration histories [1030.00ms]
contracts	Run npm run check	2026-09-10T06:00:31.3447352Z (pass) supported replacement wrappers and reflected methods stay exact and non-any [1083.40ms]
contracts	Run npm run check	2026-09-10T06:00:32.3881786Z (pass) replacement reflection preserves utility soundness and module history [1043.42ms]
contracts	Run npm run check	2026-09-10T06:00:33.4242633Z (pass) modern inline inference retains exact contracts [1036.10ms]
contracts	Run npm run check	2026-09-10T06:00:34.7946557Z (pass) native acquisition metadata preserves exact outputs, requirements and frames [1366.14ms]
contracts	Run npm run check	2026-09-10T06:00:36.3161987Z (pass) typed provider metadata survives checked composition and inspection [1525.74ms]
contracts	Run npm run check	2026-09-10T06:00:37.6119968Z (pass) named modules preserve contracts across a file boundary [1295.78ms]
contracts	Run npm run check	2026-09-10T06:00:38.6805466Z (pass) valid composition preserves inferred values and explicit promise edges [1068.51ms]
contracts	Run npm run check	2026-09-10T06:00:39.8938077Z (pass) registration boundaries preserve selected keys and exact factory types [1213.23ms]
contracts	Run npm run check	2026-09-10T06:00:41.0502543Z (pass) scope preserves exact inferred contracts across a source boundary [1156.44ms]
contracts	Run npm run check	2026-09-10T06:00:42.3154481Z (pass) inline method-returning factories preserve exact types: add [1265.14ms]
contracts	Run npm run check	2026-09-10T06:00:43.4252068Z (pass) inline method-returning factories preserve exact types: fork [1109.78ms]
contracts	Run npm run check	2026-09-10T06:00:44.4300048Z (pass) inline method-returning factories preserve exact types: disposal [1004.78ms]
contracts	Run npm run check	2026-09-10T06:00:45.4698891Z (pass) type rejection: fork-wrong-shape.ts [1039.84ms]
contracts	Run npm run check	2026-09-10T06:00:46.5515962Z (pass) type rejection: final-adversarial-integration.ts [1081.69ms]
contracts	Run npm run check	2026-09-10T06:00:47.5127121Z (pass) type rejection: missing.ts [961.09ms]
contracts	Run npm run check	2026-09-10T06:00:48.5176747Z (pass) type rejection: object-registrations.ts [1004.92ms]
contracts	Run npm run check	2026-09-10T06:00:49.5355031Z (pass) type rejection: inline-wrong-shape.ts [1017.81ms]
contracts	Run npm run check	2026-09-10T06:00:50.8694919Z (pass) type rejection: object-overrides.ts [1333.96ms]
contracts	Run npm run check	2026-09-10T06:00:52.2095588Z (pass) type rejection: startup.ts [1339.32ms]
contracts	Run npm run check	2026-09-10T06:00:53.2800982Z (pass) type rejection: boolean-registrations.ts [1071.27ms]
contracts	Run npm run check	2026-09-10T06:00:54.3582592Z (pass) type rejection: forward-wrong-shape.ts [1078.20ms]
contracts	Run npm run check	2026-09-10T06:00:55.4468567Z (pass) type rejection: module-missing.ts [1088.57ms]
contracts	Run npm run check	2026-09-10T06:00:56.5963676Z (pass) type rejection: provider-projections.ts [1149.45ms]
contracts	Run npm run check	2026-09-10T06:00:57.6785349Z (pass) type rejection: fork-missing.ts [1082.12ms]
contracts	Run npm run check	2026-09-10T06:00:58.7263417Z (pass) type rejection: inline-replacement-wrong-shape.ts [1047.80ms]
contracts	Run npm run check	2026-09-10T06:00:59.8468916Z (pass) type rejection: scopes.ts [1120.58ms]
contracts	Run npm run check	2026-09-10T06:01:00.8777613Z (pass) type rejection: primitive-parameter.ts [1030.79ms]
contracts	Run npm run check	2026-09-10T06:01:01.9085127Z (pass) type rejection: async-resolve.ts [1030.76ms]
contracts	Run npm run check	2026-09-10T06:01:02.9945224Z (pass) type rejection: incremental-modules.ts [1085.71ms]
contracts	Run npm run check	2026-09-10T06:01:03.9966507Z (pass) type rejection: fork-dependency-shape.ts [1002.41ms]
contracts	Run npm run check	2026-09-10T06:01:05.0584685Z (pass) type rejection: required-this.ts [1061.76ms]
contracts	Run npm run check	2026-09-10T06:01:06.0634439Z (pass) type rejection: disposer-wrong-shape.ts [1004.90ms]
contracts	Run npm run check	2026-09-10T06:01:07.5405931Z (pass) type rejection: replacement-reflection.ts [1476.88ms]
contracts	Run npm run check	2026-09-10T06:01:08.7015545Z (pass) type rejection: template-registrations.ts [1160.01ms]
contracts	Run npm run check	2026-09-10T06:01:09.9352554Z (pass) type rejection: spread-disposal.ts [1233.64ms]
contracts	Run npm run check	2026-09-10T06:01:11.0754971Z (pass) type rejection: module-hidden-private-needs.ts [1141.36ms]
contracts	Run npm run check	2026-09-10T06:01:12.0951167Z (pass) type rejection: invalid-registration.ts [1019.66ms]
contracts	Run npm run check	2026-09-10T06:01:13.1478908Z (pass) type rejection: wrong-shape.ts [1052.75ms]
contracts	Run npm run check	2026-09-10T06:01:14.6205132Z (pass) type rejection: dependency-references.ts [1472.59ms]
contracts	Run npm run check	2026-09-10T06:01:15.8032489Z (pass) type rejection: provider-boundaries.ts [1181.72ms]
contracts	Run npm run check	2026-09-10T06:01:17.1089201Z (pass) type rejection: module-narrowing.ts [1306.64ms]
contracts	Run npm run check	2026-09-10T06:01:18.2030371Z (pass) type rejection: incremental-projections.ts [1094.04ms]
contracts	Run npm run check	2026-09-10T06:01:19.2504398Z (pass) type rejection: inline-fork-extra.ts [1047.36ms]
contracts	Run npm run check	2026-09-10T06:01:20.2404613Z (pass) type rejection: optional-parameter.ts [989.98ms]
contracts	Run npm run check	2026-09-10T06:01:21.3241586Z (pass) type rejection: composition-adapters.ts [1083.69ms]
contracts	Run npm run check	2026-09-10T06:01:22.4405167Z (pass) type rejection: token-contracts.ts [1113.29ms]
contracts	Run npm run check	2026-09-10T06:01:23.8950537Z (pass) type rejection: fork-selection.ts [1457.58ms]
contracts	Run npm run check	2026-09-10T06:01:25.1134680Z (pass) type rejection: acquisition-mode.ts [1218.39ms]
contracts	Run npm run check	2026-09-10T06:01:26.4812875Z (pass) type rejection: incremental.ts [1367.83ms]
contracts	Run npm run check	2026-09-10T06:01:28.2710113Z (pass) type rejection: contributions.ts [1789.69ms]
contracts	Run npm run check	2026-09-10T06:01:29.3546027Z (pass) type rejection: union-replace.ts [1083.52ms]
contracts	Run npm run check	2026-09-10T06:01:30.7480070Z (pass) type rejection: replacement-context.ts [1393.47ms]
contracts	Run npm run check	2026-09-10T06:01:31.8554081Z (pass) type rejection: modern-inline.ts [1107.32ms]
contracts	Run npm run check	2026-09-10T06:01:32.8832595Z (pass) type rejection: fork-extra.ts [1027.87ms]
contracts	Run npm run check	2026-09-10T06:01:33.9174269Z (pass) type rejection: inline-fork-wrong-shape.ts [1034.07ms]
contracts	Run npm run check	2026-09-10T06:01:34.9279208Z (pass) type rejection: callable-parameter.ts [1010.50ms]
contracts	Run npm run check	2026-09-10T06:01:35.9873111Z (pass) type rejection: acquisition-metadata.ts [1059.38ms]
contracts	Run npm run check	2026-09-10T06:01:37.0050776Z (pass) type rejection: async-dependency.ts [1017.72ms]
contracts	Run npm run check	2026-09-10T06:01:38.0029678Z (pass) type rejection: inline-fork-missing.ts [997.89ms]
contracts	Run npm run check	2026-09-10T06:01:39.0009452Z (pass) type rejection: module-private.ts [997.94ms]
contracts	Run npm run check	2026-09-10T06:01:40.4045151Z (pass) type rejection: replacement-wrong-shape.ts [1403.55ms]
contracts	Run npm run check	2026-09-10T06:01:41.7890632Z (pass) type rejection: builder-views.ts [1384.55ms]
contracts	Run npm run check	2026-09-10T06:01:42.9589910Z (pass) type rejection: duplicate-add.ts [1169.92ms]
contracts	Run npm run check	2026-09-10T06:01:44.0555746Z (pass) type rejection: replacement-views.ts [1096.53ms]
contracts	Run npm run check	2026-09-10T06:01:45.5924412Z (pass) type rejection: selected-scopes.ts [1536.22ms]
contracts	Run npm run check	2026-09-10T06:01:46.6639203Z (pass) type rejection: union-parameter.ts [1072.14ms]
contracts	Run npm run check	2026-09-10T06:01:47.8152289Z (pass) type rejection: inline-fork-dependency-shape.ts [1151.20ms]
contracts	Run npm run check	2026-09-10T06:01:49.2232872Z (pass) type rejection: tokens.ts [1408.09ms]
contracts	Run npm run check	2026-09-10T06:01:50.3055667Z (pass) type rejection: plugins.ts [1081.79ms]
contracts	Run npm run check	2026-09-10T06:01:51.3133522Z (pass) type rejection: symbol-dependency.ts [1008.26ms]
contracts	Run npm run check	2026-09-10T06:01:52.3098141Z (pass) type rejection: template-dependencies.ts [996.41ms]
contracts	Run npm run check	2026-09-10T06:01:53.2886607Z (pass) type rejection: inline-missing.ts [978.81ms]
contracts	Run npm run check	2026-09-10T06:01:54.3358829Z (pass) type rejection: disposable-missing.ts [1047.18ms]
contracts	Run npm run check	2026-09-10T06:01:55.9359652Z (pass) type rejection: aliases.ts [1600.13ms]
contracts	Run npm run check	2026-09-10T06:01:57.2687502Z (pass) type rejection: inline-forward-wrong-shape.ts [1332.76ms]
contracts	Run npm run check	2026-09-10T06:01:58.4739424Z (pass) type rejection: module-exports.ts [1205.23ms]
contracts	Run npm run check	2026-09-10T06:02:00.3971763Z (pass) type rejection: lifetimes.ts [1923.19ms]
contracts	Run npm run check	2026-09-10T06:02:01.5971706Z (pass) type rejection: token-modules.ts [1199.97ms]
contracts	Run npm run check	2026-09-10T06:02:02.7208042Z (pass) type rejection: module-wrong-shape.ts [1123.54ms]
contracts	Run npm run check	2026-09-10T06:02:03.7439723Z (pass) type rejection: fork-explicit-generics.ts [1023.19ms]
contracts	Run npm run check	2026-09-10T06:02:04.8344696Z (pass) type rejection: module-rename.ts [1090.46ms]
contracts	Run npm run check	2026-09-10T06:02:05.9321573Z (pass) type rejection: provider-unions.ts [1097.70ms]
contracts	Run npm run check	2026-09-10T06:02:06.9134603Z (pass) type rejection: indexed-registrations.ts [981.25ms]
contracts	Run npm run check	2026-09-10T06:02:08.0275603Z (pass) type rejection: provider-module-metadata.ts [1114.08ms]
contracts	Run npm run check	2026-09-10T06:02:09.0301554Z (pass) type rejection: observers.ts [1002.57ms]
contracts	Run npm run check	2026-09-10T06:02:10.0606590Z (pass) type rejection: prototype-registrations.ts [1030.49ms]
contracts	Run npm run check	2026-09-10T06:02:11.0934564Z (pass) type rejection: disposer-promise.ts [1032.76ms]
contracts	Run npm run check	2026-09-10T06:02:11.0935119Z 
contracts	Run npm run check	2026-09-10T06:02:11.0935710Z ##[endgroup]
contracts	Run npm run check	2026-09-10T06:02:11.0937204Z 
contracts	Run npm run check	2026-09-10T06:02:11.0937602Z ##[group]tests/modules.test.ts:
contracts	Run npm run check	2026-09-10T06:02:11.1105444Z (pass) a module private retry keeps the caught failed attempt separate [2.38ms]
contracts	Run npm run check	2026-09-10T06:02:11.1131150Z (pass) module private dependencies follow exported replacements and fresh forks [1.62ms]
contracts	Run npm run check	2026-09-10T06:02:11.1146458Z (pass) renamed repeated installations isolate private instances and cleanup [0.63ms]
contracts	Run npm run check	2026-09-10T06:02:11.1171197Z (pass) rename preserves original parameter names even when an export takes a private name [0.65ms]
contracts	Run npm run check	2026-09-10T06:02:11.1172453Z (pass) invalid installations and export views fail atomically and reject forged modules [1.02ms]
contracts	Run npm run check	2026-09-10T06:02:11.1173616Z (pass) exports use indexed tuple snapshots and preserve hidden local registrations [0.66ms]
contracts	Run npm run check	2026-09-10T06:02:11.1175079Z (pass) module promise identity, retry and post-await cycle diagnostics use the host runtime [0.84ms]
contracts	Run npm run check	2026-09-10T06:02:11.1176232Z (pass) renaming an export leaves an unrelated external requirement at its original slot [0.38ms]
contracts	Run npm run check	2026-09-10T06:02:11.1177206Z (pass) module providers can be replaced before sealing without mutating earlier views [0.42ms]
contracts	Run npm run check	2026-09-10T06:02:11.1178383Z (pass) close drains module acquisitions that discover private and host dependencies after await [0.77ms]
contracts	Run npm run check	2026-09-10T06:02:11.1179008Z 
contracts	Run npm run check	2026-09-10T06:02:11.1179470Z ##[endgroup]
contracts	Run npm run check	2026-09-10T06:02:11.1179657Z 
contracts	Run npm run check	2026-09-10T06:02:11.1180057Z ##[group]tests/lifetime-declarations.test.ts:
contracts	Run npm run check	2026-09-10T06:02:11.1245068Z (pass) lifetime replacement preserves the source and owned stages [0.30ms]
contracts	Run npm run check	2026-09-10T06:02:11.1274894Z (pass) invalid lifetime declarations fail before evaluating factories or option getters [0.30ms]
contracts	Run npm run check	2026-09-10T06:02:11.1276404Z (pass) options are read once and snapshotted, and replacement clears capture [0.11ms]
contracts	Run npm run check	2026-09-10T06:02:11.1304925Z (pass) all provider transformations retain the immutable policy [0.28ms]
contracts	Run npm run check	2026-09-10T06:02:11.1328259Z 
contracts	Run npm run check	2026-09-10T06:02:11.1329149Z ##[endgroup]
contracts	Run npm run check	2026-09-10T06:02:11.1329550Z 
contracts	Run npm run check	2026-09-10T06:02:11.1330123Z ##[group]tests/type-scale.test.ts:
contracts	Run npm run check	2026-09-10T06:02:12.2894768Z (pass) type scale: 100 bulk providers preserve consumer types [1164.72ms]
contracts	Run npm run check	2026-09-10T06:02:14.8778833Z (pass) type scale: 100 chained providers preserve consumer types [2588.45ms]
contracts	Run npm run check	2026-09-10T06:02:17.9903112Z (pass) type scale: 100 replacement providers preserve consumer types [3112.40ms]
contracts	Run npm run check	2026-09-10T06:02:24.6607211Z (pass) type scale: 1000 grouped providers preserve consumer types [6670.39ms]
contracts	Run npm run check	2026-09-10T06:02:25.8679361Z (pass) type scale: bulk rejects missing at the graph boundary [1207.21ms]
contracts	Run npm run check	2026-09-10T06:02:27.0882573Z (pass) type scale: bulk rejects wrong-shape at the graph boundary [1220.25ms]
contracts	Run npm run check	2026-09-10T06:02:29.4965346Z (pass) type scale: chained rejects missing at the graph boundary [2406.52ms]
contracts	Run npm run check	2026-09-10T06:02:32.2704619Z (pass) type scale: chained rejects wrong-shape at the graph boundary [2775.64ms]
contracts	Run npm run check	2026-09-10T06:02:39.1885512Z (pass) type scale: grouped rejects missing at the graph boundary [6916.32ms]
contracts	Run npm run check	2026-09-10T06:02:46.0102996Z (pass) type scale: grouped rejects wrong-shape at the graph boundary [6823.47ms]
contracts	Run npm run check	2026-09-10T06:02:48.9656051Z (pass) type scale: replacement rejects missing at the graph boundary [2955.29ms]
contracts	Run npm run check	2026-09-10T06:02:52.2425491Z (pass) type scale: replacement rejects wrong-shape at the graph boundary [3273.67ms]
contracts	Run npm run check	2026-09-10T06:03:21.3808963Z (pass) type scale: 1000 providers from reusable named modules: valid [29141.58ms]
contracts	Run npm run check	2026-09-10T06:03:49.1577892Z (pass) type scale: 1000 providers from reusable named modules: missing [27776.83ms]
contracts	Run npm run check	2026-09-10T06:04:17.7691296Z (pass) type scale: 1000 providers from reusable named modules: wrong-shape [28611.35ms]
contracts	Run npm run check	2026-09-10T06:04:17.7795230Z 
contracts	Run npm run check	2026-09-10T06:04:17.7795937Z ##[endgroup]
contracts	Run npm run check	2026-09-10T06:04:17.7802005Z 
contracts	Run npm run check	2026-09-10T06:04:17.7802541Z ##[group]tests/lifetimes.test.ts:
contracts	Run npm run check	2026-09-10T06:04:17.7848394Z (pass) root, scoped and transient identity have distinct ownership [2.35ms]
contracts	Run npm run check	2026-09-10T06:04:17.7855223Z (pass) child-first roots capture dependencies in the root owner through grandchildren and forks [0.66ms]
contracts	Run npm run check	2026-09-10T06:04:17.7861777Z (pass) same-object transients own separate attempts and preserve every cleanup cause [0.65ms]
contracts	Run npm run check	2026-09-10T06:04:17.7869401Z (pass) raw and native lifetimes retain original pending promises and classification [0.76ms]
contracts	Run npm run check	2026-09-10T06:04:17.7875128Z (pass) failed root cache entries retry across children with new acquisition identities [0.52ms]
contracts	Run npm run check	2026-09-10T06:04:17.7878040Z (pass) public synchronous transient reentrancy is rejected before a second factory invocation [0.34ms]
contracts	Run npm run check	2026-09-10T06:04:17.7881424Z (pass) pure transient post-await ancestry rejects repeated construction [0.34ms]
contracts	Run npm run check	2026-09-10T06:04:17.7885075Z (pass) mixed cached and transient post-await cycles preserve acquisition graph detection [0.34ms]
contracts	Run npm run check	2026-09-10T06:04:17.7887865Z (pass) independent pending transient calls are distinct nonrecursive acquisitions [0.27ms]
contracts	Run npm run check	2026-09-10T06:04:17.7890233Z (pass) a ready transient proxy may create a fresh instance on each later method call [0.22ms]
contracts	Run npm run check	2026-09-10T06:04:17.7905369Z (pass) pending child work acquires roots during parent close and root cleanup follows child cleanup [0.60ms]
contracts	Run npm run check	2026-09-10T06:04:17.7924823Z (pass) strict roots reject new scoped reads directly [0.37ms]
contracts	Run npm run check	2026-09-10T06:04:17.7945115Z (pass) strict roots reject new scoped reads through a transient [0.16ms]
contracts	Run npm run check	2026-09-10T06:04:17.7954905Z (pass) strict roots reject cached scoped reads directly [0.15ms]
contracts	Run npm run check	2026-09-10T06:04:17.7955946Z (pass) strict roots reject cached scoped reads through a transient [0.09ms]
contracts	Run npm run check	2026-09-10T06:04:17.7957193Z (pass) strict capture boundaries survive await and ready transient methods [0.55ms]
contracts	Run npm run check	2026-09-10T06:04:17.7958486Z (pass) strict roots can consume capturing roots without inheriting their permission [0.30ms]
contracts	Run npm run check	2026-09-10T06:04:17.7959760Z (pass) token captive reads reject at the observed edge before scoped creation [0.52ms]
contracts	Run npm run check	2026-09-10T06:04:17.7961172Z (pass) renamed module exports retain private root and transient ownership despite public collisions [1.26ms]
contracts	Run npm run check	2026-09-10T06:04:17.7962615Z (pass) private module scoped capture rejects despite an identically named public root [0.55ms]
contracts	Run npm run check	2026-09-10T06:04:17.7964163Z (pass) failed root rollback and retry retain distinct ownership across child consumers [1.05ms]
contracts	Run npm run check	2026-09-10T06:04:17.7965502Z (pass) child close releases its attempts while a child-first root remains pending [0.44ms]
contracts	Run npm run check	2026-09-10T06:04:17.7967421Z (pass) completed child and retired proxies cannot borrow another attempt closing permission for root reads [0.38ms]
contracts	Run npm run check	2026-09-10T06:04:17.7968940Z (pass) pending source permission survives a ready projection when routing late roots [0.40ms]
contracts	Run npm run check	2026-09-10T06:04:17.7970466Z (pass) family retirement removes cross-owner incoming edges but preserves outgoing rollback dependencies [0.23ms]
contracts	Run npm run check	2026-09-10T06:04:17.7971977Z (pass) retired transient ancestry does not block a retained proxy from retrying its binding [0.28ms]
contracts	Run npm run check	2026-09-10T06:04:17.7973490Z (pass) token roots retain family ownership through a transient token consumer and independent override [0.44ms]
contracts	Run npm run check	2026-09-10T06:04:17.7975192Z (pass) pending source permission survives failed projection rollback for late root reads [0.34ms]
contracts	Run npm run check	2026-09-10T06:04:17.7975980Z 
contracts	Run npm run check	2026-09-10T06:04:17.7976593Z ##[endgroup]
contracts	Run npm run check	2026-09-10T06:04:17.7979224Z 
contracts	Run npm run check	2026-09-10T06:04:17.8003002Z ##[group]tests/dependency-references.test.ts:
contracts	Run npm run check	2026-09-10T06:04:17.8004073Z (pass) optional absence is distinct from a present undefined acquisition [0.75ms]
contracts	Run npm run check	2026-09-10T06:04:17.8032836Z (pass) optional factory failures and native rejections propagate and retry [0.56ms]
contracts	Run npm run check	2026-09-10T06:04:17.8035006Z (pass) lazy scoped dependencies defer construction and retain invocation ownership [0.48ms]
contracts	Run npm run check	2026-09-10T06:04:17.8036185Z (pass) lazy root dependencies defer construction and retain invocation ownership [0.20ms]
contracts	Run npm run check	2026-09-10T06:04:17.8037376Z (pass) lazy transient dependencies defer construction and retain invocation ownership [0.15ms]
contracts	Run npm run check	2026-09-10T06:04:17.8038588Z (pass) all adapters snapshot mixed references by index and authenticate every handle [1.23ms]
contracts	Run npm run check	2026-09-10T06:04:17.8039865Z (pass) lazy reads preserve lexical private tokens, export renames and external optional absence [0.45ms]
contracts	Run npm run check	2026-09-10T06:04:17.8041112Z (pass) lazy closures use shared/root owner context and independent fork overrides [0.66ms]
contracts	Run npm run check	2026-09-10T06:04:17.8047240Z (pass) raw and native references preserve Promise identity and disposal values [0.56ms]
contracts	Run npm run check	2026-09-10T06:04:17.8054333Z (pass) optional synchronous and post-await cycles propagate [0.54ms]
contracts	Run npm run check	2026-09-10T06:04:17.8055944Z (pass) lazy synchronous and post-await cycles propagate [0.37ms]
contracts	Run npm run check	2026-09-10T06:04:17.8064562Z (pass) lazy closure shutdown admission belongs to the capturing source attempt [0.78ms]
contracts	Run npm run check	2026-09-10T06:04:17.8066868Z (pass) observed reference reads retain strict root checks before routing [0.27ms]
contracts	Run npm run check	2026-09-10T06:04:17.8072647Z (pass) lazy reads detect a cycle between already ready consumers [0.30ms]
contracts	Run npm run check	2026-09-10T06:04:17.8074497Z (pass) a pending projection does not extend a lazy source shutdown admission [0.42ms]
contracts	Run npm run check	2026-09-10T06:04:17.8079597Z (pass) root explicit capture and optional reads retain the root lexical context [0.48ms]
contracts	Run npm run check	2026-09-10T06:04:17.8080175Z 
contracts	Run npm run check	2026-09-10T06:04:17.8080607Z ##[endgroup]
contracts	Run npm run check	2026-09-10T06:04:17.8086203Z 
contracts	Run npm run check	2026-09-10T06:04:17.8086649Z ##[group]tests/acquisition-mode.test.ts:
contracts	Run npm run check	2026-09-10T06:04:17.8101128Z (pass) close waits for a native acquisition with shadowed then at source [0.28ms]
contracts	Run npm run check	2026-09-10T06:04:17.8106676Z (pass) close waits for a native acquisition with shadowed then at projection [0.51ms]
contracts	Run npm run check	2026-09-10T06:04:17.8108089Z (pass) close waits for a native acquisition with shadowed then at metadata [0.23ms]
contracts	Run npm run check	2026-09-10T06:04:17.8111865Z (pass) unconfigured core preflights every stage and private module before any factory effects [0.34ms]
contracts	Run npm run check	2026-09-10T06:04:17.8119273Z (pass) facades snapshot and isolate their predicate, carrying it through builders and forks [0.71ms]
contracts	Run npm run check	2026-09-10T06:04:17.8122873Z (pass) invalid configuration, modes and classifier results fail explicitly [0.39ms]
contracts	Run npm run check	2026-09-10T06:04:17.8129947Z (pass) automatic ordinary values preserve the then-presence guard [0.24ms]
contracts	Run npm run check	2026-09-10T06:04:17.8149262Z (pass) raw Promise and then-getter values retain exact ownership without observation or waiting [0.33ms]
contracts	Run npm run check	2026-09-10T06:04:17.8150953Z (pass) explicit native and async projections work without a classifier and preserve previous owners [0.69ms]
contracts	Run npm run check	2026-09-10T06:04:17.8152603Z (pass) auto observes local native state with non-callable then [0.27ms]
contracts	Run npm run check	2026-09-10T06:04:17.8153678Z (pass) native observes local native state with non-callable then [0.07ms]
contracts	Run npm run check	2026-09-10T06:04:17.8154969Z (pass) auto observes foreign native state with non-callable then [0.72ms]
contracts	Run npm run check	2026-09-10T06:04:17.8156077Z (pass) native observes foreign native state with non-callable then [0.65ms]
contracts	Run npm run check	2026-09-10T06:04:17.8163642Z (pass) native metadata preserves raw presence records and explicit payload projection [0.51ms]
contracts	Run npm run check	2026-09-10T06:04:17.8165285Z (pass) async metadata retains a native output contract without a portable classifier [0.31ms]
contracts	Run npm run check	2026-09-10T06:04:17.8166041Z 
contracts	Run npm run check	2026-09-10T06:04:17.8166614Z ##[endgroup]
contracts	Run npm run check	2026-09-10T06:04:17.8168463Z 
contracts	Run npm run check	2026-09-10T06:04:17.8169016Z ##[group]tests/contributions.test.ts:
contracts	Run npm run check	2026-09-10T06:04:17.8214885Z (pass) contributions preserve order, empty reads and array immutability [0.43ms]
contracts	Run npm run check	2026-09-10T06:04:17.8216311Z (pass) host and repeated exportless modules append distinct lexical bindings [0.90ms]
contracts	Run npm run check	2026-09-10T06:04:17.8235517Z (pass) all adapters select frozen arrays and retain module export renames [0.57ms]
contracts	Run npm run check	2026-09-10T06:04:17.8236829Z (pass) root scoped and transient contributions retain individual ownership [0.43ms]
contracts	Run npm run check	2026-09-10T06:04:17.8238211Z (pass) shared aggregate borrows the parent graph while a lazy registry reads its local graph [0.74ms]
contracts	Run npm run check	2026-09-10T06:04:17.8239629Z (pass) partial failure retains accepted ownership and retries only failed contributors [0.35ms]
contracts	Run npm run check	2026-09-10T06:04:17.8241003Z (pass) pending native and raw promises preserve identity and disposal payloads [0.62ms]
contracts	Run npm run check	2026-09-10T06:04:17.8242179Z (pass) self collections participate in ordinary cycle detection [0.28ms]
contracts	Run npm run check	2026-09-10T06:04:17.8243410Z (pass) inspection is immutable nonresolving and does not freeze application values [0.38ms]
contracts	Run npm run check	2026-09-10T06:04:17.8244870Z (pass) forged tokens references and providers reject before provider effects [0.78ms]
contracts	Run npm run check	2026-09-10T06:04:17.8246272Z (pass) cooperative lazy registries admit late collection reads only for their in-flight source [0.70ms]
contracts	Run npm run check	2026-09-10T06:04:17.8253297Z (pass) observed strict roots reject cached scoped contributions before owner routing [0.46ms]
contracts	Run npm run check	2026-09-10T06:04:17.8255412Z (pass) startup failure rolls back accepted contribution ownership [0.63ms]
contracts	Run npm run check	2026-09-10T06:04:17.8255916Z 
contracts	Run npm run check	2026-09-10T06:04:17.8256340Z ##[endgroup]
contracts	Run npm run check	2026-09-10T06:04:17.8262634Z 
contracts	Run npm run check	2026-09-10T06:04:17.8263431Z ##[group]tests/persistent-module.test.ts:
contracts	Run npm run check	2026-09-10T06:04:17.8301886Z (pass) one module update does not revisit its existing registration table [3.38ms]
contracts	Run npm run check	2026-09-10T06:04:17.8312230Z (pass) module updates preserve declaration positions, earlier builders and renamed lexical exports [1.03ms]
contracts	Run npm run check	2026-09-10T06:04:17.8313148Z 
contracts	Run npm run check	2026-09-10T06:04:17.8313716Z ##[endgroup]
contracts	Run npm run check	2026-09-10T06:04:17.8318635Z 
contracts	Run npm run check	2026-09-10T06:04:17.8319268Z ##[group]tests/runtime-benchmark-child.test.ts:
contracts	Run npm run check	2026-09-10T06:04:17.8341716Z (pass) build-close constructs 10 registrations without acquiring them [1.14ms]
contracts	Run npm run check	2026-09-10T06:04:17.8347489Z (pass) cold-linear-resolve acquires each of 10 factories once [0.60ms]
contracts	Run npm run check	2026-09-10T06:04:17.8351155Z (pass) warm-root-resolve excludes priming and observes one cached terminal value at 10 [0.34ms]
contracts	Run npm run check	2026-09-10T06:04:17.8358791Z (pass) scope-resolve-close verifies child work after its timed operation at 10 [0.71ms]
contracts	Run npm run check	2026-09-10T06:04:17.8364818Z (pass) transient-resolve-close verifies 10 distinct owned values in reverse cleanup order [0.58ms]
contracts	Run npm run check	2026-09-10T06:04:17.8369850Z (pass) raw-promise-identity retains the exact raw Promise through resolution and disposal at 10 [0.35ms]
contracts	Run npm run check	2026-09-10T06:04:17.8371391Z (pass) node-native-promise awaits the native Promise and disposes its fulfillment at 10 [0.31ms]
contracts	Run npm run check	2026-09-10T06:04:17.8379385Z (pass) build-close constructs 100 registrations without acquiring them [0.78ms]
contracts	Run npm run check	2026-09-10T06:04:17.8389672Z (pass) cold-linear-resolve acquires each of 100 factories once [1.01ms]
contracts	Run npm run check	2026-09-10T06:04:17.8407711Z (pass) warm-root-resolve excludes priming and observes one cached terminal value at 100 [1.31ms]
contracts	Run npm run check	2026-09-10T06:04:17.8416263Z (pass) scope-resolve-close verifies child work after its timed operation at 100 [1.33ms]
contracts	Run npm run check	2026-09-10T06:04:17.8431203Z (pass) transient-resolve-close verifies 100 distinct owned values in reverse cleanup order [1.36ms]
contracts	Run npm run check	2026-09-10T06:04:17.8435832Z (pass) raw-promise-identity retains the exact raw Promise through resolution and disposal at 100 [0.60ms]
contracts	Run npm run check	2026-09-10T06:04:17.8453444Z (pass) node-native-promise awaits the native Promise and disposes its fulfillment at 100 [0.72ms]
contracts	Run npm run check	2026-09-10T06:04:17.8454590Z (pass) scenario preparation rejects unsupported provider counts [0.21ms]
contracts	Run npm run check	2026-09-10T06:04:17.8455388Z (pass) parent expectations cover the complete fixed scenario matrix [0.12ms]
contracts	Run npm run check	2026-09-10T06:04:17.8456163Z (pass) verification rejects a timed result from another preparation [0.36ms]
contracts	Run npm run check	2026-09-10T06:04:17.8457047Z (pass) child argument parser accepts one exact request and rejects malformed or extra input [0.21ms]
contracts	Run npm run check	2026-09-10T06:04:17.8457576Z 
contracts	Run npm run check	2026-09-10T06:04:17.8457974Z ##[endgroup]
contracts	Run npm run check	2026-09-10T06:04:17.8460256Z 
contracts	Run npm run check	2026-09-10T06:04:17.8460644Z ##[group]tests/aliases.test.ts:
contracts	Run npm run check	2026-09-10T06:04:17.8479942Z (pass) named aliases preserve exact canonical object and immutable history [0.29ms]
contracts	Run npm run check	2026-09-10T06:04:17.8484520Z (pass) all token and name combinations and forward token requirements route identically [0.33ms]
contracts	Run npm run check	2026-09-10T06:04:17.8485970Z (pass) aliases preserve explicit raw and native promises without classification [0.32ms]
contracts	Run npm run check	2026-09-10T06:04:17.8491033Z (pass) transient aliases add no ownership and record actual target disposal edges [0.44ms]
contracts	Run npm run check	2026-09-10T06:04:17.8495542Z (pass) module aliases retain private targets and export renames under host collisions [0.49ms]
contracts	Run npm run check	2026-09-10T06:04:17.8502835Z (pass) selected sharing routes alias through parent graph while independent overrides follow child graph [0.64ms]
contracts	Run npm run check	2026-09-10T06:04:17.8506363Z (pass) runtime rejects transient sharing and root captures through aliases before invoking target [0.42ms]
contracts	Run npm run check	2026-09-10T06:04:17.8509675Z (pass) alias inspection reports direct target and canonical attempts without stale target metadata [0.32ms]
contracts	Run npm run check	2026-09-10T06:04:17.8512456Z (pass) alias cycles retain a useful lexical path [0.30ms]
contracts	Run npm run check	2026-09-10T06:04:17.8519354Z (pass) runtime rejects invalid alias selections without changing the builder [0.61ms]
contracts	Run npm run check	2026-09-10T06:04:17.8526783Z (pass) startup through an alias waits for final readiness and retries failed canonical acquisitions [0.70ms]
contracts	Run npm run check	2026-09-10T06:04:17.8536877Z (pass) shared alias inspection identifies its parent target despite a child override [1.02ms]
contracts	Run npm run check	2026-09-10T06:04:17.8539178Z (pass) aliases of root targets retain the root graph under child overrides [0.28ms]
contracts	Run npm run check	2026-09-10T06:04:17.8545875Z (pass) in-flight sources may read aliases while closing and retained reads close with the canonical owner [0.60ms]
contracts	Run npm run check	2026-09-10T06:04:17.8550267Z (pass) module token aliases preserve private identity and external host requirements [0.43ms]
contracts	Run npm run check	2026-09-10T06:04:17.8553680Z (pass) exported target replacements and renames remain visible through module aliases [0.38ms]
contracts	Run npm run check	2026-09-10T06:04:17.8560261Z (pass) re-sharing aliases keeps parent policy while fresh grandchildren and forks use local targets [0.51ms]
contracts	Run npm run check	2026-09-10T06:04:17.8568533Z (pass) strict roots use the effective shared alias policy in both lifetime directions [0.90ms]
contracts	Run npm run check	2026-09-10T06:04:17.8572891Z (pass) raw aliases do not inspect then getters or add cancellation contexts [0.48ms]
contracts	Run npm run check	2026-09-10T06:04:17.8573362Z 
contracts	Run npm run check	2026-09-10T06:04:17.8573760Z ##[endgroup]
contracts	Run npm run check	2026-09-10T06:04:17.8576747Z 
contracts	Run npm run check	2026-09-10T06:04:17.8577177Z ##[group]tests/platform/browser-worker.test.ts:
contracts	Run npm run check	2026-09-10T06:04:17.8622219Z (pass) browser metafile accepts only the installed root export and package-local dependencies [3.00ms]
contracts	Run npm run check	2026-09-10T06:04:17.8679843Z (pass) browser bundle validation rejects stale bytes, sizes, gzip size, metafile and root identity [5.74ms]
contracts	Run npm run check	2026-09-10T06:04:17.8683561Z (pass) Worker protocol accepts exactly one structured portable result and rejects hostile transcripts [0.43ms]
contracts	Run npm run check	2026-09-10T06:04:17.9992575Z (pass) browser Worker lane rechecks the artifact before execution and maps protocol failures [130.72ms]
contracts	Run npm run check	2026-09-10T06:04:18.0505758Z (pass) explicitly unprovisioned browser tools stay unavailable without archive or bundle fallback [51.40ms]
contracts	Run npm run check	2026-09-10T06:04:18.2974353Z (pass) provisioned browser tools execute the real packed archive lane [246.80ms]
contracts	Run npm run check	2026-09-10T06:04:18.2974960Z 
contracts	Run npm run check	2026-09-10T06:04:18.2975448Z ##[endgroup]
contracts	Run npm run check	2026-09-10T06:04:18.2975648Z 
contracts	Run npm run check	2026-09-10T06:04:18.2975800Z 1 tests failed:
contracts	Run npm run check	2026-09-10T06:04:18.2976876Z (fail) archive verifier > installs owned verified bytes and passes real Node/Bun, CJS/ESM, core-only, and declaration oracles [2618.63ms]
contracts	Run npm run check	2026-09-10T06:04:18.2977633Z 
contracts	Run npm run check	2026-09-10T06:04:18.2977760Z  926 pass
contracts	Run npm run check	2026-09-10T06:04:18.2978031Z  1 fail
contracts	Run npm run check	2026-09-10T06:04:18.2978326Z  18813 expect() calls
contracts	Run npm run check	2026-09-10T06:04:18.2978796Z Ran 927 tests across 55 files. [653.61s]
contracts	Run npm run check	2026-09-10T06:04:18.8889122Z ##[error]Process completed with exit code 1.
